-6.549197746093317340e-02 -4.395333135256103696e-01 8.958354868512167224e-01 0.000000000000000000e+00 -9.975449440231497489e-01 6.537989891803032590e-03 -6.971988907394907620e-02 0.000000000000000000e+00 2.478724576539993035e-02 -8.982024310943194090e-01 -4.388825307868235437e-01 0.000000000000000000e+00 -2.079152612267548328e+00 1.057256321265936938e+00 5.011829755193221159e-01 1.000000000000000000e+00
-6.541658219171105071e-02 -4.394080326476619835e-01 8.959024859708537569e-01 0.000000000000000000e+00 -9.975498836504668176e-01 6.497036951802112256e-03 -6.965210717360735548e-02 0.000000000000000000e+00 2.478498121092514994e-02 -8.982639299817793965e-01 -4.387566924958679615e-01 0.000000000000000000e+00 -2.079287471365267148e+00 1.055686482252439440e+00 5.046010428193202779e-01 1.000000000000000000e+00
-6.529172720971648802e-02 -4.392016494375111657e-01 8.960128329323441276e-01 0.000000000000000000e+00 -9.975581438213257934e-01 6.429319835339663072e-03 -6.953982137456528323e-02 0.000000000000000000e+00 2.478124744536161841e-02 -8.983653269394928920e-01 -4.385491949220405306e-01 0.000000000000000000e+00 -2.079420429103788326e+00 1.054121961961940412e+00 5.080164399336097869e-01 1.000000000000000000e+00
-6.511811643922776893e-02 -4.389153594867651886e-01 8.961656669166189193e-01 0.000000000000000000e+00 -9.975696526316325530e-01 6.335284755015417428e-03 -6.938363866469851593e-02 0.000000000000000000e+00 2.477607615985580325e-02 -8.985059553399886711e-01 -4.382613287671142110e-01 0.000000000000000000e+00 -2.079551144792689321e+00 1.052563526422217954e+00 5.114297858991856405e-01 1.000000000000000000e+00
-6.489634308623000447e-02 -4.385510116339395026e-01 8.963600787401027059e-01 0.000000000000000000e+00 -9.975843405443880485e-01 6.215409041016394139e-03 -6.918405357766166386e-02 0.000000000000000000e+00 2.476949055731678118e-02 -8.986846199701288285e-01 -4.378951392912645568e-01 0.000000000000000000e+00 -2.079678560302261836e+00 1.051011589026182191e+00 5.148429990673852874e-01 1.000000000000000000e+00
-6.462710747195424266e-02 -4.381101850960638089e-01 8.965950285647255047e-01 0.000000000000000000e+00 -9.976019892177243609e-01 6.070197756433684186e-03 -6.894165080586336924e-02 0.000000000000000000e+00 2.476152540891104342e-02 -8.989006191316385452e-01 -4.374520792521884860e-01 0.000000000000000000e+00 -2.079802296579241538e+00 1.049466896897100376e+00 5.182568757311910579e-01 1.000000000000000000e+00
-6.431102380104286587e-02 -4.375947396245182808e-01 8.968695125921832823e-01 0.000000000000000000e+00 -9.976225617162268744e-01 5.900167291673037717e-03 -6.865690090014960056e-02 0.000000000000000000e+00 2.475221387505594298e-02 -8.991528066323259960e-01 -4.369340108889475660e-01 0.000000000000000000e+00 -2.079921393559998055e+00 1.047929714074419261e+00 5.216730544060912411e-01 1.000000000000000000e+00
-6.394890610589981650e-02 -4.370058125692642959e-01 8.971824936045956767e-01 0.000000000000000000e+00 -9.976461604123648685e-01 5.705892481953097825e-03 -6.833047317502567719e-02 0.000000000000000000e+00 2.474158369232874050e-02 -8.994403999530732330e-01 -4.363422295044708243e-01 0.000000000000000000e+00 -2.080035915805552360e+00 1.046400862601034376e+00 5.250919137288660998e-01 1.000000000000000000e+00
-6.354122904666464899e-02 -4.363454959713691794e-01 8.975327298746275106e-01 0.000000000000000000e+00 -9.976725025081802922e-01 5.487876587380009254e-03 -6.796270746491878123e-02 0.000000000000000000e+00 2.472966885201414652e-02 -8.997623770271518939e-01 -4.356787522000394874e-01 0.000000000000000000e+00 -2.080144882819907171e+00 1.044880864540807641e+00 5.285155551247149308e-01 1.000000000000000000e+00
-6.308882604250150294e-02 -4.356149428594003892e-01 8.979193958663054254e-01 0.000000000000000000e+00 -9.977015483742968094e-01 5.246742110335060084e-03 -6.755426860088332985e-02 0.000000000000000000e+00 2.471649262911466624e-02 -9.001176519824594102e-01 -4.349448435786055223e-01 0.000000000000000000e+00 -2.080248089031597747e+00 1.043370206847220372e+00 5.319443566325997574e-01 1.000000000000000000e+00
-6.259217168943666254e-02 -4.348160360480213260e-01 8.983413151481174364e-01 0.000000000000000000e+00 -9.977332343700433537e-01 4.983004371423293243e-03 -6.710547998862115282e-02 0.000000000000000000e+00 2.470209983735060025e-02 -9.005053450551909755e-01 -4.341425009494491727e-01 0.000000000000000000e+00 -2.080344551283800580e+00 1.041869379067976498e+00 5.353803231850693400e-01 1.000000000000000000e+00
-6.205208738852349692e-02 -4.339502752951815978e-01 8.987973444091073016e-01 0.000000000000000000e+00 -9.977673228455815613e-01 4.697334994043260090e-03 -6.661698330201537566e-02 0.000000000000000000e+00 2.468650521742419765e-02 -9.009244285809006048e-01 -4.332730192623646670e-01 0.000000000000000000e+00 -2.080433906676358635e+00 1.040378933812540430e+00 5.388238363842104972e-01 1.000000000000000000e+00
-6.146915455849661508e-02 -4.330192345497966833e-01 8.992862713767120209e-01 0.000000000000000000e+00 -9.978037782431318226e-01 4.390307583100615078e-03 -6.608919055083299632e-02 0.000000000000000000e+00 2.466974225782848223e-02 -9.013738992323436783e-01 -4.323382465497782601e-01 0.000000000000000000e+00 -2.080515255705786437e+00 1.038899554251807578e+00 5.422765743590270970e-01 1.000000000000000000e+00
-6.084397979036001991e-02 -4.320243537027994019e-01 8.998072092036021319e-01 0.000000000000000000e+00 -9.978424938983345704e-01 4.062510111747713593e-03 -6.552253721040934842e-02 0.000000000000000000e+00 2.465184894153487488e-02 -9.018526131393406198e-01 -4.313396611447292694e-01 0.000000000000000000e+00 -2.080588279642421767e+00 1.037431441492511874e+00 5.457395902038637558e-01 1.000000000000000000e+00
-6.017751076014508926e-02 -4.309674551012199761e-01 9.003587090658144998e-01 0.000000000000000000e+00 -9.978834927423585466e-01 3.714714542590562361e-03 -6.491775311855196851e-02 0.000000000000000000e+00 2.463285720297775719e-02 -9.023596923130478009e-01 -4.302790428962738889e-01 0.000000000000000000e+00 -2.080652988552234461e+00 1.035975516269562302e+00 5.492136460881296145e-01 1.000000000000000000e+00
-5.947008898149386269e-02 -4.298498535147627919e-01 9.009396359054722137e-01 0.000000000000000000e+00 -9.979263865705059189e-01 3.347414694305419960e-03 -6.427501887635221622e-02 0.000000000000000000e+00 2.461278898612787036e-02 -9.028940237739373487e-01 -4.291577499841516263e-01 0.000000000000000000e+00 -2.080532029823269013e+00 1.034528030716525437e+00 5.526984154551808359e-01 1.000000000000000000e+00
-5.872254416838693092e-02 -4.286731713358026830e-01 9.015492395165097816e-01 0.000000000000000000e+00 -9.979711406874581803e-01 2.961323717947472386e-03 -6.359498067691110590e-02 0.000000000000000000e+00 2.459167985374105872e-02 -9.034546495490906048e-01 -4.279776034106325677e-01 0.000000000000000000e+00 -2.080349129439504008e+00 1.033092553731398411e+00 5.561959540297625182e-01 1.000000000000000000e+00
-5.793534975217277949e-02 -4.274390198475547242e-01 9.021858850059417678e-01 0.000000000000000000e+00 -9.980176962252940154e-01 2.557026209472047784e-03 -6.287791392214346631e-02 0.000000000000000000e+00 2.456955588481422176e-02 -9.040404635609718964e-01 -4.267399966037751513e-01 0.000000000000000000e+00 -2.080155703941993561e+00 1.031670462610935424e+00 5.597078277206908314e-01 1.000000000000000000e+00
-5.710945465151005818e-02 -4.261489140734699421e-01 9.028485858482733217e-01 0.000000000000000000e+00 -9.980658740962163877e-01 2.135304744793611095e-03 -6.212455925690295311e-02 0.000000000000000000e+00 2.454645409965073438e-02 -9.046504176665717267e-01 -4.254467665613902994e-01 0.000000000000000000e+00 -2.079951161562362927e+00 1.030262468025414213e+00 5.632348236285086296e-01 1.000000000000000000e+00
-5.624532149402601544e-02 -4.248043072742262449e-01 9.035362410957511470e-01 0.000000000000000000e+00 -9.981154872953514889e-01 1.696729748198673926e-03 -6.133520672709451282e-02 0.000000000000000000e+00 2.452240047166166781e-02 -9.052834121906795373e-01 -4.240993884733380570e-01 0.000000000000000000e+00 -2.079734565749770780e+00 1.028868758803306749e+00 5.667782132251766303e-01 1.000000000000000000e+00
-5.534367341062595286e-02 -4.234069348385182119e-01 9.042475379984101780e-01 0.000000000000000000e+00 -9.981665532763872584e-01 1.242007629528892824e-03 -6.051037638360935722e-02 0.000000000000000000e+00 2.449743020100601104e-02 -9.059385902075786090e-01 -4.226995332591173549e-01 0.000000000000000000e+00 -2.079506181716957780e+00 1.027490015267916501e+00 5.703389498592514872e-01 1.000000000000000000e+00
-5.440519283263850481e-02 -4.219582031991974680e-01 9.049813227387695225e-01 0.000000000000000000e+00 -9.982187322373715643e-01 7.718113099647028446e-04 -5.965055499255450533e-02 0.000000000000000000e+00 2.447156360078938525e-02 -9.066148360797134931e-01 -4.212487508400808434e-01 0.000000000000000000e+00 -2.079264811595485263e+00 1.026126601475857214e+00 5.739178970133788082e-01 1.000000000000000000e+00
-5.343038145159981905e-02 -4.204597897570654386e-01 9.057364640174003778e-01 0.000000000000000000e+00 -9.982721189537721029e-01 2.867425074350028573e-04 -5.875606840587359325e-02 0.000000000000000000e+00 2.444484797786838914e-02 -9.073109778778729595e-01 -4.197487713224703487e-01 0.000000000000000000e+00 -2.079010392337606650e+00 1.024778571226670598e+00 5.775164810306667729e-01 1.000000000000000000e+00
-5.242005995772095611e-02 -4.189132385993989405e-01 9.065118500424101944e-01 0.000000000000000000e+00 -9.983263525202735744e-01 -2.124470821929518743e-04 -5.782752960366394079e-02 0.000000000000000000e+00 2.441730455673974537e-02 -9.080260852854236120e-01 -4.182011335244621986e-01 0.000000000000000000e+00 -2.078741735764618515e+00 1.023446568777676147e+00 5.811353369648296630e-01 1.000000000000000000e+00
-5.137491344847406466e-02 -4.173199846647209776e-01 9.073061957384661591e-01 0.000000000000000000e+00 -9.983812633563384775e-01 -7.250821514333037707e-04 -5.686544176234271247e-02 0.000000000000000000e+00 2.438895541532425104e-02 -9.087591603412253916e-01 -4.166074136286550544e-01 0.000000000000000000e+00 -2.078458741129012743e+00 1.022131017030239342e+00 5.847752357220658004e-01 1.000000000000000000e+00
-5.029544324104703173e-02 -4.156816686917995107e-01 9.081183473099111447e-01 0.000000000000000000e+00 -9.984369986508698780e-01 -1.250566247756177600e-03 -5.587012590841088783e-02 0.000000000000000000e+00 2.435984623510493649e-02 -9.095091369595480479e-01 -4.149692130356468223e-01 0.000000000000000000e+00 -2.078161240887135719e+00 1.020832021300248416e+00 5.884374161175236484e-01 1.000000000000000000e+00
-4.918258655699334764e-02 -4.139999038046545121e-01 9.089472644735667739e-01 0.000000000000000000e+00 -9.984931815011710565e-01 -1.788103640395846900e-03 -5.484231957141885716e-02 0.000000000000000000e+00 2.433000461985912813e-02 -9.102749971017660702e-01 -4.132883129073368633e-01 0.000000000000000000e+00 -2.077848315062097662e+00 1.019550144926378854e+00 5.921224543230356741e-01 1.000000000000000000e+00
-4.803680853106637866e-02 -4.122762291078236330e-01 9.097915010519456169e-01 0.000000000000000000e+00 -9.985497206810448612e-01 -2.337109977286572823e-03 -5.378231884458239270e-02 0.000000000000000000e+00 2.429945470457910497e-02 -9.110557418416558306e-01 -4.115662102839349745e-01 0.000000000000000000e+00 -2.077519533541309471e+00 1.018285388522349955e+00 5.958314074537179872e-01 1.000000000000000000e+00
-4.685858755008372178e-02 -4.105122505945161815e-01 9.106503387996534027e-01 0.000000000000000000e+00 -9.986064627943185279e-01 -2.897005374954327809e-03 -5.269045145363096538e-02 0.000000000000000000e+00 2.426822967879906784e-02 -9.118503283687166006e-01 -4.098046457219350902e-01 0.000000000000000000e+00 -2.077174364822403252e+00 1.017038013392832285e+00 5.995657757540261423e-01 1.000000000000000000e+00
-4.564899451299529731e-02 -4.087095859802666320e-01 9.115221372078861073e-01 0.000000000000000000e+00 -9.986632569717180941e-01 -3.466957178205404104e-03 -5.156756307933010874e-02 0.000000000000000000e+00 2.423636193447457898e-02 -9.126578105518912132e-01 -4.080050976961969722e-01 0.000000000000000000e+00 -2.076762320820295660e+00 1.015808884973594672e+00 6.033214283305323722e-01 1.000000000000000000e+00
-4.440849028490706507e-02 -4.068696588606381392e-01 9.124060855352779109e-01 0.000000000000000000e+00 -9.987198920423505655e-01 -4.046400467935311503e-03 -5.041398430057971586e-02 0.000000000000000000e+00 2.420388020708948845e-02 -9.134771127515485256e-01 -4.061692973915432825e-01 0.000000000000000000e+00 -2.076150709372347691e+00 1.014599008797908430e+00 6.070890177449422831e-01 1.000000000000000000e+00
-4.313767841169282441e-02 -4.049942220711028606e-01 9.133010701154028466e-01 0.000000000000000000e+00 -9.987764422460639890e-01 -4.634714437432668928e-03 -4.923016088769001375e-02 0.000000000000000000e+00 2.417081565968935697e-02 -9.143073484932181527e-01 -4.042989443389979898e-01 0.000000000000000000e+00 -2.075521708507378715e+00 1.013407335802858800e+00 6.108836265987200864e-01 1.000000000000000000e+00
-4.183726880890598077e-02 -4.030849625532018088e-01 9.142058045919461140e-01 0.000000000000000000e+00 -9.988325549429007966e-01 -5.231231891547720447e-03 -4.801663735476002087e-02 0.000000000000000000e+00 2.413720252692330356e-02 -9.151475301246254634e-01 -4.023956972458629933e-01 0.000000000000000000e+00 -2.074874469924676390e+00 1.012233922296285282e+00 6.147058686885540357e-01 1.000000000000000000e+00
-4.050796343117270965e-02 -4.011432289550129759e-01 9.151192019775372666e-01 0.000000000000000000e+00 -9.988881791484295336e-01 -5.835317432313575151e-03 -4.677396164767296666e-02 0.000000000000000000e+00 2.410306601185987357e-02 -9.159966279774651721e-01 -4.004609918061421969e-01 0.000000000000000000e+00 -2.074209006293771917e+00 1.011079077871636311e+00 6.185562693400356027e-01 1.000000000000000000e+00
-3.915037197968142257e-02 -3.991709310461474258e-01 9.160403003075413553e-01 0.000000000000000000e+00 -9.989431546638057879e-01 -6.446361760442867808e-03 -4.550260326613109196e-02 0.000000000000000000e+00 2.406844108140887561e-02 -9.168537276252555213e-01 -3.984968523547471331e-01 0.000000000000000000e+00 -2.073524379141885809e+00 1.009942630455524570e+00 6.224360378829014717e-01 1.000000000000000000e+00
-3.776530250715273707e-02 -3.971694112412779143e-01 9.169678547989422723e-01 0.000000000000000000e+00 -9.989973663150361061e-01 -7.063700458394091795e-03 -4.420322941956381785e-02 0.000000000000000000e+00 2.403335518971935758e-02 -9.177179474483937449e-01 -3.965046089115946137e-01 0.000000000000000000e+00 -2.072820522022256640e+00 1.008825064282752537e+00 6.263452996846731180e-01 1.000000000000000000e+00
-3.635325694223525556e-02 -3.951407207962218671e-01 9.179010192840501015e-01 0.000000000000000000e+00 -9.990507276839233342e-01 -7.686784993919482632e-03 -4.287621173193306712e-02 0.000000000000000000e+00 2.399784211653658086e-02 -9.185883559760895656e-01 -3.944862119560378355e-01 0.000000000000000000e+00 -2.072097117392441845e+00 1.007726084833984848e+00 6.302853857027557183e-01 1.000000000000000000e+00
-3.491504022499120757e-02 -3.930860945996160205e-01 9.188385350469800983e-01 0.000000000000000000e+00 -9.991026528706048460e-01 -8.314970133758238513e-03 -4.152223169260212121e-02 0.000000000000000000e+00 2.396192460267407981e-02 -9.194638746497451054e-01 -3.924432025804384661e-01 0.000000000000000000e+00 -2.071353146873266660e+00 1.006645544232039224e+00 6.342564773521269794e-01 1.000000000000000000e+00
-3.345102714534044230e-02 -3.910072770415133347e-01 9.197794085178877532e-01 0.000000000000000000e+00 -9.991538445628613818e-01 -8.947799398719853345e-03 -4.014156543322325993e-02 0.000000000000000000e+00 2.392564670157884196e-02 -9.203439462750823141e-01 -3.903772176478056410e-01 0.000000000000000000e+00 -2.070589429248821833e+00 1.005583776251496086e+00 6.382598120419329391e-01 1.000000000000000000e+00
-3.196227826657562637e-02 -3.889062518136106039e-01 9.207226722243009309e-01 0.000000000000000000e+00 -9.992032312669768546e-01 -9.584528299951594957e-03 -3.873513132890794158e-02 0.000000000000000000e+00 2.388902220725231534e-02 -9.212273212507301468e-01 -3.882902359379848956e-01 0.000000000000000000e+00 -2.069804269799977892e+00 1.004540279991009255e+00 6.422955882762917401e-01 1.000000000000000000e+00
-3.044928883732345853e-02 -3.867843309221944414e-01 9.216673636942850356e-01 0.000000000000000000e+00 -9.992515747853769614e-01 -1.022469122387460565e-02 -3.730332403095359267e-02 0.000000000000000000e+00 2.385210380954333464e-02 -9.221134169316347329e-01 -3.861835688673793676e-01 0.000000000000000000e+00 -2.068998433181122198e+00 1.003515415873582839e+00 6.463644477666172783e-01 1.000000000000000000e+00
-2.891262304053093812e-02 -3.846432654103032478e-01 9.226123480757761897e-01 0.000000000000000000e+00 -9.992979642600274826e-01 -1.086776170501029676e-02 -3.584664104088500225e-02 0.000000000000000000e+00 2.381489909205350072e-02 -9.230011874560186680e-01 -3.840592002475266553e-01 0.000000000000000000e+00 -2.068170913628495367e+00 1.002508602612427246e+00 6.504674102411330816e-01 1.000000000000000000e+00
-2.735314000771603762e-02 -3.824848492776026787e-01 9.235567254614448496e-01 0.000000000000000000e+00 -9.993427897383746483e-01 -1.151315356730045134e-02 -3.436581895862517166e-02 0.000000000000000000e+00 2.377745260425775942e-02 -9.238898949693858942e-01 -3.819186983799234270e-01 0.000000000000000000e+00 -2.067321817048362931e+00 1.001519757237572028e+00 6.546045598982718206e-01 1.000000000000000000e+00
-2.577118689882705246e-02 -3.803108298975933499e-01 9.244996461487632322e-01 0.000000000000000000e+00 -9.993856394276461330e-01 -1.216046022009355937e-02 -3.286116152182274458e-02 0.000000000000000000e+00 2.373979066362734425e-02 -9.247786350357328766e-01 -3.797640087914339602e-01 0.000000000000000000e+00 -2.066450427518157884e+00 1.000548533131059958e+00 6.587774261429032441e-01 1.000000000000000000e+00
-2.416784677073280027e-02 -3.781227853669938410e-01 9.254399314344604610e-01 0.000000000000000000e+00 -9.994266640278115510e-01 -1.280903272677277015e-02 -3.133363101607214429e-02 0.000000000000000000e+00 2.370195018325095548e-02 -9.256666947697784753e-01 -3.775965874117597765e-01 0.000000000000000000e+00 -2.065475916098078901e+00 9.995976781522180055e-01 6.629725448149540457e-01 1.000000000000000000e+00
-2.254358615271964683e-02 -3.759225744056507446e-01 9.263767687644584026e-01 0.000000000000000000e+00 -9.994655162277897853e-01 -1.345845704858802949e-02 -2.978365746828502691e-02 0.000000000000000000e+00 2.366395046058245716e-02 -9.265532047604305710e-01 -3.754183889458138079e-01 0.000000000000000000e+00 -2.064325454524071901e+00 9.986692748916458084e-01 6.671792499724765735e-01 1.000000000000000000e+00
-2.089900796491943671e-02 -3.737116411771875812e-01 9.273093754065309113e-01 0.000000000000000000e+00 -9.995021446879092109e-01 -1.410830095486400974e-02 -2.821178118605333421e-02 0.000000000000000000e+00 2.362582848522847695e-02 -9.274375076054102163e-01 -3.732308560724572066e-01 0.000000000000000000e+00 -2.063152341114619759e+00 9.977578183354419705e-01 6.714218994022181919e-01 1.000000000000000000e+00
-1.923483068605523830e-02 -3.714920533726147611e-01 9.282367882729822828e-01 0.000000000000000000e+00 -9.995364989749381257e-01 -1.475808132140898378e-02 -2.661867432146067941e-02 0.000000000000000000e+00 2.358761813522530781e-02 -9.283187079907125883e-01 -3.710361068771121373e-01 0.000000000000000000e+00 -2.061956508247149156e+00 9.968627089759399817e-01 6.757013094864567915e-01 1.000000000000000000e+00
-1.755189047034540553e-02 -3.692654238371851361e-01 9.291581191354105762e-01 0.000000000000000000e+00 -9.995683531019514678e-01 -1.540730370254390739e-02 -2.500511190385546617e-02 0.000000000000000000e+00 2.354934290272153383e-02 -9.291961629155033320e-01 -3.688357064116455919e-01 0.000000000000000000e+00 -2.060737568028186750e+00 9.959837393331190114e-01 6.800175322259581767e-01 1.000000000000000000e+00
-1.585066333028327043e-02 -3.670335476810843711e-01 9.300727179946609580e-01 0.000000000000000000e+00 -9.995976799677701585e-01 -1.605562374205277837e-02 -2.337156124055987313e-02 0.000000000000000000e+00 2.351103940716296054e-02 -9.300690247143111877e-01 -3.666315564103013180e-01 0.000000000000000000e+00 -2.059495451890777318e+00 9.951201325791995123e-01 6.843715518350954596e-01 1.000000000000000000e+00
-1.413186925072664260e-02 -3.647982707910116251e-01 9.309792617256335001e-01 0.000000000000000000e+00 -9.996243313829218380e-01 -1.670262269886668011e-02 -2.171869469243849562e-02 0.000000000000000000e+00 2.347273157025035403e-02 -9.309366730006041202e-01 -3.644253000274340626e-01 0.000000000000000000e+00 -2.058229914855000953e+00 9.942714533159190404e-01 6.887635163132721505e-01 1.000000000000000000e+00
-1.239611249034712308e-02 -3.625611893911196981e-01 9.318774577522437319e-01 0.000000000000000000e+00 -9.996482887768993741e-01 -1.734794523119128837e-02 -2.004710727384070509e-02 0.000000000000000000e+00 2.343446123321507590e-02 -9.317983725073327728e-01 -3.622187466683497448e-01 0.000000000000000000e+00 -2.056940971250064365e+00 9.934370463158676001e-01 6.931942378730250320e-01 1.000000000000000000e+00
-1.064422190388089780e-02 -3.603242306267999129e-01 9.327663896089901652e-01 0.000000000000000000e+00 -9.996693567322422203e-01 -1.799117076450749628e-02 -1.835761349591804106e-02 0.000000000000000000e+00 2.339624718107892118e-02 -9.326534816469640443e-01 -3.600136965602691030e-01 0.000000000000000000e+00 -2.055628327413812961e+00 9.926164173120139989e-01 6.976637635634522772e-01 1.000000000000000000e+00
-8.876686913875846477e-03 -3.580891113929391412e-01 9.336452576578185836e-01 0.000000000000000000e+00 -9.996874753600486496e-01 -1.863201650609499702e-02 -1.665069582741522669e-02 0.000000000000000000e+00 2.335812407355316797e-02 -9.335012750406220805e-01 -3.578119858806957931e-01 0.000000000000000000e+00 -2.054291890276651156e+00 9.918086628483280265e-01 7.021730497251011949e-01 1.000000000000000000e+00
-7.094344813992418432e-03 -3.558576447610136140e-01 9.345133079069378734e-01 0.000000000000000000e+00 -9.997027632610673287e-01 -1.927011501397029453e-02 -1.492719138946613580e-02 0.000000000000000000e+00 2.332013019489816846e-02 -9.343413159720455052e-01 -3.556152612805257296e-01 0.000000000000000000e+00 -2.052932050308932332e+00 9.910133901757763875e-01 7.067219969500825316e-01 1.000000000000000000e+00
-5.297791620257823880e-03 -3.536317690136480674e-01 9.353697629626066545e-01 0.000000000000000000e+00 -9.997146377296763919e-01 -1.990517135864723966e-02 -1.318770957137861514e-02 0.000000000000000000e+00 2.328228247113672822e-02 -9.351728299522994448e-01 -3.534254785313798441e-01 0.000000000000000000e+00 -2.051547687537738529e+00 9.902295664605531567e-01 7.113113570922355855e-01 1.000000000000000000e+00
-3.487752129965277902e-03 -3.514132082185054129e-01 9.362139376619655895e-01 0.000000000000000000e+00 -9.997234755498822789e-01 -2.053688873259998729e-02 -1.143299092217667234e-02 0.000000000000000000e+00 2.324462499991465647e-02 -9.359950696598422493e-01 -3.512445190934010419e-01 0.000000000000000000e+00 -2.050139707601969619e+00 9.894562368859247670e-01 7.159415472149027737e-01 1.000000000000000000e+00
-1.664828635840830216e-03 -3.492036899582292020e-01 9.370453609920244009e-01 0.000000000000000000e+00 -9.997290081384426763e-01 -2.116502728234979230e-02 -9.663657717256137272e-03 0.000000000000000000e+00 2.320717388685313021e-02 -9.368076096244981610e-01 -3.490739415257406164e-01 0.000000000000000000e+00 -2.048707646719281517e+00 9.886926878230780646e-01 7.206129196941963855e-01 1.000000000000000000e+00
1.702611689311318616e-04 -3.470052060346187628e-01 9.378631878437526659e-01 0.000000000000000000e+00 -9.997312718164432788e-01 -2.178933612492145802e-02 -7.880466241276468456e-03 0.000000000000000000e+00 2.316997315631813548e-02 -9.376098817091091941e-01 -3.469157384106993369e-01 0.000000000000000000e+00 -2.047251739508456403e+00 9.879379793262814680e-01 7.253258457103682888e-01 1.000000000000000000e+00
2.016912288880633002e-03 -3.448195543435051968e-01 9.386667983491873146e-01 0.000000000000000000e+00 -9.997301340907620570e-01 -2.240960383804975822e-02 -6.084056642098283410e-03 0.000000000000000000e+00 2.313304933048961759e-02 -9.384012937844927738e-01 -3.447717997855474503e-01 0.000000000000000000e+00 -2.045728417044755609e+00 9.871935217033238619e-01 7.300702712771233172e-01 1.000000000000000000e+00
3.874285987789861073e-03 -3.426484743661621923e-01 9.394556197498739047e-01 0.000000000000000000e+00 -9.997254123704574225e-01 -2.302557290224081094e-02 -4.275299537938600548e-03 0.000000000000000000e+00 2.309642720199341429e-02 -9.391813534661785923e-01 -3.426437347461197547e-01 0.000000000000000000e+00 -2.043989758238133003e+00 9.864673632405239756e-01 7.348087891330181698e-01 1.000000000000000000e+00
5.741899245230409725e-03 -3.404940179311491955e-01 9.402291427695652626e-01 0.000000000000000000e+00 -9.997173485772502532e-01 -2.363713286791264967e-02 -2.454747661990280046e-03 0.000000000000000000e+00 2.306014693736411353e-02 -9.399493194618834258e-01 -3.405336264575033467e-01 0.000000000000000000e+00 -2.042227746956385204e+00 9.857464719797683905e-01 7.395895149720356221e-01 1.000000000000000000e+00
7.618911913323598954e-03 -3.383580110065714797e-01 9.409865727808122138e-01 0.000000000000000000e+00 -9.997057796886307246e-01 -2.424407022300296630e-02 -6.232879126797388975e-04 0.000000000000000000e+00 2.302423838185406468e-02 -9.407049929751939432e-01 -3.384432237658128728e-01 0.000000000000000000e+00 -2.040442290960524652e+00 9.850304102966879194e-01 7.444124337122809409e-01 1.000000000000000000e+00
9.504835279968770062e-03 -3.362422394709272400e-01 9.417275421764490506e-01 0.000000000000000000e+00 -9.996902502043840677e-01 -2.484629515786412196e-02 1.218526047060169287e-03 0.000000000000000000e+00 2.298871540085348913e-02 -9.414475774088326698e-01 -3.363743390452226811e-01 0.000000000000000000e+00 -2.038632805515314672e+00 9.843173317606834782e-01 7.492781493165401319e-01 1.000000000000000000e+00
1.139895142943629300e-02 -3.341484695053917875e-01 9.424515286964149086e-01 0.000000000000000000e+00 -9.996712697249775514e-01 -2.544368298006281087e-02 3.069908713742197388e-03 0.000000000000000000e+00 2.295362952598980003e-02 -9.421767673028925705e-01 -3.343287812651153379e-01 0.000000000000000000e+00 -2.036800080346648389e+00 9.836064285486267877e-01 7.541871219488864853e-01 1.000000000000000000e+00
1.330041801534593247e-02 -3.320787991922135030e-01 9.431578747293600795e-01 0.000000000000000000e+00 -9.996485274519720798e-01 -2.603608396682392107e-02 4.929945740508263896e-03 0.000000000000000000e+00 2.291900206861076372e-02 -9.428921692085283635e-01 -3.323085035557179490e-01 0.000000000000000000e+00 -2.034943977513805624e+00 9.828963226579892076e-01 7.591392350479894136e-01 1.000000000000000000e+00
1.520863130661598457e-02 -3.300350027896857830e-01 9.438460645796725723e-01 0.000000000000000000e+00 -9.996221945683434473e-01 -2.662343815272536635e-02 6.797954633278788933e-03 0.000000000000000000e+00 2.288486423617292279e-02 -9.435929851670886714e-01 -3.303153539312829734e-01 0.000000000000000000e+00 -2.033065036886051224e+00 9.821854223049164556e-01 7.641351402870637521e-01 1.000000000000000000e+00
1.712298975017917391e-02 -3.280191697036957676e-01 9.445158539108522433e-01 0.000000000000000000e+00 -9.995919143282729902e-01 -2.720572587564565326e-02 8.673238479631265041e-03 0.000000000000000000e+00 2.285124775280663115e-02 -9.442791550459539440e-01 -3.283512259544841272e-01 0.000000000000000000e+00 -2.031162735345548587e+00 9.814724066516987699e-01 7.691753413860723532e-01 1.000000000000000000e+00
1.904288731334316531e-02 -3.260328376803046102e-01 9.451666262579531130e-01 0.000000000000000000e+00 -9.995579353151078372e-01 -2.778292717720584962e-02 1.055509989588861337e-02 0.000000000000000000e+00 2.281818444493051434e-02 -9.449499388531805710e-01 -3.264179668736506557e-01 0.000000000000000000e+00 -2.029238027507616504e+00 9.807557407430039786e-01 7.742603050160515865e-01 1.000000000000000000e+00
2.096736778266779580e-02 -3.240782595732417115e-01 9.457980299532746660e-01 0.000000000000000000e+00 -9.995202316735930514e-01 -2.835495109141155864e-02 1.244250566612408425e-02 0.000000000000000000e+00 2.278570593933965105e-02 -9.456051401815082080e-01 -3.245174327080213028e-01 0.000000000000000000e+00 -2.027290729535723646e+00 9.800339563599513859e-01 7.793898209011557165e-01 1.000000000000000000e+00
2.289605910343855272e-02 -3.221569551747512361e-01 9.464093508179457492e-01 0.000000000000000000e+00 -9.994786463890130701e-01 -2.892188909809288375e-02 1.433496235236214091e-02 0.000000000000000000e+00 2.275383538336978387e-02 -9.462442017340610967e-01 -3.226512546159400197e-01 0.000000000000000000e+00 -2.025320901165193810e+00 9.793054538424232902e-01 7.845645104473470965e-01 1.000000000000000000e+00
2.482812147629884919e-02 -3.202711387253026620e-01 9.470004934178877232e-01 0.000000000000000000e+00 -9.994332296162561358e-01 -2.948372736302640879e-02 1.623153500858116535e-02 0.000000000000000000e+00 2.272261097054469048e-02 -9.468668640827937466e-01 -3.208217313035644502e-01 0.000000000000000000e+00 -2.023328974793709545e+00 9.785685057939589315e-01 7.897849160222787379e-01 1.000000000000000000e+00
2.676295187793924571e-02 -3.184225600154238500e-01 9.475709999349177792e-01 0.000000000000000000e+00 -9.993839126579316945e-01 -3.004053765974842166e-02 1.813150650230520994e-02 0.000000000000000000e+00 2.269205560464341437e-02 -9.474726196125117239e-01 -3.190305310904824054e-01 0.000000000000000000e+00 -2.021315054015594193e+00 9.778214696296986252e-01 7.950513728987322892e-01 1.000000000000000000e+00
2.869970859497864013e-02 -3.166132261205725218e-01 9.481204185464476852e-01 0.000000000000000000e+00 -9.993308284276019027e-01 -3.059233914448209607e-02 2.003393547475830830e-02 0.000000000000000000e+00 2.266220960326927394e-02 -9.480611847987957530e-01 -3.172794457744839147e-01 0.000000000000000000e+00 -2.019279762436207992e+00 9.770625437270339386e-01 8.003636514618265307e-01 1.000000000000000000e+00
3.063803324137143180e-02 -3.148450933730593815e-01 9.486484854005070577e-01 0.000000000000000000e+00 -9.992740339159837948e-01 -3.113932686887856821e-02 2.193831164279956905e-02 0.000000000000000000e+00 2.263309995734740301e-02 -9.486320531543569468e-01 -3.155706923089766081e-01 0.000000000000000000e+00 -2.017223383547417370e+00 9.762897055641300836e-01 8.057232438575526734e-01 1.000000000000000000e+00
3.257684027905756452e-02 -3.131199334727740591e-01 9.491547227453895896e-01 0.000000000000000000e+00 -9.992133404708182232e-01 -3.168147532481691009e-02 2.384345368224675271e-02 0.000000000000000000e+00 2.260475745106392542e-02 -9.491848808234549795e-01 -3.139057821512542534e-01 0.000000000000000000e+00 -2.014971338636560194e+00 9.755153783999350736e-01 8.110680431906035492e-01 1.000000000000000000e+00
3.451588323604070502e-02 -3.114395637963133789e-01 9.496388858759041707e-01 0.000000000000000000e+00 -9.991489955890716645e-01 -3.221904822720149386e-02 2.574897616367315817e-02 0.000000000000000000e+00 2.257721183451771169e-02 -9.497194629471853444e-01 -3.122866522749056517e-01 0.000000000000000000e+00 -2.012642091470724814e+00 9.747279670068971225e-01 8.164395421180079548e-01 1.000000000000000000e+00
3.645420336465307609e-02 -3.098062090252585166e-01 9.501006303291604782e-01 0.000000000000000000e+00 -9.990808249904283844e-01 -3.275212062834085419e-02 2.765379136018255440e-02 0.000000000000000000e+00 2.255049310364958329e-02 -9.502353297074335181e-01 -3.107154543530804003e-01 0.000000000000000000e+00 -2.010292892696267764e+00 9.739209555896386483e-01 8.218578863753495112e-01 1.000000000000000000e+00
3.839118380106397443e-02 -3.082215483683566348e-01 9.505395781466294824e-01 0.000000000000000000e+00 -9.990086426467343905e-01 -3.328086942985217234e-02 2.955716601845116351e-02 0.000000000000000000e+00 2.252462139827554957e-02 -9.507321032816568041e-01 -3.091938168582122892e-01 0.000000000000000000e+00 -2.007923671778392372e+00 9.730922440683161811e-01 8.273230704826921578e-01 1.000000000000000000e+00
4.032624475735155367e-02 -3.066876396169559427e-01 9.509555250014811723e-01 0.000000000000000000e+00 -9.989329857025507353e-01 -3.380552193284827589e-02 3.145836066935073921e-02 0.000000000000000000e+00 2.249965382570337166e-02 -9.512095673614483493e-01 -3.077237794111908342e-01 0.000000000000000000e+00 -2.005535837100188346e+00 9.722396988703161380e-01 8.328358865603234795e-01 1.000000000000000000e+00
4.225853371529246505e-02 -3.052064031880818429e-01 9.513481316016121347e-01 0.000000000000000000e+00 -9.988535884382847563e-01 -3.432622151883413242e-02 3.335638235402516721e-02 0.000000000000000000e+00 2.247559754585112118e-02 -9.516672849833247572e-01 -3.063071673464242139e-01 0.000000000000000000e+00 -2.003129254481633925e+00 9.713610359024846819e-01 8.383961532523622751e-01 1.000000000000000000e+00
4.418746539934105544e-02 -3.037794787999103518e-01 9.517171017796691723e-01 0.000000000000000000e+00 -9.987708899846484689e-01 -3.484320872927269830e-02 3.525050107030740232e-02 0.000000000000000000e+00 2.245249840949680581e-02 -9.521048654346305762e-01 -3.049457531386143283e-01 0.000000000000000000e+00 -2.000705149637674651e+00 9.704542473391026824e-01 8.440043337191153183e-01 1.000000000000000000e+00
4.611252147926529765e-02 -3.024091880399800147e-01 9.520621347847826321e-01 0.000000000000000000e+00 -9.986840770478992990e-01 -3.535679973186638125e-02 3.714006076353325303e-02 0.000000000000000000e+00 2.243037491944666756e-02 -9.525220883652166792e-01 -3.036417325461701622e-01 0.000000000000000000e+00 -1.998262190977738051e+00 9.695167505539830088e-01 8.496613887628039485e-01 1.000000000000000000e+00
4.803277443331618879e-02 -3.010970905151494903e-01 9.523830135479064429e-01 0.000000000000000000e+00 -9.985941182123286852e-01 -3.586715725511448183e-02 3.902397581086546746e-02 0.000000000000000000e+00 2.240926346684815260e-02 -9.529185941864377618e-01 -3.023966853929212495e-01 0.000000000000000000e+00 -1.995802808339258938e+00 9.685465140434146303e-01 8.553667116337916321e-01 1.000000000000000000e+00
4.994772882985828305e-02 -2.998451843467991873e-01 9.526794862128977748e-01 0.000000000000000000e+00 -9.985005775534535610e-01 -3.637460966523540368e-02 4.090159651170211658e-02 0.000000000000000000e+00 2.238918905870919060e-02 -9.532940105681232401e-01 -3.012125766745982758e-01 0.000000000000000000e+00 -1.993326437275677598e+00 9.675409057817317970e-01 8.611211651257859589e-01 1.000000000000000000e+00
5.185667300058044438e-02 -2.986554837945052387e-01 9.529510954366100517e-01 0.000000000000000000e+00 -9.984037060937384078e-01 -3.687944187573211074e-02 4.277204736420234937e-02 0.000000000000000000e+00 2.237019809665170139e-02 -9.536480283238620848e-01 -3.000912839239489593e-01 0.000000000000000000e+00 -1.990834011971268191e+00 9.664973462138481963e-01 8.669248170928932629e-01 1.000000000000000000e+00
5.375889224909310982e-02 -2.975299413838131124e-01 9.531977285632018404e-01 0.000000000000000000e+00 -9.983037075507399383e-01 -3.738194560221525659e-02 4.463444620596713347e-02 0.000000000000000000e+00 2.235230775395476849e-02 -9.539802534900769793e-01 -2.990348912021661421e-01 0.000000000000000000e+00 -1.988326355123891664e+00 9.654134789831113617e-01 8.727782319419947754e-01 1.000000000000000000e+00
5.565374586498635090e-02 -2.964702923741729390e-01 9.534190627529069983e-01 0.000000000000000000e+00 -9.982000073117058836e-01 -3.788246017887156314e-02 4.648802794580694786e-02 0.000000000000000000e+00 2.233553624934811119e-02 -9.542902596586918529e-01 -2.980450684864905941e-01 0.000000000000000000e+00 -1.985802708232624614e+00 9.642865153339063022e-01 8.786815868039959954e-01 1.000000000000000000e+00
5.754057542572798417e-02 -2.954785020168151921e-01 9.536149999979798286e-01 0.000000000000000000e+00 -9.980934228992507373e-01 -3.838131009129160803e-02 4.833191814710002115e-02 0.000000000000000000e+00 2.231994447744058141e-02 -9.545779432485749227e-01 -2.971237100706932699e-01 0.000000000000000000e+00 -1.983265156181260647e+00 9.631141069392583631e-01 8.846351670846334114e-01 1.000000000000000000e+00
5.941861233354592264e-02 -2.945564252992989296e-01 9.537849738432266911e-01 0.000000000000000000e+00 -9.979836532240961011e-01 -3.887881823649070451e-02 5.016521042199080516e-02 0.000000000000000000e+00 2.230554480134059117e-02 -9.548427779470880505e-01 -2.962727183406170806e-01 0.000000000000000000e+00 -1.980713439093607642e+00 9.618934090430610873e-01 8.906390203516640902e-01 1.000000000000000000e+00
6.128717043608424009e-02 -2.937060276725606545e-01 9.539290140879833624e-01 0.000000000000000000e+00 -9.978709398782765749e-01 -3.937534139479478140e-02 5.198703665737067908e-02 0.000000000000000000e+00 2.229237265221449202e-02 -9.550842876132914494e-01 -2.954940520393351533e-01 0.000000000000000000e+00 -1.978131183823096606e+00 9.606232587808853918e-01 8.966855757833350760e-01 1.000000000000000000e+00
6.314575967940470880e-02 -2.929291021103238024e-01 9.540466318522551337e-01 0.000000000000000000e+00 -9.977553290903059535e-01 -3.987129834039183918e-02 5.379671688178762345e-02 0.000000000000000000e+00 2.228045096037329503e-02 -9.553022651892959516e-01 -2.947893661583475544e-01 0.000000000000000000e+00 -1.975327883311802646e+00 9.593208421047089152e-01 9.026870781014096901e-01 1.000000000000000000e+00
6.499366384464200230e-02 -2.922276238818474758e-01 9.541377297545362568e-01 0.000000000000000000e+00 -9.976368426100462594e-01 -4.036706820744338786e-02 5.559336647197730269e-02 0.000000000000000000e+00 2.226982266009659706e-02 -9.554963233821780477e-01 -2.941607532966443173e-01 0.000000000000000000e+00 -1.972512631329917721e+00 9.579617265578256324e-01 9.087392251093757700e-01 1.000000000000000000e+00
6.683016655776308212e-02 -2.916032435080687657e-01 9.542018470668749419e-01 0.000000000000000000e+00 -9.975157511087845430e-01 -4.086302139820945784e-02 5.737610142037168764e-02 0.000000000000000000e+00 2.226051128843383950e-02 -9.556659407232789283e-01 -2.936098024191376998e-01 0.000000000000000000e+00 -1.969686801038082358e+00 9.565430650631828735e-01 9.148419309477227035e-01 1.000000000000000000e+00
6.865454514488991689e-02 -2.910581786802836635e-01 9.542387396116075449e-01 0.000000000000000000e+00 -9.973919797808634691e-01 -4.135955591873229087e-02 5.914398638239006661e-02 0.000000000000000000e+00 2.225254589620209375e-02 -9.558107370052635332e-01 -2.931387315679908068e-01 0.000000000000000000e+00 -1.966850630618128815e+00 9.550615825813264514e-01 9.209955500735883538e-01 1.000000000000000000e+00
7.046623654434931716e-02 -2.905941515544376852e-01 9.542481648458603916e-01 0.000000000000000000e+00 -9.972659771416153562e-01 -4.185711517456781883e-02 6.089628439798908804e-02 0.000000000000000000e+00 2.224596439400035319e-02 -9.559303436450324876e-01 -2.927492480433982469e-01 0.000000000000000000e+00 -1.964005334613487586e+00 9.535144226527823008e-01 9.272004803660163219e-01 1.000000000000000000e+00
7.226457927128759895e-02 -2.902128660703920393e-01 9.542297690709399260e-01 0.000000000000000000e+00 -9.971372552958363000e-01 -4.235610181245937078e-02 6.263215219239662290e-02 0.000000000000000000e+00 2.224079117792910482e-02 -9.560240845992225012e-01 -2.924430674526111162e-01 0.000000000000000000e+00 -1.961150789534127137e+00 9.518983997687787690e-01 9.334568975434568427e-01 1.000000000000000000e+00
7.404867537145704004e-02 -2.899162718403980321e-01 9.541830436193767806e-01 0.000000000000000000e+00 -9.970063912195746836e-01 -4.285687910724129968e-02 6.435047084494741054e-02 0.000000000000000000e+00 2.223705503434666997e-02 -9.560918570459404631e-01 -2.922219487148753903e-01 0.000000000000000000e+00 -1.958288272595984036e+00 9.502107074460008906e-01 9.397641152912872275e-01 1.000000000000000000e+00
7.581815629807812928e-02 -2.897063501047908440e-01 9.541078401156584121e-01 0.000000000000000000e+00 -9.968734098075708872e-01 -4.335998105397529528e-02 6.605068367677698060e-02 0.000000000000000000e+00 2.223479380794393667e-02 -9.561327259479025509e-01 -2.920881534023144765e-01 0.000000000000000000e+00 -1.955418689663630305e+00 9.484474087861866076e-01 9.461236226422875539e-01 1.000000000000000000e+00
7.757230156249753095e-02 -2.895845997146200279e-01 9.540037461059606150e-01 0.000000000000000000e+00 -9.967385165623967591e-01 -4.386580770342819735e-02 6.773188265827202736e-02 0.000000000000000000e+00 2.223403603658293329e-02 -9.561465741734904711e-01 -2.920430097224889221e-01 0.000000000000000000e+00 -1.952542519413028810e+00 9.466061009488037081e-01 9.525348273591731640e-01 1.000000000000000000e+00
7.931039666432698754e-02 -2.895123638532123289e-01 9.538827536835240428e-01 0.000000000000000000e+00 -9.966015946458195440e-01 -4.437508177886550359e-02 6.939403244608653709e-02 0.000000000000000000e+00 2.223819423320001071e-02 -9.561449352965124548e-01 -2.920480039944843842e-01 0.000000000000000000e+00 -1.949664577911457863e+00 9.447171468623828394e-01 9.589560799535634672e-01 1.000000000000000000e+00
8.103268018838594156e-02 -2.894491678040893023e-01 9.537571779808704520e-01 0.000000000000000000e+00 -9.964627441503728367e-01 -4.488828218934889924e-02 7.103821774226688757e-02 0.000000000000000000e+00 2.225057063124714907e-02 -9.561401226583059465e-01 -2.920628391847995275e-01 0.000000000000000000e+00 -1.946789067523186256e+00 9.428142079846558721e-01 9.653459128773516085e-01 1.000000000000000000e+00
8.273938092741835171e-02 -2.893947346020754874e-01 9.536272737302434743e-01 0.000000000000000000e+00 -9.963220360763480610e-01 -4.540535220006557127e-02 7.266472138769701494e-02 0.000000000000000000e+00 2.227098831185580705e-02 -9.561322569528939441e-01 -2.920872437029436997e-01 0.000000000000000000e+00 -1.943916078104972467e+00 9.408976610739805402e-01 9.717049224145043462e-01 1.000000000000000000e+00
8.443050894611614510e-02 -2.893490343195901926e-01 9.534928725841184116e-01 0.000000000000000000e+00 -9.961795153928623137e-01 -4.592616587801241074e-02 7.427355455973327913e-02 0.000000000000000000e+00 2.229928760212769243e-02 -9.561211834007821153e-01 -2.921212613108200573e-01 0.000000000000000000e+00 -1.941045318079899662e+00 9.389673361280440611e-01 9.780328981609442973e-01 1.000000000000000000e+00
8.610653341006140049e-02 -2.893118889593580545e-01 9.533541482840595105e-01 0.000000000000000000e+00 -9.960353240367194605e-01 -4.645074287114085709e-02 7.586522307268303567e-02 0.000000000000000000e+00 2.233529164080548177e-02 -9.561071046468524459e-01 -2.921646467139535908e-01 0.000000000000000000e+00 -1.938177259761481031e+00 9.370235419576826708e-01 9.843307502300772116e-01 1.000000000000000000e+00
8.776768551826806541e-02 -2.892830784113243348e-01 9.532114451100427432e-01 0.000000000000000000e+00 -9.958892779567209974e-01 -4.697900952868555580e-02 7.744001185171002499e-02 0.000000000000000000e+00 2.237884178202547564e-02 -9.560899483685181277e-01 -2.922172999433508833e-01 0.000000000000000000e+00 -1.935310910697956688e+00 9.350664660563834385e-01 9.905992621319087421e-01 1.000000000000000000e+00
8.941386549984077503e-02 -2.892622541898942634e-01 9.530647701116616854e-01 0.000000000000000000e+00 -9.957417285475745894e-01 -4.751079958971694828e-02 7.899786619018908662e-02 0.000000000000000000e+00 2.242976791069033540e-02 -9.560699716349017052e-01 -2.922787160866955891e-01 0.000000000000000000e+00 -1.932406704498343952e+00 9.331021367697792668e-01 9.968141819645743862e-01 1.000000000000000000e+00
9.104553643053035772e-02 -2.892494847745573638e-01 9.529141713639497357e-01 0.000000000000000000e+00 -9.955925045988227584e-01 -4.804612700908882095e-02 8.053924928072453415e-02 0.000000000000000000e+00 2.248789810689122773e-02 -9.560470860045184871e-01 -2.923491009477133806e-01 0.000000000000000000e+00 -1.929327490577829041e+00 9.311489791485825229e-01 1.002897697899463036e+00 1.000000000000000000e+00
9.266293438025186013e-02 -2.892443071203954497e-01 9.527598981949423340e-01 0.000000000000000000e+00 -9.954417693094108621e-01 -4.858490018739449606e-02 8.206444536550608349e-02 0.000000000000000000e+00 2.255306454044334052e-02 -9.560214363188389575e-01 -2.924280712349847100e-01 0.000000000000000000e+00 -1.926250867033868719e+00 9.291837149476611657e-01 1.008951915332442217e+00 1.000000000000000000e+00
9.426608034277191017e-02 -2.892468768220368691e-01 9.526017514183380275e-01 0.000000000000000000e+00 -9.952896007645828380e-01 -4.912701611647408984e-02 8.357349656964571660e-02 0.000000000000000000e+00 2.262510930705434811e-02 -9.559929836945043613e-01 -2.925155162606168369e-01 0.000000000000000000e+00 -1.923176935865289705e+00 9.272062620215215656e-01 1.014976633321859056e+00 1.000000000000000000e+00
9.585530933936545206e-02 -2.892568518333836214e-01 9.524401211086397367e-01 0.000000000000000000e+00 -9.951360146324464973e-01 -4.967242675746209868e-02 8.506680234541748320e-02 0.000000000000000000e+00 2.270385091830484300e-02 -9.559618011183993458e-01 -2.926114195360056125e-01 0.000000000000000000e+00 -1.920105492435793204e+00 9.252171664204983381e-01 1.020972872396808562e+00 1.000000000000000000e+00
9.743099134413187035e-02 -2.892739824305314844e-01 9.522750344511776710e-01 0.000000000000000000e+00 -9.949810184536208579e-01 -5.022107551177497353e-02 8.654472729368947737e-02 0.000000000000000000e+00 2.278913760229442712e-02 -9.559279042619328592e-01 -2.927153208774686544e-01 0.000000000000000000e+00 -1.917036304678018332e+00 9.232164828189829420e-01 1.026940918798616265e+00 1.000000000000000000e+00
9.899313048857578956e-02 -2.892983203027995609e-01 9.521064960341343308e-01 0.000000000000000000e+00 -9.948247397066859454e-01 -5.077285293568545993e-02 8.800734646307406539e-02 0.000000000000000000e+00 2.288078575044034946e-02 -9.558913520275128528e-01 -2.928273846763718158e-01 0.000000000000000000e+00 -1.913969548616266669e+00 9.212044487902547596e-01 1.032881054599857240e+00 1.000000000000000000e+00
1.005420766824260265e-01 -2.893294416017168635e-01 9.519347106224833599e-01 0.000000000000000000e+00 -9.946671825737141148e-01 -5.132768789741482679e-02 8.945500904825068322e-02 0.000000000000000000e+00 2.297864039026234831e-02 -9.558523427072632694e-01 -2.929472085559350902e-01 0.000000000000000000e+00 -1.910904750562186560e+00 9.191815925701870560e-01 1.038793711670380038e+00 1.000000000000000000e+00
1.020780608036696985e-01 -2.893672108233602547e-01 9.517597235211370243e-01 0.000000000000000000e+00 -9.945082421352348101e-01 -5.188550586030275802e-02 9.088801566058542225e-02 0.000000000000000000e+00 2.308252007509132078e-02 -9.558107289293005238e-01 -2.930745494214925251e-01 0.000000000000000000e+00 -1.907841986113467669e+00 9.171479085156448718e-01 1.044679174597076932e+00 1.000000000000000000e+00
1.036009938555521176e-01 -2.894115994158872884e-01 9.515816789532894893e-01 0.000000000000000000e+00 -9.943482430024558338e-01 -5.244614311370634357e-02 9.230630363263768456e-02 0.000000000000000000e+00 2.319227518847813765e-02 -9.557666940339407669e-01 -2.932095025854684622e-01 0.000000000000000000e+00 -1.904781638568364022e+00 9.151038812523522026e-01 1.050537652636305275e+00 1.000000000000000000e+00
1.051114432140206889e-01 -2.894623720383185383e-01 9.514007406316431492e-01 0.000000000000000000e+00 -9.941869477647329312e-01 -5.300960783329047160e-02 9.371047280732093532e-02 0.000000000000000000e+00 2.330771700012599854e-02 -9.557202170601382107e-01 -2.933517539746474667e-01 0.000000000000000000e+00 -1.901722854894713377e+00 9.130494651322845767e-01 1.056369910907722032e+00 1.000000000000000000e+00
1.066096728174261710e-01 -2.895193376330466029e-01 9.512165643037957530e-01 0.000000000000000000e+00 -9.940246561668057979e-01 -5.357583461471202013e-02 9.510078371710189993e-02 0.000000000000000000e+00 2.342870234557357934e-02 -9.556714276329562052e-01 -2.935011528582811002e-01 0.000000000000000000e+00 -1.898665904083085998e+00 9.109852002575478114e-01 1.062176298853532597e+00 1.000000000000000000e+00
1.080954134487860790e-01 -2.895823267480023278e-01 9.510297389341102470e-01 0.000000000000000000e+00 -9.938611787998939961e-01 -5.414458035274192366e-02 9.647708489557917100e-02 0.000000000000000000e+00 2.355504802505170928e-02 -9.556202850392251369e-01 -2.936575383124503391e-01 0.000000000000000000e+00 -1.895610835177040876e+00 9.089114540432681189e-01 1.067956573238550311e+00 1.000000000000000000e+00
1.095695191863875761e-01 -2.896511004684718671e-01 9.508399590510269173e-01 0.000000000000000000e+00 -9.936965628056909638e-01 -5.471594156255896180e-02 9.784020168849534571e-02 0.000000000000000000e+00 2.368657585856873138e-02 -9.555669027972778506e-01 -2.938206495044854427e-01 0.000000000000000000e+00 -1.892556695362537234e+00 9.068282542002347180e-01 1.073711957680597129e+00 1.000000000000000000e+00
1.110318748630297614e-01 -2.897257383053243318e-01 9.506475819871397226e-01 0.000000000000000000e+00 -9.935310038435080093e-01 -5.528974635543400934e-02 9.919006551370544711e-02 0.000000000000000000e+00 2.382314689650469330e-02 -9.555112722115892687e-01 -2.939905306018772424e-01 0.000000000000000000e+00 -1.889504254432667674e+00 9.047358663343197938e-01 1.079442475144695379e+00 1.000000000000000000e+00
1.124824669410681016e-01 -2.898057418158863641e-01 9.504527110375956545e-01 0.000000000000000000e+00 -9.933643674033223459e-01 -5.586580130065088579e-02 1.005267533519788453e-01 0.000000000000000000e+00 2.396456941193832527e-02 -9.554534659222604365e-01 -2.941668311095010924e-01 0.000000000000000000e+00 -1.886452877941489525e+00 9.026349118222374290e-01 1.085148204695608909e+00 1.000000000000000000e+00
1.139220477194666653e-01 -2.898911487513051721e-01 9.502551497639661893e-01 0.000000000000000000e+00 -9.931968333418473849e-01 -5.644418864577796513e-02 1.018509571940400815e-01 0.000000000000000000e+00 2.411068925660176526e-02 -9.553935157330382122e-01 -2.943493151592004864e-01 0.000000000000000000e+00 -1.883380067140676184e+00 9.005291467256050231e-01 1.090813906749338535e+00 1.000000000000000000e+00
1.153505686893805948e-01 -2.899817113895125087e-01 9.500550875712733268e-01 0.000000000000000000e+00 -9.930282042486224814e-01 -5.702473445850963357e-02 1.031627426159039684e-01 0.000000000000000000e+00 2.426132966699480129e-02 -9.553315823682467789e-01 -2.945379713008601241e-01 0.000000000000000000e+00 -1.880123227689892484e+00 8.984472995929410066e-01 1.096326104249927047e+00 1.000000000000000000e+00
1.167681047354140605e-01 -2.900773677614947865e-01 9.498529180436889874e-01 0.000000000000000000e+00 -9.928589931905447141e-01 -5.760728903453344457e-02 1.044621921832117328e-01 0.000000000000000000e+00 2.441632989516948071e-02 -9.552676175207305276e-01 -2.947327067176803705e-01 0.000000000000000000e+00 -1.876868287516972433e+00 8.963578873604629571e-01 1.101814367474170941e+00 1.000000000000000000e+00
1.181750012035764491e-01 -2.901778820646121471e-01 9.496480217811211766e-01 0.000000000000000000e+00 -9.926884132356003088e-01 -5.819182656837669498e-02 1.057497415309119199e-01 0.000000000000000000e+00 2.457551744787956141e-02 -9.552016101529213765e-01 -2.949331574020413460e-01 0.000000000000000000e+00 -1.873613551054199577e+00 8.942610363299745568e-01 1.107278799399273428e+00 1.000000000000000000e+00
1.195716390316317185e-01 -2.902830420887969054e-01 9.494410069038188293e-01 0.000000000000000000e+00 -9.925172733617481091e-01 -5.877824216352084408e-02 1.070256989391424884e-01 0.000000000000000000e+00 2.473873652907011486e-02 -9.551337859018558252e-01 -2.951391921403305751e-01 0.000000000000000000e+00 -1.870360275061456079e+00 8.921573112811330697e-01 1.112720224557379511e+00 1.000000000000000000e+00
1.209577915377961915e-01 -2.903927120456128441e-01 9.492318664693906172e-01 0.000000000000000000e+00 -9.923449156054807707e-01 -5.936634540992133391e-02 1.082900337718213785e-01 0.000000000000000000e+00 2.490578823975652528e-02 -9.550640391541354024e-01 -2.953506541144496622e-01 0.000000000000000000e+00 -1.867106948144066747e+00 8.900470068536351365e-01 1.118138409672519540e+00 1.000000000000000000e+00
1.223342450258937952e-01 -2.905067839769526206e-01 9.490205945038950874e-01 0.000000000000000000e+00 -9.921717957168577628e-01 -5.995618170834959154e-02 1.095434255514114164e-01 0.000000000000000000e+00 2.507653403377780796e-02 -9.549926192247842893e-01 -2.955674525060023594e-01 0.000000000000000000e+00 -1.863853927246996278e+00 8.879303709471331185e-01 1.123534590936693167e+00 1.000000000000000000e+00
1.237008538021574650e-01 -2.906250884546645041e-01 9.488071877811971033e-01 0.000000000000000000e+00 -9.919979643789453849e-01 -6.054756159020763251e-02 1.107858542449715322e-01 0.000000000000000000e+00 2.525080812853337450e-02 -9.549193114731534537e-01 -2.957893969314013272e-01 0.000000000000000000e+00 -1.860601525973396564e+00 8.858075557432676383e-01 1.128908563882009330e+00 1.000000000000000000e+00
1.250577576545453262e-01 -2.907473503180963426e-01 9.485919467031123098e-01 0.000000000000000000e+00 -9.918232977158372154e-01 -6.114032692831026378e-02 1.120174854272467380e-01 0.000000000000000000e+00 2.542842755045347791e-02 -9.548442593923894828e-01 -2.960161816877591168e-01 0.000000000000000000e+00 -1.857349181638786151e+00 8.836791767975081813e-01 1.134260477442786241e+00 1.000000000000000000e+00
1.264056377755461424e-01 -2.908735481135327761e-01 9.483744622260290580e-01 0.000000000000000000e+00 -9.916477610600644699e-01 -6.173454606839561681e-02 1.132389985254138309e-01 0.000000000000000000e+00 2.560923161043280466e-02 -9.547676219896689132e-01 -2.962478024321377190e-01 0.000000000000000000e+00 -1.854096209415148522e+00 8.815452883108939597e-01 1.139591416819565772e+00 1.000000000000000000e+00
1.277441649861174588e-01 -2.910034987588239197e-01 9.481552646355233538e-01 0.000000000000000000e+00 -9.914714011436923657e-01 -6.232992591584041175e-02 1.144501612837871551e-01 0.000000000000000000e+00 2.579304127900409332e-02 -9.546893175801790532e-01 -2.964840464077057036e-01 0.000000000000000000e+00 -1.850843121246223744e+00 8.794064072760373607e-01 1.144901069673122773e+00 1.000000000000000000e+00
1.290739117187574558e-01 -2.911369377435084060e-01 9.479341864934444084e-01 0.000000000000000000e+00 -9.912942662225618928e-01 -6.292648053577774847e-02 1.156515652439445985e-01 0.000000000000000000e+00 2.597971659520022583e-02 -9.546094896848106304e-01 -2.967246502390467056e-01 0.000000000000000000e+00 -1.847589236776121080e+00 8.772628332803263929e-01 1.150190145999033797e+00 1.000000000000000000e+00
1.303950232012761890e-01 -2.912737643908306917e-01 9.477113070183933452e-01 0.000000000000000000e+00 -9.911164555467930626e-01 -6.352407518554090138e-02 1.168434042713740600e-01 0.000000000000000000e+00 2.616906799805237410e-02 -9.545281378909297176e-01 -2.969695411520919537e-01 0.000000000000000000e+00 -1.844334530732115063e+00 8.751148913080195602e-01 1.155458899315501942e+00 1.000000000000000000e+00
1.317074821627255699e-01 -2.914138278560696182e-01 9.474867050795756640e-01 0.000000000000000000e+00 -9.909378069495085040e-01 -6.412253793598664264e-02 1.180257071078796988e-01 0.000000000000000000e+00 2.636092434413454810e-02 -9.544454662175281268e-01 -2.972184594009929515e-01 0.000000000000000000e+00 -1.841078771732974406e+00 8.729631042904348881e-01 1.160707518499858537e+00 1.000000000000000000e+00
1.330119066110195258e-01 -2.915570398427776433e-01 9.472603907229971698e-01 0.000000000000000000e+00 -9.907585333655575255e-01 -6.472187351592337268e-02 1.191990958018461083e-01 0.000000000000000000e+00 2.655513081762479397e-02 -9.543611565470265790e-01 -2.974714666739067259e-01 0.000000000000000000e+00 -1.837821833499029278e+00 8.708072467415158835e-01 1.165936842874496726e+00 1.000000000000000000e+00
1.343082412106009482e-01 -2.917031486090098658e-01 9.470324104861364001e-01 0.000000000000000000e+00 -9.905782262195088617e-01 -6.532190753300015640e-02 1.203636266983353076e-01 0.000000000000000000e+00 2.675151575056571723e-02 -9.542756897355122447e-01 -2.977281404707177725e-01 0.000000000000000000e+00 -1.834562799699019253e+00 8.686483777654835370e-01 1.171146899599686098e+00 1.000000000000000000e+00
1.355967941988497072e-01 -2.918520455210777409e-01 9.468030347723330742e-01 0.000000000000000000e+00 -9.903972436287569181e-01 -6.592254340495531939e-02 1.215196101745086299e-01 0.000000000000000000e+00 2.694990745661644121e-02 -9.541889362212131465e-01 -2.979884733559266530e-01 0.000000000000000000e+00 -1.831301910586096149e+00 8.664863448154760395e-01 1.176338384980325280e+00 1.000000000000000000e+00
1.368777569208924350e-01 -2.920035664472611647e-01 9.465718686389570369e-01 0.000000000000000000e+00 -9.902155315612766184e-01 -6.652366608088618183e-02 1.226672819910917533e-01 0.000000000000000000e+00 2.715013952866235369e-02 -9.541008136273304574e-01 -2.982521587636260407e-01 0.000000000000000000e+00 -1.827867535214365624e+00 8.643589339611845723e-01 1.181366133873294366e+00 1.000000000000000000e+00
1.381512673718053585e-01 -2.921574241911891745e-01 9.463394625676515570e-01 0.000000000000000000e+00 -9.900330611776231304e-01 -6.712512186216729182e-02 1.238068551202703288e-01 0.000000000000000000e+00 2.735205210782620452e-02 -9.540115077635987761e-01 -2.985190809732583550e-01 0.000000000000000000e+00 -1.824408303513642027e+00 8.622346533429234849e-01 1.186356247082905435e+00 1.000000000000000000e+00
1.394177044962051082e-01 -2.923137835477377378e-01 9.461053438622033518e-01 0.000000000000000000e+00 -9.898499696503405554e-01 -6.772689678740966002e-02 1.249386910868531680e-01 0.000000000000000000e+00 2.755547739425503670e-02 -9.539210786751837201e-01 -2.987891663200821779e-01 0.000000000000000000e+00 -1.820947087733108205e+00 8.601084233472864327e-01 1.191327984027876763e+00 1.000000000000000000e+00
1.406772562824505357e-01 -2.924720889258155543e-01 9.458700931548981172e-01 0.000000000000000000e+00 -9.896659621596020084e-01 -6.832880471474728212e-02 1.260631009986690199e-01 0.000000000000000000e+00 2.776022596295154091e-02 -9.538295968502817912e-01 -2.990621222454215022e-01 0.000000000000000000e+00 -1.817483023439784295e+00 8.579811663791883092e-01 1.196282268094516876e+00 1.000000000000000000e+00
1.419300679039784963e-01 -2.926324337701323719e-01 9.456331403935918090e-01 0.000000000000000000e+00 -9.894812320525786520e-01 -6.893076537074843690e-02 1.271802325146773049e-01 0.000000000000000000e+00 2.796615095314746585e-02 -9.537370943118455013e-01 -2.993378049599519919e-01 0.000000000000000000e+00 -1.814016304234475907e+00 8.558529535640423402e-01 1.201218620371215628e+00 1.000000000000000000e+00
1.431762631117989848e-01 -2.927948127402522083e-01 9.453950339923732349e-01 0.000000000000000000e+00 -9.892958130928649618e-01 -6.953264012130121186e-02 1.282902515709892222e-01 0.000000000000000000e+00 2.817308552905804786e-02 -9.536435764152529915e-01 -2.996161951543545587e-01 0.000000000000000000e+00 -1.810546749577200965e+00 8.537238719402743259e-01 1.206137841193144489e+00 1.000000000000000000e+00
1.444163076860668360e-01 -2.929587003045692195e-01 9.451556287807592049e-01 0.000000000000000000e+00 -9.891096786660636964e-01 -7.013435276230456372e-02 1.293937025094727133e-01 0.000000000000000000e+00 2.838086177525388568e-02 -9.535492443015481934e-01 -2.998969518908319309e-01 0.000000000000000000e+00 -1.807073888711831833e+00 8.515948705800582275e-01 1.211040496554480317e+00 1.000000000000000000e+00
1.456503459560398450e-01 -2.931240068591924874e-01 9.449149618677413764e-01 0.000000000000000000e+00 -9.889226657752986371e-01 -7.073575075106924848e-02 1.304907368865272921e-01 0.000000000000000000e+00 2.858928810840974388e-02 -9.534539124726713055e-01 -3.001797635376375895e-01 0.000000000000000000e+00 -1.803597137407696893e+00 8.494659200633098983e-01 1.215926564379756547e+00 1.000000000000000000e+00
1.468783309707068774e-01 -2.932909683173954285e-01 9.446730082373770987e-01 0.000000000000000000e+00 -9.887349547544567185e-01 -7.133672103243293705e-02 1.315813916655995119e-01 0.000000000000000000e+00 2.879823839674375274e-02 -9.533578785538912026e-01 -3.004649321796782901e-01 0.000000000000000000e+00 -1.800116788621569874e+00 8.473374667218114276e-01 1.220796385952666041e+00 1.000000000000000000e+00
1.481009135509880337e-01 -2.934589627495989284e-01 9.444299641730157235e-01 0.000000000000000000e+00 -9.885465302064950777e-01 -7.193720610307083319e-02 1.326663578419137735e-01 0.000000000000000000e+00 2.900750436304514596e-02 -9.532610815142990024e-01 -3.007519136997687248e-01 0.000000000000000000e+00 -1.796632305560088128e+00 8.452097861255749578e-01 1.225650783604955718e+00 1.000000000000000000e+00
1.493178950362951118e-01 -2.936279426502909073e-01 9.441857255665692117e-01 0.000000000000000000e+00 -9.883571920532561172e-01 -7.253697585522064784e-02 1.337455065974402224e-01 0.000000000000000000e+00 2.921695683204898752e-02 -9.531635353442710068e-01 -3.010405210118126673e-01 0.000000000000000000e+00 -1.793142990939163406e+00 8.430835981027524628e-01 1.230489270020009629e+00 1.000000000000000000e+00
1.505296055182389348e-01 -2.937979589910989509e-01 9.439404305333799483e-01 0.000000000000000000e+00 -9.881672006648379858e-01 -7.313597187739541428e-02 1.348191925136973390e-01 0.000000000000000000e+00 2.942639689261972863e-02 -9.530653268530597799e-01 -3.013307226183315479e-01 0.000000000000000000e+00 -1.789649273102159821e+00 8.409589148255691704e-01 1.235312655213095523e+00 1.000000000000000000e+00
1.517366119277282210e-01 -2.939687674792949013e-01 9.436939243287952861e-01 0.000000000000000000e+00 -9.879765535303727253e-01 -7.373416668398197205e-02 1.358879743381609106e-01 0.000000000000000000e+00 2.963567039925427832e-02 -9.529665620497265177e-01 -3.016224133335373425e-01 0.000000000000000000e+00 -1.786150537824922724e+00 8.388359925814460327e-01 1.240121616176414809e+00 1.000000000000000000e+00
1.529386106611031471e-01 -2.941401561425754929e-01 9.434465091989062691e-01 0.000000000000000000e+00 -9.877847039703058218e-01 -7.433130580897960582e-02 1.369517444365643821e-01 0.000000000000000000e+00 2.984460892923393449e-02 -9.528673611496649709e-01 -3.019153756241314546e-01 0.000000000000000000e+00 -1.782645801781713946e+00 8.367157906444969706e-01 1.244916031938391621e+00 1.000000000000000000e+00
1.541361360120004076e-01 -2.943118996401624110e-01 9.431980266973090110e-01 0.000000000000000000e+00 -9.875922108225838603e-01 -7.492733627248404638e-02 1.380110044530739044e-01 0.000000000000000000e+00 3.005302404328409616e-02 -9.527676339709586495e-01 -3.022092919755368645e-01 0.000000000000000000e+00 -1.779135566727227280e+00 8.345983024307862541e-01 1.249696389742025016e+00 1.000000000000000000e+00
1.553294338178204670e-01 -2.944841163121036387e-01 9.429484425789328439e-01 0.000000000000000000e+00 -9.873989200185159243e-01 -7.552218129101209709e-02 1.390660088726088650e-01 0.000000000000000000e+00 3.026078646641913381e-02 -9.526674068927145633e-01 -3.025042024705263954e-01 0.000000000000000000e+00 -1.775619297288000942e+00 8.324836673026695388e-01 1.254463041417011704e+00 1.000000000000000000e+00
1.565184557245127006e-01 -2.946564495151176022e-01 9.426979232277856724e-01 0.000000000000000000e+00 -9.872047544840633071e-01 -7.611563416666736193e-02 1.401168685921530543e-01 0.000000000000000000e+00 3.046770971227585542e-02 -9.525669118155871695e-01 -3.027998559385325916e-01 0.000000000000000000e+00 -1.771999626362974256e+00 8.303989436884476882e-01 1.259118670616787616e+00 1.000000000000000000e+00
1.577036073446368980e-01 -2.948287271904164730e-01 9.424465029766492252e-01 0.000000000000000000e+00 -9.870097052215394129e-01 -7.670759062303215969e-02 1.411639278797803543e-01 0.000000000000000000e+00 3.067362006748490869e-02 -9.524661070184854417e-01 -3.030960039814057927e-01 0.000000000000000000e+00 -1.768290654371464043e+00 8.283409465067030908e-01 1.263677804645983338e+00 1.000000000000000000e+00
1.588852204261884116e-01 -2.950009987114161070e-01 9.421941779701555886e-01 0.000000000000000000e+00 -9.868138093910980846e-01 -7.729803614121967537e-02 1.422076502655010843e-01 0.000000000000000000e+00 3.087835246901457151e-02 -9.523649794221139553e-01 -3.033926915960918347e-01 0.000000000000000000e+00 -1.764575107571668688e+00 8.262871341493613908e-01 1.268224448402254012e+00 1.000000000000000000e+00
1.600630581739248826e-01 -2.951730052164186491e-01 9.419409261534552602e-01 0.000000000000000000e+00 -9.866170660143689375e-01 -7.788667416116971942e-02 1.432478252047472145e-01 0.000000000000000000e+00 3.108174860627014105e-02 -9.522637441065839869e-01 -3.036895777378118000e-01 0.000000000000000000e+00 -1.760852785571832335e+00 8.242384594431392264e-01 1.272757499353333710e+00 1.000000000000000000e+00
1.612379359578921256e-01 -2.953443913452807323e-01 9.416868045760813377e-01 0.000000000000000000e+00 -9.864193007120188872e-01 -7.847355286987785228e-02 1.442853385036178826e-01 0.000000000000000000e+00 3.128363719289750655e-02 -9.521624143033485810e-01 -3.039864261860535377e-01 0.000000000000000000e+00 -1.757122866712548470e+00 8.221952526239966197e-01 1.277278583785621091e+00 1.000000000000000000e+00
1.624096609401148583e-01 -2.955153859772742808e-01 9.414317264894858095e-01 0.000000000000000000e+00 -9.862207408844069212e-01 -7.905846838208516192e-02 1.453199890369818725e-01 0.000000000000000000e+00 3.148386447616743911e-02 -9.520610233938323619e-01 -3.042833669062758872e-01 0.000000000000000000e+00 -1.753385499273902637e+00 8.201576568052114657e-01 1.281787426900153903e+00 1.000000000000000000e+00
1.635784129747798743e-01 -2.956855516922493599e-01 9.411759026398172079e-01 0.000000000000000000e+00 -9.860211663622813205e-01 -7.964125671420069219e-02 1.463521232531775074e-01 0.000000000000000000e+00 3.168222748723085319e-02 -9.519595756784179352e-01 -3.045799461981035794e-01 0.000000000000000000e+00 -1.749640179203692636e+00 8.181261536629698128e-01 1.286284210692332897e+00 1.000000000000000000e+00
1.647448414108135806e-01 -2.958548176971647625e-01 9.409192228430995897e-01 0.000000000000000000e+00 -9.858207073175826451e-01 -8.022193317895494336e-02 1.473823534483995057e-01 0.000000000000000000e+00 3.187856596174408474e-02 -9.518582760171273582e-01 -3.048760301317887667e-01 0.000000000000000000e+00 -1.745886321028374155e+00 8.161012702573033906e-01 1.290769818846624784e+00 1.000000000000000000e+00
1.659087576898604643e-01 -2.960229984744024434e-01 9.406618805806596928e-01 0.000000000000000000e+00 -9.856191401989197187e-01 -8.080024820341139002e-02 1.484106393861156503e-01 0.000000000000000000e+00 3.207274522235807612e-02 -9.517570571469623486e-01 -3.051715516864125233e-01 0.000000000000000000e+00 -1.742123598515715077e+00 8.140833465683472436e-01 1.295244327558112474e+00 1.000000000000000000e+00
1.670703590910317671e-01 -2.961902265829554071e-01 9.404035536690898978e-01 0.000000000000000000e+00 -9.854166854266284137e-01 -8.137611468422713268e-02 1.494371028196225526e-01 0.000000000000000000e+00 3.226456689063202099e-02 -9.516558984503358243e-01 -3.054664161176938175e-01 0.000000000000000000e+00 -1.738352191516123968e+00 8.120723132098693897e-01 1.299707555534880710e+00 1.000000000000000000e+00
1.682301622269613828e-01 -2.963559766211741331e-01 9.401446090680544154e-01 0.000000000000000000e+00 -9.852130574993566148e-01 -8.194945409309625783e-02 1.504624549873343764e-01 0.000000000000000000e+00 3.245388539301101438e-02 -9.515550730966694237e-01 -3.057602902425487490e-01 0.000000000000000000e+00 -1.734570955050871888e+00 8.100692415603062413e-01 1.304160716535893938e+00 1.000000000000000000e+00
1.693882157923148890e-01 -2.965202434905150897e-01 9.398848226642720904e-01 0.000000000000000000e+00 -9.850084604655645615e-01 -8.252010514224732141e-02 1.514867010770007960e-01 0.000000000000000000e+00 3.264050753808346583e-02 -9.514546242894881267e-01 -3.060530640309138684e-01 0.000000000000000000e+00 -1.730779906367729382e+00 8.080743932962529685e-01 1.308603421121042887e+00 1.000000000000000000e+00
1.705444918701495838e-01 -2.966829814438314838e-01 9.396241905675382089e-01 0.000000000000000000e+00 -9.848027988495478002e-01 -8.308789243343250863e-02 1.525099114903070707e-01 0.000000000000000000e+00 3.282430225817070668e-02 -9.513544544695223815e-01 -3.063445633060830064e-01 0.000000000000000000e+00 -1.726978972834791515e+00 8.060878456774799306e-01 1.313035638325936505e+00 1.000000000000000000e+00
1.716997152460064680e-01 -2.968439883899176013e-01 9.393629786876105392e-01 0.000000000000000000e+00 -9.845959683274074781e-01 -8.365283975395486349e-02 1.535328969393842946e-01 0.000000000000000000e+00 3.300504916460713506e-02 -9.512547931686173852e-01 -3.066346490558745086e-01 0.000000000000000000e+00 -1.723167087351144433e+00 8.041101904396495970e-01 1.317458980777855393e+00 1.000000000000000000e+00
1.728537794326374111e-01 -2.970031099628791527e-01 9.391010868200270201e-01 0.000000000000000000e+00 -9.843880943920604309e-01 -8.421471940550301349e-02 1.545555473702865945e-01 0.000000000000000000e+00 3.318263369208790392e-02 -9.511556460603950436e-01 -3.069233170123732424e-01 0.000000000000000000e+00 -1.719344321015459531e+00 8.021418692108429616e-01 1.321873056932283630e+00 1.000000000000000000e+00
1.740068808769547337e-01 -2.971600849296135993e-01 9.388383211040991494e-01 0.000000000000000000e+00 -9.841790530783804947e-01 -8.477337924316091788e-02 1.555781845174555311e-01 0.000000000000000000e+00 3.335686294128446111e-02 -9.510567614651049828e-01 -3.072100207372578939e-01 0.000000000000000000e+00 -1.715510330775033898e+00 8.001829155881842182e-01 1.326277588095481574e+00 1.000000000000000000e+00
1.751594151819674261e-01 -2.973150426984704220e-01 9.385749673245663560e-01 0.000000000000000000e+00 -9.839688026494025630e-01 -8.532879550671268465e-02 1.566011858706304327e-01 0.000000000000000000e+00 3.352757645599958175e-02 -9.509587455048278404e-01 -3.074949652157769053e-01 0.000000000000000000e+00 -1.711644749308166347e+00 7.982407262799227077e-01 1.330650479030652811e+00 1.000000000000000000e+00
1.763113610863286662e-01 -2.974674648283964218e-01 9.383109219126450906e-01 0.000000000000000000e+00 -9.837573522487911282e-01 -8.588071701364340116e-02 1.576246827595686739e-01 0.000000000000000000e+00 3.369458810762793882e-02 -9.508614341385533963e-01 -3.077776339763743096e-01 0.000000000000000000e+00 -1.707623703413014615e+00 7.963575747958895334e-01 1.334842520243333386e+00 1.000000000000000000e+00
1.774631607005140999e-01 -2.976175063197422643e-01 9.380461849555743470e-01 0.000000000000000000e+00 -9.835445686366037776e-01 -8.642912884931669426e-02 1.586490944666356651e-01 0.000000000000000000e+00 3.385775411409824159e-02 -9.507646962977730487e-01 -3.080581570847072403e-01 0.000000000000000000e+00 -1.703590351785104984e+00 7.944852472205304883e-01 1.339026290003984654e+00 1.000000000000000000e+00
1.786149418527126498e-01 -2.977649531701022090e-01 9.377806622235601575e-01 0.000000000000000000e+00 -9.833305278117512316e-01 -8.697388812110386225e-02 1.596746799568889430e-01 0.000000000000000000e+00 3.401691254789785540e-02 -9.506688370964578860e-01 -3.083362927446757218e-01 0.000000000000000000e+00 -1.699544511732911767e+00 7.926244527038079912e-01 1.343202105796733381e+00 1.000000000000000000e+00
1.797667582704040867e-01 -2.979096209947159068e-01 9.375146379741974290e-01 0.000000000000000000e+00 -9.831153029571134683e-01 -8.751478601672546542e-02 1.607015218412473634e-01 0.000000000000000000e+00 3.417185206295351996e-02 -9.505738374751295794e-01 -3.086118854774488884e-01 0.000000000000000000e+00 -1.695486077560184102e+00 7.907756485033302640e-01 1.347369800897274317e+00 1.000000000000000000e+00
1.809190227497865233e-01 -2.980514970656114593e-01 9.372479497825940697e-01 0.000000000000000000e+00 -9.828986201483451701e-01 -8.805179894667167217e-02 1.617301055462721238e-01 0.000000000000000000e+00 3.432246301309922060e-02 -9.504799051939830656e-01 -3.088847511773576415e-01 0.000000000000000000e+00 -1.691413998461662516e+00 7.889393358840439685e-01 1.351530063888903621e+00 1.000000000000000000e+00
1.820720200195043992e-01 -2.981901986618674116e-01 9.369805751728695897e-01 0.000000000000000000e+00 -9.826806334842872470e-01 -8.858476542113349894e-02 1.627607627086937458e-01 0.000000000000000000e+00 3.446852724450353428e-02 -9.503867467415141324e-01 -3.091546666182815595e-01 0.000000000000000000e+00 -1.687328434197599591e+00 7.871155741956910035e-01 1.355683207377351929e+00 1.000000000000000000e+00
1.832255724584757328e-01 -2.983258268116458223e-01 9.367123445736641463e-01 0.000000000000000000e+00 -9.824612350259787075e-01 -8.911348707226385280e-02 1.637933386871958386e-01 0.000000000000000000e+00 3.460992220287129745e-02 -9.502948401162267800e-01 -3.094215371377515567e-01 0.000000000000000000e+00 -1.683228694629256506e+00 7.853052528389474762e-01 1.359828669285353397e+00 1.000000000000000000e+00
1.843804078285966042e-01 -2.984581893321590629e-01 9.364435700858586564e-01 0.000000000000000000e+00 -9.822403388213216680e-01 -8.963798765259478607e-02 1.648286989497701749e-01 0.000000000000000000e+00 3.474644090033494198e-02 -9.502039694678711124e-01 -3.096852090446474692e-01 0.000000000000000000e+00 -1.679114085054240313e+00 7.835080814868893295e-01 1.363967975889894824e+00 1.000000000000000000e+00
1.855364180440370048e-01 -2.985868639034290895e-01 9.361742545402598203e-01 0.000000000000000000e+00 -9.820179353010463075e-01 -9.015797442174551535e-02 1.658667784429324332e-01 0.000000000000000000e+00 3.487793193927882923e-02 -9.501142802786873842e-01 -3.099453850134746280e-01 0.000000000000000000e+00 -1.674984620459613716e+00 7.817253046485276302e-01 1.368100660087394393e+00 1.000000000000000000e+00
1.866938283511597185e-01 -2.987120720106724026e-01 9.359041153750909947e-01 0.000000000000000000e+00 -9.817940578057245959e-01 -9.067341790670944979e-02 1.669078464833847475e-01 0.000000000000000000e+00 3.500423359807641743e-02 -9.500258633661246011e-01 -3.102019823753652261e-01 0.000000000000000000e+00 -1.670839866680341457e+00 7.799567978794972323e-01 1.372226870602605286e+00 1.000000000000000000e+00
1.878529935261020745e-01 -2.988336352203656565e-01 9.356334308767868535e-01 0.000000000000000000e+00 -9.815686403787852177e-01 -9.118420007129147964e-02 1.679523441753173751e-01 0.000000000000000000e+00 3.512516607717199035e-02 -9.499387614415993886e-01 -3.104550595696257687e-01 0.000000000000000000e+00 -1.666679233492692092e+00 7.782029691488657752e-01 1.376347592738234704e+00 1.000000000000000000e+00
1.890140001618648979e-01 -2.989511358186624501e-01 9.353619380489682777e-01 0.000000000000000000e+00 -9.813415243471838023e-01 -9.169011180129439664e-02 1.690003928189558746e-01 0.000000000000000000e+00 3.524058216226347989e-02 -9.498531151659797001e-01 -3.107040341074581158e-01 0.000000000000000000e+00 -1.662502156072148241e+00 7.764646175028356856e-01 1.380462271447601141e+00 1.000000000000000000e+00
1.901770196892345610e-01 -2.990648204196211801e-01 9.350897910020621318e-01 0.000000000000000000e+00 -9.811128883365447528e-01 -9.219108333417440349e-02 1.700522629225003357e-01 0.000000000000000000e+00 3.535027426050511845e-02 -9.497688405046296189e-01 -3.109490913584664340e-01 0.000000000000000000e+00 -1.658308483029657054e+00 7.747415275554465630e-01 1.384571475390265372e+00 1.000000000000000000e+00
1.913425349944743725e-01 -2.991742758242436073e-01 9.348169852195261642e-01 0.000000000000000000e+00 -9.808826194544354449e-01 -9.268699311241865302e-02 1.711084081862457029e-01 0.000000000000000000e+00 3.545412874737171455e-02 -9.496860950749757002e-01 -3.111898681253768006e-01 0.000000000000000000e+00 -1.654097609726423501e+00 7.730345929843999153e-01 1.388675739003890630e+00 1.000000000000000000e+00
1.925102895379195989e-01 -2.992794621074151284e-01 9.345434662625781153e-01 0.000000000000000000e+00 -9.806504728051960162e-01 -9.317762360008161049e-02 1.721688043660680456e-01 0.000000000000000000e+00 3.555195297088305229e-02 -9.496049673131242708e-01 -3.114262593280817115e-01 0.000000000000000000e+00 -1.649869289781763282e+00 7.713442187133688899e-01 1.392774759739135781e+00 1.000000000000000000e+00
1.936810017720730914e-01 -2.993802694452729618e-01 9.342693703531689264e-01 0.000000000000000000e+00 -9.804165556091387623e-01 -9.366297660809393133e-02 1.732341137863815106e-01 0.000000000000000000e+00 3.564356027668229288e-02 -9.495254105353871932e-01 -3.116582668897809327e-01 0.000000000000000000e+00 -1.645622483486777199e+00 7.696704838146622984e-01 1.396869648463857860e+00 1.000000000000000000e+00
1.948546292254930701e-01 -2.994764126782057390e-01 9.339944684267933450e-01 0.000000000000000000e+00 -9.801809208106767590e-01 -9.414282854936806277e-02 1.743044158407949518e-01 0.000000000000000000e+00 3.572882934112105169e-02 -9.494475716451949987e-01 -3.118853868105648797e-01 0.000000000000000000e+00 -1.641262015531960605e+00 7.680534302180992423e-01 1.400822454039172049e+00 1.000000000000000000e+00
1.960313774059660730e-01 -2.995679536206085625e-01 9.337186865173827677e-01 0.000000000000000000e+00 -9.799433031499910074e-01 -9.461707561354484874e-02 1.753799060939559284e-01 0.000000000000000000e+00 3.580753701621398194e-02 -9.493715857658419077e-01 -3.121076479267265724e-01 0.000000000000000000e+00 -1.636833370058134340e+00 7.664747326166178043e-01 1.404699695536335113e+00 1.000000000000000000e+00
1.972114506392506905e-01 -2.996546759761416490e-01 9.334424089466603069e-01 0.000000000000000000e+00 -9.797039249628012314e-01 -9.508554839943780812e-02 1.764608993040500950e-01 0.000000000000000000e+00 3.587954795541867248e-02 -9.492973798105036609e-01 -3.123249446609541735e-01 0.000000000000000000e+00 -1.632386102275537931e+00 7.649142988875006210e-01 1.408572866751914621e+00 1.000000000000000000e+00
1.983951970891455197e-01 -2.997364123753897269e-01 9.331652786616170259e-01 0.000000000000000000e+00 -9.794625487801004171e-01 -9.554818335193536460e-02 1.775478445160914576e-01 0.000000000000000000e+00 3.594468035723866889e-02 -9.492251899038031127e-01 -3.125369331639090698e-01 0.000000000000000000e+00 -1.627919280272061897e+00 7.633726302900182281e-01 1.412442076110339562e+00 1.000000000000000000e+00
1.995826599161535098e-01 -2.998130033813734552e-01 9.328874300106498874e-01 0.000000000000000000e+00 -9.792190300711486328e-01 -9.600476872048550880e-02 1.786408078582171488e-01 0.000000000000000000e+00 3.600280150710223614e-02 -9.491549409256110348e-01 -3.127435728822188232e-01 0.000000000000000000e+00 -1.623432465687367099e+00 7.618501576592460189e-01 1.416307328212568661e+00 1.000000000000000000e+00
2.007740790490678551e-01 -2.998844933728563866e-01 9.326086397285319185e-01 0.000000000000000000e+00 -9.789736151451510215e-01 -9.645522019687929882e-02 1.797401080186471489e-01 0.000000000000000000e+00 3.605371201946919180e-02 -9.490866444625292164e-01 -3.129448457630520375e-01 0.000000000000000000e+00 -1.618925638829462610e+00 7.603468682036780280e-01 1.420168955823869927e+00 1.000000000000000000e+00
2.019698349328642173e-01 -2.999505653412890549e-01 9.323291654325973621e-01 0.000000000000000000e+00 -9.787260769595094168e-01 -9.689942004658833041e-02 1.808461872956075578e-01 0.000000000000000000e+00 3.609724390596716348e-02 -9.490204887269363399e-01 -3.131403037930594602e-01 0.000000000000000000e+00 -1.614397894182915127e+00 7.588636599589287934e-01 1.424027405973303573e+00 1.000000000000000000e+00
2.031698674352986067e-01 -3.000112724281688292e-01 9.320489484824169280e-01 0.000000000000000000e+00 -9.784762951427123934e-01 -9.733715917003657458e-02 1.819590530227419012e-01 0.000000000000000000e+00 3.613322802704460601e-02 -9.489564884558508995e-01 -3.133299738855619965e-01 0.000000000000000000e+00 -1.609848957226690747e+00 7.574007429286871984e-01 1.427882603165395281e+00 1.000000000000000000e+00
2.043746400432970844e-01 -3.000661314858407702e-01 9.317677664204409016e-01 0.000000000000000000e+00 -9.782242840598662781e-01 -9.776834977420696682e-02 1.830792622036509221e-01 0.000000000000000000e+00 3.616150775908714976e-02 -9.488948803321058945e-01 -3.135134716907690411e-01 0.000000000000000000e+00 -1.605277925261951788e+00 7.559589421677957999e-01 1.431734812761046305e+00 1.000000000000000000e+00
2.055842088671071544e-01 -3.001153056834197641e-01 9.314857904274115308e-01 0.000000000000000000e+00 -9.779700691744800389e-01 -9.819284102958511506e-02 1.842069085454544342e-01 0.000000000000000000e+00 3.618192286284876991e-02 -9.488353963010383030e-01 -3.136908332409343303e-01 0.000000000000000000e+00 -1.600685072811533161e+00 7.545379334539040750e-01 1.435584248753245973e+00 1.000000000000000000e+00
2.067987640452472187e-01 -3.001589003119490284e-01 9.312029430764717786e-01 0.000000000000000000e+00 -9.777134849633812852e-01 -9.861052274745925328e-02 1.853422189070483839e-01 0.000000000000000000e+00 3.619429615577620524e-02 -9.487783666836135943e-01 -3.138620586103862964e-01 0.000000000000000000e+00 -1.596069489658141993e+00 7.531384513308263529e-01 1.439431268676620634e+00 1.000000000000000000e+00
2.080186851374583312e-01 -3.001962324987723085e-01 9.309190773002334884e-01 0.000000000000000000e+00 -9.774547038342310534e-01 -9.902122578141557552e-02 1.864856525211458227e-01 0.000000000000000000e+00 3.619846205526325994e-02 -9.487237767237455266e-01 -3.140265592830051022e-01 0.000000000000000000e+00 -1.591430838058613739e+00 7.517611960593867382e-01 1.443275711675756634e+00 1.000000000000000000e+00
2.092439494983926729e-01 -3.002322859226616014e-01 9.306328079122849761e-01 0.000000000000000000e+00 -9.771936219397781009e-01 -9.941143710517512389e-02 1.876415991381399917e-01 0.000000000000000000e+00 3.617948887285692833e-02 -9.486715005465531370e-01 -3.141864227370438356e-01 0.000000000000000000e+00 -1.586750773208363441e+00 7.504256718408812699e-01 1.447126658596476378e+00 1.000000000000000000e+00
2.104745860554395054e-01 -3.002715512065564085e-01 9.303425720862558146e-01 0.000000000000000000e+00 -9.769314181399719743e-01 -9.976807552139585478e-02 1.888141101863335947e-01 0.000000000000000000e+00 3.612299826509306894e-02 -9.486216487209596648e-01 -3.143434718122672389e-01 0.000000000000000000e+00 -1.582013700835570802e+00 7.491511028012420859e-01 1.450992105678920785e+00 1.000000000000000000e+00
2.117102056209254346e-01 -3.003142154277763098e-01 9.300484364794804337e-01 0.000000000000000000e+00 -9.766679008231512471e-01 -1.000916793565615609e-01 1.900026765942792184e-01 0.000000000000000000e+00 3.602961136480606341e-02 -9.485740881239143052e-01 -3.144977843621326041e-01 0.000000000000000000e+00 -1.577220352403987391e+00 7.479358592937310757e-01 1.454870998837022089e+00 1.000000000000000000e+00
2.129503987330398918e-01 -3.003603649812010001e-01 9.297503402208797674e-01 0.000000000000000000e+00 -9.764030160967367422e-01 -1.003827434736570684e-01 1.912067007936022467e-01 0.000000000000000000e+00 3.589997836699535677e-02 -9.485287024856938753e-01 -3.146494190526783474e-01 0.000000000000000000e+00 -1.572371744693614959e+00 7.467787956519909010e-01 1.458762234640565536e+00 1.000000000000000000e+00
2.141948657499104791e-01 -3.004100983600908048e-01 9.294484007891506971e-01 0.000000000000000000e+00 -9.761368485830407282e-01 -1.006418088693178670e-01 1.924257143245069468e-01 0.000000000000000000e+00 3.573473500209938675e-02 -9.484854583353719004e-01 -3.147984016840820187e-01 0.000000000000000000e+00 -1.567444165746723295e+00 7.456909837594783985e-01 1.462621635292143507e+00 1.000000000000000000e+00
2.154430361850017406e-01 -3.004632569231333594e-01 9.291426701662498511e-01 0.000000000000000000e+00 -9.758693423949634793e-01 -1.008692792743624694e-01 1.936590093678798308e-01 0.000000000000000000e+00 3.553454068074697603e-02 -9.484445156958045686e-01 -3.149445986744036086e-01 0.000000000000000000e+00 -1.562363941908696541e+00 7.447104384978278091e-01 1.466315058738270505e+00 1.000000000000000000e+00
2.166949081020812518e-01 -3.005198784665475409e-01 9.288331784552597004e-01 0.000000000000000000e+00 -9.756006976335171998e-01 -1.010657638424544702e-01 1.949063771961072056e-01 0.000000000000000000e+00 3.529999375854046828e-02 -9.484056041777252366e-01 -3.150879345668826104e-01 0.000000000000000000e+00 -1.557232421716767234e+00 7.437842248068211592e-01 1.470017462327331881e+00 1.000000000000000000e+00
2.179496778503441645e-01 -3.005805516782271147e-01 9.285198662956164473e-01 0.000000000000000000e+00 -9.753308248928300728e-01 -1.012317745254187051e-01 1.961668586019496008e-01 0.000000000000000000e+00 3.503176434702948844e-02 -9.483687628671783054e-01 -3.152289883385789859e-01 0.000000000000000000e+00 -1.552050880535988053e+00 7.429109060880391135e-01 1.473727940825357852e+00 1.000000000000000000e+00
2.192073015504303890e-01 -3.006448200447388586e-01 9.282030257572446708e-01 0.000000000000000000e+00 -9.750597000150926785e-01 -1.013677559518536414e-01 1.974402333843326973e-01 0.000000000000000000e+00 3.473046681495992744e-02 -9.483338411679014257e-01 -3.153672851721320836e-01 0.000000000000000000e+00 -1.546820040161689391e+00 7.420893595109429031e-01 1.477445608104831720e+00 1.000000000000000000e+00
2.204673239980496913e-01 -3.007128379682600383e-01 9.278824593118734088e-01 0.000000000000000000e+00 -9.747874414871129378e-01 -1.014742637069785125e-01 1.987258912544380141e-01 0.000000000000000000e+00 3.439675617544397934e-02 -9.483008624806199549e-01 -3.155029981636372494e-01 0.000000000000000000e+00 -1.541541334141744324e+00 7.413185396731531984e-01 1.481169180865550050e+00 1.000000000000000000e+00
2.217293164033579678e-01 -3.007845709383249466e-01 9.275583799299526033e-01 0.000000000000000000e+00 -9.745139415851504783e-01 -1.015517317210522241e-01 2.000232194407746689e-01 0.000000000000000000e+00 3.403127005764076257e-02 -9.482697788559072416e-01 -3.156358473814093180e-01 0.000000000000000000e+00 -1.536215650146655731e+00 7.405971992801534398e-01 1.484897486560963431e+00 1.000000000000000000e+00
2.229929462912348115e-01 -3.008603779485565233e-01 9.272308763713893454e-01 0.000000000000000000e+00 -9.742393457914354515e-01 -1.016007539441468044e-01 2.013317032072587387e-01 0.000000000000000000e+00 3.363461039941588460e-02 -9.482404324500763870e-01 -3.157664096800695819e-01 0.000000000000000000e+00 -1.530844182349430316e+00 7.399235217515881535e-01 1.488630010248342739e+00 1.000000000000000000e+00
2.242578019363055675e-01 -3.009400308622937614e-01 9.268999017693506648e-01 0.000000000000000000e+00 -9.739636421336191896e-01 -1.016217687613688997e-01 2.026507693722271741e-01 0.000000000000000000e+00 3.320747958457448412e-02 -9.482129293163592543e-01 -3.158942066243741187e-01 0.000000000000000000e+00 -1.525428441846349736e+00 7.392969471609971421e-01 1.492365282513697489e+00 1.000000000000000000e+00
2.255235637176061514e-01 -3.010238615273275187e-01 9.265656261649489744e-01 0.000000000000000000e+00 -9.736868444224248131e-01 -1.016153580436836151e-01 2.039799434092521291e-01 0.000000000000000000e+00 3.275046349313889826e-02 -9.481870706124992942e-01 -3.160197668223577172e-01 0.000000000000000000e+00 -1.519968823941332703e+00 7.387154895006375899e-01 1.496103075438073526e+00 1.000000000000000000e+00
2.267898064460521224e-01 -3.011114226044662723e-01 9.262279454442606808e-01 0.000000000000000000e+00 -9.734088273487971898e-01 -1.015818956718046312e-01 2.053186179433918734e-01 0.000000000000000000e+00 3.226420883624970398e-02 -9.481628354353381916e-01 -3.161423815074625443e-01 0.000000000000000000e+00 -1.514466907842392684e+00 7.381788194422015392e-01 1.499841263134571667e+00 1.000000000000000000e+00
2.280563660597536846e-01 -3.012032965080216895e-01 9.258870389988351768e-01 0.000000000000000000e+00 -9.731298483484951412e-01 -1.015220781134937716e-01 2.066664462307921946e-01 0.000000000000000000e+00 3.174935385160342766e-02 -9.481400539363606939e-01 -3.162627950512644781e-01 0.000000000000000000e+00 -1.508923782082010945e+00 7.376845410759202970e-01 1.503580248033762556e+00 1.000000000000000000e+00
2.293224653839974203e-01 -3.012991671020588402e-01 9.255430699859270582e-01 0.000000000000000000e+00 -9.728498283535592650e-01 -1.014361905968340916e-01 2.080225234700725234e-01 0.000000000000000000e+00 3.120654704250705805e-02 -9.481187447415072578e-01 -3.163805217487251631e-01 0.000000000000000000e+00 -1.503340796410283842e+00 7.372324530774251317e-01 1.507317894100896671e+00 1.000000000000000000e+00
2.305881280947630896e-01 -3.013992265486994948e-01 9.251959402895369999e-01 0.000000000000000000e+00 -9.725687525600313910e-01 -1.013249047492749688e-01 2.093866235329392422e-01 0.000000000000000000e+00 3.063641997488457738e-02 -9.480988996992545381e-01 -3.164958954877149511e-01 0.000000000000000000e+00 -1.497718662444691429e+00 7.368207253655375544e-01 1.511054085295582272e+00 1.000000000000000000e+00
2.318528488144971644e-01 -3.015032158931772455e-01 9.248458816082227862e-01 0.000000000000000000e+00 -9.722866512190414534e-01 -1.011886202854238997e-01 2.107581898585703661e-01 0.000000000000000000e+00 3.003961356189071424e-02 -9.480803523310108449e-01 -3.166085293131185585e-01 0.000000000000000000e+00 -1.492058675782629296e+00 7.364486830665876171e-01 1.514787525680410640e+00 1.000000000000000000e+00
2.331161773848027530e-01 -3.016115154833162171e-01 9.244930194046497851e-01 0.000000000000000000e+00 -9.720036298545430276e-01 -1.010278784982042155e-01 2.121365249895938165e-01 0.000000000000000000e+00 2.941674870656818194e-02 -9.480630882468179532e-01 -3.167188560033138423e-01 0.000000000000000000e+00 -1.486362178782867804e+00 7.361146187144974595e-01 1.518517452280518487e+00 1.000000000000000000e+00
2.343778372797995779e-01 -3.017239835999458442e-01 9.241372695236411694e-01 0.000000000000000000e+00 -9.717195606353514759e-01 -1.008431749850148829e-01 2.135211735590243909e-01 0.000000000000000000e+00 2.876848201932494242e-02 -9.480469337969487098e-01 -3.168266486468113152e-01 0.000000000000000000e+00 -1.480629877448152776e+00 7.358175576087251368e-01 1.522242829177351098e+00 1.000000000000000000e+00
2.356373996659718306e-01 -3.018407786535694526e-01 9.237787860740631629e-01 0.000000000000000000e+00 -9.714345960176739014e-01 -1.006350234988008518e-01 2.149115235239791588e-01 0.000000000000000000e+00 2.809543350851700927e-02 -9.480319736878606296e-01 -3.169320679467203528e-01 0.000000000000000000e+00 -1.474783350183212605e+00 7.356074005896542367e-01 1.525785687465795570e+00 1.000000000000000000e+00
2.368945267804094534e-01 -3.019616646727430465e-01 9.234175963420113709e-01 0.000000000000000000e+00 -9.711486364283518080e-01 -1.004038812103655309e-01 2.163071164105597466e-01 0.000000000000000000e+00 2.739825632158661081e-02 -9.480179355042371858e-01 -3.170349128937716698e-01 0.000000000000000000e+00 -1.468880892957302731e+00 7.354468215190849145e-01 1.529270422560715881e+00 1.000000000000000000e+00
2.381487404361347371e-01 -3.020869379725523718e-01 9.230539438366338612e-01 0.000000000000000000e+00 -9.708619357735495115e-01 -1.001502722606791712e-01 2.177072871614907090e-01 0.000000000000000000e+00 2.667757359764786826e-02 -9.480048250206755123e-01 -3.171354591921332067e-01 0.000000000000000000e+00 -1.462947339854884676e+00 7.353194583438036336e-01 1.532747820852244036e+00 1.000000000000000000e+00
2.393998444984585805e-01 -3.022163741730746755e-01 9.226878816398824679e-01 0.000000000000000000e+00 -9.705745354696362348e-01 -9.987470135269256588e-02 2.191116620277441251e-01 0.000000000000000000e+00 2.593403750715631700e-02 -9.479926026111841209e-01 -3.172335826462719388e-01 0.000000000000000000e+00 -1.456983899622804834e+00 7.352243934244835355e-01 1.536217006896635207e+00 1.000000000000000000e+00
2.406471996030850879e-01 -3.023500498677464954e-01 9.223195582188992159e-01 0.000000000000000000e+00 -9.702860567754543197e-01 -9.957760413591161541e-02 2.205195160712825619e-01 0.000000000000000000e+00 2.516828813322832467e-02 -9.479813389272884194e-01 -3.173291588850991052e-01 0.000000000000000000e+00 -1.450990934657858888e+00 7.351607058914901849e-01 1.539676663755586983e+00 1.000000000000000000e+00
2.418907341569951908e-01 -3.024877513533826834e-01 9.219489221025806147e-01 0.000000000000000000e+00 -9.699968877615735563e-01 -9.925950476274689183e-02 2.219304804007104781e-01 0.000000000000000000e+00 2.438095567893861643e-02 -9.479707153335507064e-01 -3.174222504406368772e-01 0.000000000000000000e+00 -1.444970196348936087e+00 7.351270613555960232e-01 1.543126213265617608e+00 1.000000000000000000e+00
2.431300061676157365e-01 -3.026299806681165272e-01 9.215763142042562306e-01 0.000000000000000000e+00 -9.697069654142187467e-01 -9.892098359910975192e-02 2.233439616478157252e-01 0.000000000000000000e+00 2.357264713050468558e-02 -9.479607247370842593e-01 -3.175131799767891838e-01 0.000000000000000000e+00 -1.438922963751718465e+00 7.351216975419063715e-01 1.546565322932910824e+00 1.000000000000000000e+00
2.443645586141580395e-01 -3.027763207333541984e-01 9.212016771705080487e-01 0.000000000000000000e+00 -9.694163833502763561e-01 -9.856244826708908391e-02 2.247594346453683500e-01 0.000000000000000000e+00 2.274404498070034877e-02 -9.479512293950573820e-01 -3.176016823868796912e-01 0.000000000000000000e+00 -1.432850316634974419e+00 7.351441670421817731e-01 1.549992706222569572e+00 1.000000000000000000e+00
2.455939739188357784e-01 -3.029269249859930513e-01 9.208250131376223280e-01 0.000000000000000000e+00 -9.691251542126797514e-01 -9.818439542849281831e-02 2.261761971052555775e-01 0.000000000000000000e+00 2.189579224535319335e-02 -9.479423480663123902e-01 -3.176877415492987966e-01 0.000000000000000000e+00 -1.426753559990498355e+00 7.351933030232938870e-01 1.553407190681998173e+00 1.000000000000000000e+00
2.468180503992344621e-01 -3.030817752781072572e-01 9.204467609950114371e-01 0.000000000000000000e+00 -9.688334210095710386e-01 -9.778737217226790568e-02 2.275939342493586426e-01 0.000000000000000000e+00 2.102848493549027906e-02 -9.479339669329052143e-01 -3.177715714156705284e-01 0.000000000000000000e+00 -1.420633776228763967e+00 7.352678957109637370e-01 1.556808786205404083e+00 1.000000000000000000e+00
2.480363014843139924e-01 -3.032406521973164404e-01 9.200669161606632729e-01 0.000000000000000000e+00 -9.685410119120996253e-01 -9.737178879069220694e-02 2.290120379078855462e-01 0.000000000000000000e+00 2.014280537193266496e-02 -9.479259710331914279e-01 -3.178528575619009588e-01 0.000000000000000000e+00 -1.414492238749327946e+00 7.353671238843549895e-01 1.560196023496878137e+00 1.000000000000000000e+00
2.492483918944893295e-01 -3.034038575395061055e-01 9.196854896496936549e-01 0.000000000000000000e+00 -9.682482316416097801e-01 -9.693821407847810767e-02 2.304298793371891696e-01 0.000000000000000000e+00 1.923936294663474225e-02 -9.479181306242255856e-01 -3.179320810928052410e-01 0.000000000000000000e+00 -1.408330387146061735e+00 7.354891707762974962e-01 1.563568492455274406e+00 1.000000000000000000e+00
2.504539717415288913e-01 -3.035710142519781329e-01 9.193027454109137242e-01 0.000000000000000000e+00 -9.679549160973246469e-01 -9.648707581580168169e-02 2.318470449012509926e-01 0.000000000000000000e+00 1.831879524669713724e-02 -9.479106610154012236e-01 -3.180087923575938835e-01 0.000000000000000000e+00 -1.402149040706721195e+00 7.356338972494900208e-01 1.566925423059173594e+00 1.000000000000000000e+00
2.516527028849419034e-01 -3.037423548671897566e-01 9.189187103796006006e-01 0.000000000000000000e+00 -9.676611808689880023e-01 -9.601892468246568668e-02 2.332629608514267816e-01 0.000000000000000000e+00 1.738175170523326499e-02 -9.479033026831515940e-01 -3.180832507319966140e-01 0.000000000000000000e+00 -1.395949600354062792e+00 7.357996669171561477e-01 1.570265897199603744e+00 1.000000000000000000e+00
2.528439375748977036e-01 -3.039175701578182842e-01 9.185336127179358767e-01 0.000000000000000000e+00 -9.673672397951158519e-01 -9.553409736351771431e-02 2.346768425752653875e-01 0.000000000000000000e+00 1.642886532624380710e-02 -9.478961689298083249e-01 -3.181552402255409806e-01 0.000000000000000000e+00 -1.389733792548628166e+00 7.359861312207205408e-01 1.573588618959959051e+00 1.000000000000000000e+00
2.540277399425062144e-01 -3.040968839175487437e-01 9.181475965058162325e-01 0.000000000000000000e+00 -9.670731125738446510e-01 -9.503330820716765492e-02 2.360886256823532814e-01 0.000000000000000000e+00 1.546078160339669182e-02 -9.478889626940432134e-01 -3.182251816099989083e-01 0.000000000000000000e+00 -1.383502391629021000e+00 7.361913265126865946e-01 1.576894299024912183e+00 1.000000000000000000e+00
2.552036409915006132e-01 -3.042802525282951587e-01 9.177605897949010494e-01 0.000000000000000000e+00 -9.667786428936947507e-01 -9.451696300312897869e-02 2.374975220142533650e-01 0.000000000000000000e+00 1.447813691321999351e-02 -9.478816856968759197e-01 -3.182928258063443816e-01 0.000000000000000000e+00 -1.377221698786222914e+00 7.364433021482561514e-01 1.580080482784438800e+00 1.000000000000000000e+00
2.563709277171046796e-01 -3.044672750296260055e-01 9.173731120782528947e-01 0.000000000000000000e+00 -9.664842040063471584e-01 -9.398538879681792024e-02 2.389028488954350049e-01 0.000000000000000000e+00 1.348157057404767052e-02 -9.478744751658539913e-01 -3.183580970650786712e-01 0.000000000000000000e+00 -1.370882402404140610e+00 7.367515991197446379e-01 1.583112456343185981e+00 1.000000000000000000e+00
2.575296216090418033e-01 -3.046584689831244863e-01 9.169851102614763327e-01 0.000000000000000000e+00 -9.661897140550030905e-01 -9.343930893227060663e-02 2.403042782086407259e-01 0.000000000000000000e+00 1.247171712982223651e-02 -9.478671312962804185e-01 -3.184213657281441678e-01 0.000000000000000000e+00 -1.364532021513350513e+00 7.370755712224599243e-01 1.586124549959427865e+00 1.000000000000000000e+00
2.586791685914330285e-01 -3.048532158339397058e-01 9.165966901665473232e-01 0.000000000000000000e+00 -9.658951341455865869e-01 -9.287905963724633895e-02 2.417012621992551957e-01 0.000000000000000000e+00 1.144922877151415518e-02 -9.478596153529375012e-01 -3.184821875420510984e-01 0.000000000000000000e+00 -1.358171833184035560e+00 7.374151170391264332e-01 1.589115496881753131e+00 1.000000000000000000e+00
2.598192103186133251e-01 -3.050518189506208344e-01 9.162080845568619791e-01 0.000000000000000000e+00 -9.656008708829489917e-01 -9.230516268039021255e-02 2.430931290270345602e-01 0.000000000000000000e+00 1.041473900738436840e-02 -9.478517335171728897e-01 -3.185410615736301576e-01 0.000000000000000000e+00 -1.351803381719239638e+00 7.377684868676024355e-01 1.592085037612558818e+00 1.000000000000000000e+00
2.609494462954622951e-01 -3.052539514315557589e-01 9.158194754419389794e-01 0.000000000000000000e+00 -9.653066748055303403e-01 -9.171806359198941827e-02 2.444794634257493882e-01 0.000000000000000000e+00 9.368864811309812052e-03 -9.478436184634262407e-01 -3.185975629192022152e-01 0.000000000000000000e+00 -1.345427339226693331e+00 7.381353677246652589e-01 1.595032227817654302e+00 1.000000000000000000e+00
2.620695586453147263e-01 -3.054595868404654802e-01 9.154310222440809053e-01 0.000000000000000000e+00 -9.650129000435323512e-01 -9.111828685207268297e-02 2.458597693611186130e-01 0.000000000000000000e+00 8.312280238936943164e-03 -9.478353033933255567e-01 -3.186518386810326398e-01 0.000000000000000000e+00 -1.339045819542536320e+00 7.385148302820924160e-01 1.597956618303749909e+00 1.000000000000000000e+00
2.631790455141863050e-01 -3.056689536182136124e-01 9.150426635772374029e-01 0.000000000000000000e+00 -9.647195584236790689e-01 -9.050634007868794961e-02 2.472333352921332605e-01 0.000000000000000000e+00 7.245611256024052545e-03 -9.478263548979282138e-01 -3.187043141351388331e-01 0.000000000000000000e+00 -1.332659734425795106e+00 7.389052894467048604e-01 1.600857644285355041e+00 1.000000000000000000e+00
2.642776785142597618e-01 -3.058815686508536413e-01 9.146549692963389377e-01 0.000000000000000000e+00 -9.644266494752159469e-01 -8.988264819182026355e-02 2.485998799419653627e-01 0.000000000000000000e+00 6.169484525378556017e-03 -9.478171253595291113e-01 -3.187544297048131581e-01 0.000000000000000000e+00 -1.326270272548469631e+00 7.393065988635205699e-01 1.603734532946641700e+00 1.000000000000000000e+00
2.653650052245113411e-01 -3.060974466463819432e-01 9.142679399315399857e-01 0.000000000000000000e+00 -9.641343226970459090e-01 -8.924766619100905907e-02 2.499586800245425511e-01 0.000000000000000000e+00 5.084577010675460362e-03 -9.478074766745590019e-01 -3.188023841345978826e-01 0.000000000000000000e+00 -1.319878789430287913e+00 7.397177633656111251e-01 1.606586662971624335e+00 1.000000000000000000e+00
2.664408117170272705e-01 -3.063167344900730726e-01 9.138814772466702374e-01 0.000000000000000000e+00 -9.638427759687572260e-01 -8.860198831594386093e-02 2.513092852606690353e-01 0.000000000000000000e+00 3.991481713005315228e-03 -9.477971863402688824e-01 -3.188484653132537261e-01 0.000000000000000000e+00 -1.313486956894243773e+00 7.401373027846187558e-01 1.609413634882060684e+00 1.000000000000000000e+00
2.675045629798471492e-01 -3.065390320171567096e-01 9.134961135422866585e-01 0.000000000000000000e+00 -9.635519350597030463e-01 -8.794595950837290343e-02 2.526511458286516687e-01 0.000000000000000000e+00 2.890857466140571170e-03 -9.477863653458220572e-01 -3.188923752443516002e-01 0.000000000000000000e+00 -1.307095673148244375e+00 7.405651984984961134e-01 1.612214658904910225e+00 1.000000000000000000e+00
2.685558826397027032e-01 -3.067644761051359081e-01 9.131118166844698347e-01 0.000000000000000000e+00 -9.632621924424893400e-01 -8.728010485731967083e-02 2.539835875318025571e-01 0.000000000000000000e+00 1.783364218498750733e-03 -9.477749763129635907e-01 -3.189342968126884226e-01 0.000000000000000000e+00 -1.300706872964035643e+00 7.410000701892449637e-01 1.614988951577729370e+00 1.000000000000000000e+00
2.695947246220505300e-01 -3.069926000334715632e-01 9.127290127576120904e-01 0.000000000000000000e+00 -9.629733493109505771e-01 -8.660490389459005178e-02 2.553064847848859897e-01 0.000000000000000000e+00 6.696102874389297079e-04 -9.477630316769753982e-01 -3.189740818775971820e-01 0.000000000000000000e+00 -1.294320956592365235e+00 7.414415797855586909e-01 1.617736675343918851e+00 1.000000000000000000e+00
2.706204202829903260e-01 -3.072238087642678583e-01 9.123475427890010980e-01 0.000000000000000000e+00 -9.626857747908578178e-01 -8.592085907264816746e-02 2.566188885392859942e-01 0.000000000000000000e+00 -4.497428966391399342e-04 -9.477503490314105328e-01 -3.190120501253452256e-01 0.000000000000000000e+00 -1.287940380320462097e+00 7.418883706259891131e-01 1.620456633689725257e+00 1.000000000000000000e+00
2.716327153851868514e-01 -3.074577379497256402e-01 9.119679165634158036e-01 0.000000000000000000e+00 -9.623994019677141187e-01 -8.522842302317690244e-02 2.579204952539763673e-01 0.000000000000000000e+00 -1.574068759159380623e-03 -9.477370887693880031e-01 -3.190481491794400770e-01 0.000000000000000000e+00 -1.281565689432822897e+00 7.423398768671432002e-01 1.623148901408745237e+00 1.000000000000000000e+00
2.726313114800056336e-01 -3.076941834524399288e-01 9.115900413269207858e-01 0.000000000000000000e+00 -9.621144807294783607e-01 -8.452803044641049590e-02 2.592107026959060145e-01 0.000000000000000000e+00 -2.702706651939454710e-03 -9.477230352903208699e-01 -3.190820991105560722e-01 0.000000000000000000e+00 -1.275187042849056152e+00 7.428086708545438288e-01 1.625765482882406410e+00 1.000000000000000000e+00
2.736156997946120328e-01 -3.079330695675143170e-01 9.112144097602719039e-01 0.000000000000000000e+00 -9.618311071517007260e-01 -8.382013853981613860e-02 2.604889457165886490e-01 0.000000000000000000e+00 -3.835044256374423987e-03 -9.477083624887209234e-01 -3.191143124034118705e-01 0.000000000000000000e+00 -1.268770198085108047e+00 7.433358581173823421e-01 1.628160691085030365e+00 1.000000000000000000e+00
2.745857140565075016e-01 -3.081743644314434705e-01 9.108409315773278170e-01 0.000000000000000000e+00 -9.615495270870786371e-01 -8.310528816238643701e-02 2.617547780818439418e-01 0.000000000000000000e+00 -4.970409636458645621e-03 -9.476929297889410408e-01 -3.191445270304642534e-01 0.000000000000000000e+00 -1.262364311049561705e+00 7.438652353695295316e-01 1.630525916962861199e+00 1.000000000000000000e+00
2.755410784676632363e-01 -3.084178708742557062e-01 9.104700040805224770e-01 0.000000000000000000e+00 -9.612696494018529991e-01 -8.238396309797121897e-02 2.630078533520331940e-01 0.000000000000000000e+00 -6.108182737100781648e-03 -9.476765978144410241e-01 -3.191730293291434872e-01 0.000000000000000000e+00 -1.255970170881550718e+00 7.443961853705647336e-01 1.632861561279771445e+00 1.000000000000000000e+00
2.764811236524263860e-01 -3.086636455318630401e-01 9.101016169544647871e-01 0.000000000000000000e+00 -9.609917766298099462e-01 -8.165657172507446993e-02 2.642472265446571544e-01 0.000000000000000000e+00 -7.247721844581752997e-03 -9.476595755380913255e-01 -3.191998536061171343e-01 0.000000000000000000e+00 -1.249590084045132166e+00 7.449279742100278767e-01 1.635166222262584901e+00 1.000000000000000000e+00
2.774057584025850232e-01 -3.089111645203730383e-01 9.097360739611151104e-01 0.000000000000000000e+00 -9.607159932183748641e-01 -8.092355256699604316e-02 2.654726701112802290e-01 0.000000000000000000e+00 -8.388401377914970342e-03 -9.476418338570201660e-01 -3.192247022735781870e-01 0.000000000000000000e+00 -1.243224481576837404e+00 7.454605229723275661e-01 1.637439636779683516e+00 1.000000000000000000e+00
2.783145673955580990e-01 -3.091604885362400079e-01 9.093737560513298623e-01 0.000000000000000000e+00 -9.604425360954383928e-01 -8.018538084180305836e-02 2.666835997479468090e-01 0.000000000000000000e+00 -9.529536876169662774e-03 -9.476232713367738203e-01 -3.192477133407973233e-01 0.000000000000000000e+00 -1.236875616094666785e+00 7.459926054476309076e-01 1.639681535873177332e+00 1.000000000000000000e+00
2.792072172759556548e-01 -3.094116386056687817e-01 9.090146733488823072e-01 0.000000000000000000e+00 -9.601712415056820049e-01 -7.944261563124963010e-02 2.678795180797134412e-01 0.000000000000000000e+00 -1.067052459007174388e-02 -9.476038219315546796e-01 -3.192692307229430537e-01 0.000000000000000000e+00 -1.230544084754381595e+00 7.465234146700936435e-01 1.641891801554895114e+00 1.000000000000000000e+00
2.800832974322489122e-01 -3.096643322809584653e-01 9.086591455758782354e-01 0.000000000000000000e+00 -9.599028119825686600e-01 -7.869562458351762879e-02 2.690598257475627642e-01 0.000000000000000000e+00 -1.181071696921229437e-02 -9.475836008156278689e-01 -3.192891125242554584e-01 0.000000000000000000e+00 -1.224232213789134827e+00 7.470524963962308362e-01 1.644069712809534733e+00 1.000000000000000000e+00
2.809425853927882133e-01 -3.099181559351105175e-01 9.083071573188166159e-01 0.000000000000000000e+00 -9.596369803007355204e-01 -7.794485697236328003e-02 2.702240797649184678e-01 0.000000000000000000e+00 -1.294948492370101741e-02 -9.475626434812326471e-01 -3.193070881402570449e-01 0.000000000000000000e+00 -1.217940482172027217e+00 7.475797427242247828e-01 1.646214510715879653e+00 1.000000000000000000e+00
2.817845790924898841e-01 -3.101734552942523870e-01 9.079591519018496149e-01 0.000000000000000000e+00 -9.593740647525319520e-01 -7.719082855960206213e-02 2.713716396077032744e-01 0.000000000000000000e+00 -1.408616074921646179e-02 -9.475409225822967185e-01 -3.193236465458291207e-01 0.000000000000000000e+00 -1.211670984943690632e+00 7.481038624460358832e-01 1.648326304360908434e+00 1.000000000000000000e+00
2.826092804329874419e-01 -3.104299137286657961e-01 9.076151134757020067e-01 0.000000000000000000e+00 -9.591141186049573220e-01 -7.643411226039825701e-02 2.725023206504600393e-01 0.000000000000000000e+00 -1.522012669237362247e-02 -9.475182222629981998e-01 -3.193387963436721821e-01 0.000000000000000000e+00 -1.205424371489488333e+00 7.486238451440224706e-01 1.650404944112814798e+00 1.000000000000000000e+00
2.834158870393850838e-01 -3.106870823543044779e-01 9.072754954821381501e-01 0.000000000000000000e+00 -9.588574718684385045e-01 -7.567488671639768794e-02 2.736151360348080819e-01 0.000000000000000000e+00 -1.635071614894942002e-02 -9.474949700337158554e-01 -3.193521346903500091e-01 0.000000000000000000e+00 -1.199202991434605847e+00 7.491405262674497578e-01 1.652449166182454743e+00 1.000000000000000000e+00
2.842043252390134556e-01 -3.109450345004062255e-01 9.069405469878462078e-01 0.000000000000000000e+00 -9.586041795831178325e-01 -7.491379581559805267e-02 2.747098895038529998e-01 0.000000000000000000e+00 -1.747731129435685371e-02 -9.474707486287037295e-01 -3.193641820238921625e-01 0.000000000000000000e+00 -1.193007682608587805e+00 7.496520727961140107e-01 1.654459681644763647e+00 1.000000000000000000e+00
2.849742977995874949e-01 -3.112035289573298891e-01 9.066101474327836751e-01 0.000000000000000000e+00 -9.583544647285882068e-01 -7.415125862876652263e-02 2.757859562379182394e-01 0.000000000000000000e+00 -1.859929317745159447e-02 -9.474458211299144894e-01 -3.193746391247249128e-01 0.000000000000000000e+00 -1.186839793122517861e+00 7.501586339411125959e-01 1.656435193997632283e+00 1.000000000000000000e+00
2.857253087923052326e-01 -3.114626184847038015e-01 9.062847392991479900e-01 0.000000000000000000e+00 -9.581085248521638009e-01 -7.338775627449592442e-02 2.768427676632290724e-01 0.000000000000000000e+00 -1.971596203724598068e-02 -9.474202043011931140e-01 -3.193838410370283265e-01 0.000000000000000000e+00 -1.180701214738439697e+00 7.506591630200685206e-01 1.658375906099811337e+00 1.000000000000000000e+00
2.864572336603349867e-01 -3.117219108118783333e-01 9.059644642263577907e-01 0.000000000000000000e+00 -9.578663267432288020e-01 -7.262378319806857274e-02 2.778800490959980607e-01 0.000000000000000000e+00 -2.082672281602313685e-02 -9.473937980621273125e-01 -3.193916587872579482e-01 0.000000000000000000e+00 -1.174588442845209357e+00 7.511610293331220101e-01 1.660254905296574046e+00 1.000000000000000000e+00
2.871696483298111224e-01 -3.119812370319737238e-01 9.056496002374472276e-01 0.000000000000000000e+00 -9.576284086497741654e-01 -7.185971482433907431e-02 2.788970942317447466e-01 0.000000000000000000e+00 -2.193092788522233230e-02 -9.473667354798708251e-01 -3.193980860963334112e-01 0.000000000000000000e+00 -1.168474179699560356e+00 7.517171467927158401e-01 1.661884567819421399e+00 1.000000000000000000e+00
2.878621564083521100e-01 -3.122404806768545038e-01 9.053404428419874472e-01 0.000000000000000000e+00 -9.573946627598948211e-01 -7.109601367385789961e-02 2.798933934571851689e-01 0.000000000000000000e+00 -2.302794494582108623e-02 -9.473389225346671161e-01 -3.194033624759916590e-01 0.000000000000000000e+00 -1.162393450045116738e+00 7.522658109830696604e-01 1.663478554411172761e+00 1.000000000000000000e+00
2.885345339806723031e-01 -3.124994634933103144e-01 9.050368798183512364e-01 0.000000000000000000e+00 -9.571654118011730938e-01 -7.033316309375216291e-02 2.808684410582857893e-01 0.000000000000000000e+00 -2.411712939655525842e-02 -9.473104490521055965e-01 -3.194073171928971111e-01 0.000000000000000000e+00 -1.156347800525744596e+00 7.528065860993269354e-01 1.665035969993487353e+00 1.000000000000000000e+00
2.891864009872336383e-01 -3.127579017199162981e-01 9.047395979444828873e-01 0.000000000000000000e+00 -9.569408196127641153e-01 -6.957159234037756101e-02 2.818218175075427046e-01 0.000000000000000000e+00 -2.519783026572995285e-02 -9.472813586110711004e-01 -3.194101163246453878e-01 0.000000000000000000e+00 -1.150338767354453173e+00 7.533391234946446025e-01 1.666557358813373080e+00 1.000000000000000000e+00
2.898172747142778727e-01 -3.130158121652246161e-01 9.044484250000117687e-01 0.000000000000000000e+00 -9.567211800620262219e-01 -6.881173762812911598e-02 2.827527629180641711e-01 0.000000000000000000e+00 -2.626941675534305229e-02 -9.472516693461389137e-01 -3.194117993719316484e-01 0.000000000000000000e+00 -1.144367961619550345e+00 7.538628118204548922e-01 1.668041622232537380e+00 1.000000000000000000e+00
2.904271040100346868e-01 -3.132727483256065315e-01 9.041637864178537765e-01 0.000000000000000000e+00 -9.565064769367113140e-01 -6.805408222010299324e-02 2.836610519633256944e-01 0.000000000000000000e+00 -2.733124299607090843e-02 -9.472214762801678400e-01 -3.194122947458649109e-01 0.000000000000000000e+00 -1.138435932346059554e+00 7.543775321568771952e-01 1.669489180356116265e+00 1.000000000000000000e+00
2.910154112334473187e-01 -3.135287952234722675e-01 9.038858103350472240e-01 0.000000000000000000e+00 -9.562969516342252341e-01 -6.729908224209260603e-02 2.845460022918921417e-01 0.000000000000000000e+00 -2.838267354516391117e-02 -9.471907478199058650e-01 -3.194118504670798719e-01 0.000000000000000000e+00 -1.132544839145170013e+00 7.548823216477769105e-01 1.670899535292929006e+00 1.000000000000000000e+00
2.915819530175027818e-01 -3.137836028738641425e-01 9.036147663184653789e-01 0.000000000000000000e+00 -9.560929632024367519e-01 -6.654716955811913748e-02 2.854071926626159383e-01 0.000000000000000000e+00 -2.942308589724952975e-02 -9.471594851812551452e-01 -3.194103438337093093e-01 0.000000000000000000e+00 -1.126695903864947779e+00 7.553770321356444439e-01 1.672272368218278960e+00 1.000000000000000000e+00
2.921262447386581140e-01 -3.140370193376608166e-01 9.033509476621220946e-01 0.000000000000000000e+00 -9.558945088840059556e-01 -6.579877004492964976e-02 2.862439607824083798e-01 0.000000000000000000e+00 -3.045181389539053374e-02 -9.471277227713267299e-01 -3.194079541909589648e-01 0.000000000000000000e+00 -1.120890507522878110e+00 7.558612025312222427e-01 1.673607600778640458e+00 1.000000000000000000e+00
2.926481376261526046e-01 -3.142888772215952087e-01 9.030943393989817602e-01 0.000000000000000000e+00 -9.557020068764887633e-01 -6.505438205319109823e-02 2.870559602472907978e-01 0.000000000000000000e+00 -3.146825399692358000e-02 -9.470956683484069716e-01 -3.194046752356178298e-01 0.000000000000000000e+00 -1.115130224828307925e+00 7.563345784292030416e-01 1.674904871001721807e+00 1.000000000000000000e+00
2.931473679197915683e-01 -3.145390301572303371e-01 9.028454687508200571e-01 0.000000000000000000e+00 -9.555153973872024809e-01 -6.431450022970215674e-02 2.878427886699406191e-01 0.000000000000000000e+00 -3.247174785235635436e-02 -9.470631239669803358e-01 -3.194006948028253468e-01 0.000000000000000000e+00 -1.109416034969705533e+00 7.567963492870838360e-01 1.676164650746022833e+00 1.000000000000000000e+00
2.936232941829992615e-01 -3.147871597153225620e-01 9.026041808216836992e-01 0.000000000000000000e+00 -9.553350882106116382e-01 -6.357944416532876342e-02 2.886035538324120409e-01 0.000000000000000000e+00 -3.346160911994440490e-02 -9.470303646333899650e-01 -3.193957276130836020e-01 0.000000000000000000e+00 -1.103750101804862105e+00 7.572467985933554191e-01 1.677385592326544606e+00 1.000000000000000000e+00
2.940758974137474557e-01 -3.150328704255306311e-01 9.023710693551076911e-01 0.000000000000000000e+00 -9.551612157959223914e-01 -6.284965718820881286e-02 2.893380519642019810e-01 0.000000000000000000e+00 -3.443728623890369989e-02 -9.469973189525230373e-01 -3.193898970965750039e-01 0.000000000000000000e+00 -1.098133333023524116e+00 7.576854922733090580e-01 1.678568034245832896e+00 1.000000000000000000e+00
2.945047969910595809e-01 -3.152764638938446717e-01 9.021461873703403578e-01 0.000000000000000000e+00 -9.549939524725423734e-01 -6.212576023332506969e-02 2.900457695707257533e-01 0.000000000000000000e+00 -3.539807027261490657e-02 -9.469640537546168968e-01 -3.193835856825029129e-01 0.000000000000000000e+00 -1.092566905948794354e+00 7.581113832866330782e-01 1.679712331632032818e+00 1.000000000000000000e+00
2.949095081380545547e-01 -3.155175642359633881e-01 9.019295702339119591e-01 0.000000000000000000e+00 -9.548335300257921876e-01 -6.140802909761784723e-02 2.907258820269764676e-01 0.000000000000000000e+00 -3.634339750723354634e-02 -9.469305773157213890e-01 -3.193766700642126088e-01 0.000000000000000000e+00 -1.087052905807708081e+00 7.585245865214941263e-01 1.680817278511637758e+00 1.000000000000000000e+00
2.952897779013570756e-01 -3.157558061124939308e-01 9.017218339109185354e-01 0.000000000000000000e+00 -9.546801778069842204e-01 -6.069695436479529554e-02 2.913781418696079761e-01 0.000000000000000000e+00 -3.727255071891490829e-02 -9.468969418118814430e-01 -3.193691117412900682e-01 0.000000000000000000e+00 -1.081588499284430016e+00 7.589394051978184397e-01 1.681833049280820225e+00 1.000000000000000000e+00
2.956455812018239371e-01 -3.159910000909432748e-01 9.015228055007257213e-01 0.000000000000000000e+00 -9.545340276772216193e-01 -5.999302795573148439e-02 2.920021400606458428e-01 0.000000000000000000e+00 -3.818497504655521402e-02 -9.468633515975333204e-01 -3.193609609432456753e-01 0.000000000000000000e+00 -1.076164157599837523e+00 7.593956542411577360e-01 1.682621015299602174e+00 1.000000000000000000e+00
2.959762330709949651e-01 -3.162232543836383525e-01 9.013328242719477190e-01 0.000000000000000000e+00 -9.543952543794398391e-01 -5.929671263298864209e-02 2.925971393515438557e-01 0.000000000000000000e+00 -3.907995033556866532e-02 -9.468297693730308717e-01 -3.193524539924703642e-01 0.000000000000000000e+00 -1.070796408172041581e+00 7.598378709335307235e-01 1.683369596338762708e+00 1.000000000000000000e+00
2.962815053837713486e-01 -3.164520241896425223e-01 9.011522904144461110e-01 0.000000000000000000e+00 -9.542642293768833772e-01 -5.860836362472754413e-02 2.931627686891015716e-01 0.000000000000000000e+00 -3.995688102502262251e-02 -9.467961499619601540e-01 -3.193435855749746644e-01 0.000000000000000000e+00 -1.065486835752970096e+00 7.602662955859129656e-01 1.684079135011945505e+00 1.000000000000000000e+00
2.965612922041649391e-01 -3.166773043691150646e-01 9.009810051420954480e-01 0.000000000000000000e+00 -9.541410223293506077e-01 -5.792853667593058503e-02 2.936984687951523787e-01 0.000000000000000000e+00 -4.081511849530325420e-02 -9.467626289024971831e-01 -3.193342368989891544e-01 0.000000000000000000e+00 -1.060236107357419577e+00 7.606801784726444637e-01 1.684748645724443383e+00 1.000000000000000000e+00
2.968148766954812334e-01 -3.168987121965698983e-01 9.008196937089132383e-01 0.000000000000000000e+00 -9.540258908804798432e-01 -5.725750472568594956e-02 2.942035832833398978e-01 0.000000000000000000e+00 -4.165403429301883786e-02 -9.467294322320521927e-01 -3.193245312292542493e-01 0.000000000000000000e+00 -1.055046618723024299e+00 7.610800600515551517e-01 1.685378625027681432e+00 1.000000000000000000e+00
2.970423151271085471e-01 -3.171163747072252015e-01 9.006681325396952431e-01 0.000000000000000000e+00 -9.539189629545440363e-01 -5.659592641150924808e-02 2.946778254704841560e-01 0.000000000000000000e+00 -4.247300914482761425e-02 -9.466964415507400643e-01 -3.193147832479248938e-01 0.000000000000000000e+00 -1.049918678405848516e+00 7.614647263842172498e-01 1.685969026534864135e+00 1.000000000000000000e+00
2.972431264308760812e-01 -3.173296742458468489e-01 9.005267299215680143e-01 0.000000000000000000e+00 -9.538204781075110272e-01 -5.594412360177965921e-02 2.951206481804875548e-01 0.000000000000000000e+00 -4.327134425089450981e-02 -9.466635311713551548e-01 -3.193047410173927569e-01 0.000000000000000000e+00 -1.044854106440694874e+00 7.618341871493604645e-01 1.686519399857174362e+00 1.000000000000000000e+00
2.974170072746618598e-01 -3.175387474394778531e-01 9.003956315052320525e-01 0.000000000000000000e+00 -9.537307477730325722e-01 -5.530256957438986487e-02 2.955314365773993868e-01 0.000000000000000000e+00 -4.404847662466065267e-02 -9.466310788973795187e-01 -3.192945480321125462e-01 0.000000000000000000e+00 -1.039854647558872580e+00 7.621883910576987553e-01 1.687029778616350395e+00 1.000000000000000000e+00
2.975636836576086020e-01 -3.177433676439209709e-01 9.002749582622927571e-01 0.000000000000000000e+00 -9.536498219430113998e-01 -5.467171202145151149e-02 2.959097310215323406e-01 0.000000000000000000e+00 -4.480376594160034864e-02 -9.465992843993016326e-01 -3.192842761680041441e-01 0.000000000000000000e+00 -1.034921087206083889e+00 7.625270728042152779e-01 1.687499902113943184e+00 1.000000000000000000e+00
2.976826228586501033e-01 -3.179431227621828393e-01 9.001650822245662598e-01 0.000000000000000000e+00 -9.535779953842410395e-01 -5.405193154082732487e-02 2.962548375739951223e-01 0.000000000000000000e+00 -4.553651559253703990e-02 -9.465676414592506527e-01 -3.192739898008691846e-01 0.000000000000000000e+00 -1.030055317076187027e+00 7.628498188026545668e-01 1.687929706573397137e+00 1.000000000000000000e+00
2.977737481056382807e-01 -3.181380511940642974e-01 9.000660473998371991e-01 0.000000000000000000e+00 -9.535153715219899517e-01 -5.344382754400889973e-02 2.965664942627927458e-01 0.000000000000000000e+00 -4.624611377358967684e-02 -9.465367016719079540e-01 -3.192638097892637195e-01 0.000000000000000000e+00 -1.025258427366267711e+00 7.631563040963240674e-01 1.688319358699654105e+00 1.000000000000000000e+00
2.978366968117892033e-01 -3.183278776184956249e-01 8.999781247324802891e-01 0.000000000000000000e+00 -9.534621865896834025e-01 -5.284774075750429262e-02 2.968441702956781114e-01 0.000000000000000000e+00 -4.693195301356294091e-02 -9.465063401763623707e-01 -3.192537044759846121e-01 0.000000000000000000e+00 -1.020531493704445181e+00 7.634465436167715557e-01 1.688668690058097832e+00 1.000000000000000000e+00
2.978710948283970761e-01 -3.185121946154230721e-01 8.999014838384626902e-01 0.000000000000000000e+00 -9.534186177260737249e-01 -5.226411317193753459e-02 2.970872589568298028e-01 0.000000000000000000e+00 -4.759334382247944195e-02 -9.464766882092466860e-01 -3.192435664448485255e-01 0.000000000000000000e+00 -1.015876428194546932e+00 7.637204702752167229e-01 1.688977375252054047e+00 1.000000000000000000e+00
2.978766958243347363e-01 -3.186913540664711442e-01 8.998361935777235976e-01 0.000000000000000000e+00 -9.533849714734832226e-01 -5.169350372017779416e-02 2.972952264847086301e-01 0.000000000000000000e+00 -4.822973726938302452e-02 -9.464477680083950295e-01 -3.192339763625520188e-01 0.000000000000000000e+00 -1.011294218278449453e+00 7.639770108148425942e-01 1.689245745274791322e+00 1.000000000000000000e+00
2.978653495464848588e-01 -3.188542357703187946e-01 8.997822476488994692e-01 0.000000000000000000e+00 -9.533570932199277870e-01 -5.113043034303788037e-02 2.974819677496303716e-01 0.000000000000000000e+00 -4.884712274875115806e-02 -9.464234830563929002e-01 -3.192120536035668033e-01 0.000000000000000000e+00 -1.006760242318024412e+00 7.642399798484325046e-01 1.689478362447636828e+00 1.000000000000000000e+00
2.978491716327281158e-01 -3.189908673721502108e-01 8.997391535542970109e-01 0.000000000000000000e+00 -9.533309170286811129e-01 -5.056928625553168410e-02 2.976616017604120645e-01 0.000000000000000000e+00 -4.945214012965088585e-02 -9.464076392065690069e-01 -3.191659360717812310e-01 0.000000000000000000e+00 -1.002248194508041479e+00 7.645682100645776469e-01 1.689556691442262615e+00 1.000000000000000000e+00
2.978285838765346583e-01 -3.191016772018877012e-01 8.997068839593388434e-01 0.000000000000000000e+00 -9.533064192311501150e-01 -5.001020132612377794e-02 2.978345123965425723e-01 0.000000000000000000e+00 -5.004495557592180538e-02 -9.463999872547413927e-01 -3.190962291345139090e-01 0.000000000000000000e+00 -9.977573749147876647e-01 7.649573506098250597e-01 1.689494081150913818e+00 1.000000000000000000e+00
2.978035005250622702e-01 -3.191870642365136068e-01 8.996847501812119674e-01 0.000000000000000000e+00 -9.532835931215045688e-01 -4.945317701083064982e-02 2.980005088082022247e-01 0.000000000000000000e+00 -5.062562805710498631e-02 -9.464003738290104328e-01 -3.190032223631067421e-01 0.000000000000000000e+00 -9.932883113785988538e-01 7.653739476541415732e-01 1.689402091509891513e+00 1.000000000000000000e+00
2.977739333109807318e-01 -3.192477043395017811e-01 8.996730299201033398e-01 0.000000000000000000e+00 -9.532624225259006545e-01 -4.889827247201594673e-02 2.981596390035687327e-01 0.000000000000000000e+00 -5.119432115725644494e-02 -9.464087263144055351e-01 -3.188875847285063680e-01 0.000000000000000000e+00 -9.888411204212190775e-01 7.658172662387633389e-01 1.689282043704643854e+00 1.000000000000000000e+00
2.977401067200245999e-01 -3.192840183150262856e-01 8.996712303442275793e-01 0.000000000000000000e+00 -9.532429017924143322e-01 -4.834557639729500367e-02 2.983120731479289023e-01 0.000000000000000000e+00 -5.175114126122679764e-02 -9.464249055456905868e-01 -3.187497918192111479e-01 0.000000000000000000e+00 -9.844150767518881073e-01 7.662866950745915728e-01 1.689134333653227404e+00 1.000000000000000000e+00
2.977020303786570010e-01 -3.192964705822339821e-01 8.996795679924449729e-01 0.000000000000000000e+00 -9.532250825380060855e-01 -4.779510668038376708e-02 2.984578163003047124e-01 0.000000000000000000e+00 -5.229624245276365962e-02 -9.464486483275207362e-01 -3.185902602071371548e-01 0.000000000000000000e+00 -9.800102134640297225e-01 7.667815809950135897e-01 1.688959674379034270e+00 1.000000000000000000e+00
2.976599029487349557e-01 -3.192857726010864816e-01 8.996972427925722382e-01 0.000000000000000000e+00 -9.532087761690457572e-01 -4.724703636683769137e-02 2.985969332227464412e-01 0.000000000000000000e+00 -5.282971956738000824e-02 -9.464798688187712195e-01 -3.184096626677651587e-01 0.000000000000000000e+00 -9.756260064795206910e-01 7.673009104393545554e-01 1.688758495072660848e+00 1.000000000000000000e+00
2.976138057884750165e-01 -3.192519096713899995e-01 8.997245247380976085e-01 0.000000000000000000e+00 -9.531942006405080825e-01 -4.670128713253999392e-02 2.987296530828191798e-01 0.000000000000000000e+00 -5.335171696770749789e-02 -9.465183078825295526e-01 -3.182081178357004103e-01 0.000000000000000000e+00 -9.712621547866546745e-01 7.678446047733533675e-01 1.688531528528158132e+00 1.000000000000000000e+00
2.975639345054814089e-01 -3.191958919290647234e-01 8.997608839033919281e-01 0.000000000000000000e+00 -9.531810133949684127e-01 -4.615810322777963437e-02 2.988560031664859729e-01 0.000000000000000000e+00 -5.386236030247856799e-02 -9.465638258661784876e-01 -3.179866089746049007e-01 0.000000000000000000e+00 -9.669183330904597140e-01 7.684112878979595385e-01 1.688279572090237712e+00 1.000000000000000000e+00
2.975100647342912574e-01 -3.191179838731291740e-01 8.998063149228544555e-01 0.000000000000000000e+00 -9.531694433597084348e-01 -4.561739141224366301e-02 2.989757893635232033e-01 0.000000000000000000e+00 -5.436173054073643873e-02 -9.466162927586320164e-01 -3.177452433512560348e-01 0.000000000000000000e+00 -9.625945734104427443e-01 7.690008367490098751e-01 1.688002679337799128e+00 1.000000000000000000e+00
2.974527491927378420e-01 -3.190186256253058072e-01 8.998605307576710288e-01 0.000000000000000000e+00 -9.531596279753469236e-01 -4.507930097546682113e-02 2.990894800933105446e-01 0.000000000000000000e+00 -5.485004346663984592e-02 -9.466756272121329419e-01 -3.174847121170288333e-01 0.000000000000000000e+00 -9.582903924813453989e-01 7.696123911028232012e-01 1.687702066686927349e+00 1.000000000000000000e+00
2.973915309773276228e-01 -3.188984765192321436e-01 8.999233803027615330e-01 0.000000000000000000e+00 -9.531508995364812442e-01 -4.454387600667918112e-02 2.991968152339565257e-01 0.000000000000000000e+00 -5.532730714145659562e-02 -9.467414959382531858e-01 -3.172054464379616689e-01 0.000000000000000000e+00 -9.540052915743253426e-01 7.702450392328390461e-01 1.687377888037594476e+00 1.000000000000000000e+00
2.973271180879525910e-01 -3.187579553974581037e-01 8.999944465225602208e-01 0.000000000000000000e+00 -9.531437496307946233e-01 -4.401127978008353980e-02 2.992981808306208191e-01 0.000000000000000000e+00 -5.579375848549317923e-02 -9.468136303943590626e-01 -3.169080610430022871e-01 0.000000000000000000e+00 -9.497389369354414246e-01 7.708978882201200644e-01 1.687031164266904470e+00 1.000000000000000000e+00
2.972591652463659195e-01 -3.185975622992144873e-01 9.000737050500275949e-01 0.000000000000000000e+00 -9.531382333408832119e-01 -4.348149063184310326e-02 2.993934339602071781e-01 0.000000000000000000e+00 -5.624945121001260345e-02 -9.468920523950141721e-01 -3.165929183017024418e-01 0.000000000000000000e+00 -9.454917226121226648e-01 7.715706470273816509e-01 1.686662051447555877e+00 1.000000000000000000e+00
2.971879609832393521e-01 -3.184177004635149189e-01 9.001607942374656446e-01 0.000000000000000000e+00 -9.531340769537086643e-01 -4.295456546726294372e-02 2.994827027630359573e-01 0.000000000000000000e+00 -5.669456929341204487e-02 -9.469767745370794021e-01 -3.162604039727169303e-01 0.000000000000000000e+00 -9.412628137880819645e-01 7.722628804254193513e-01 1.686271129712539674e+00 1.000000000000000000e+00
2.971137014882342942e-01 -3.182189631904706606e-01 9.002556128987178052e-01 0.000000000000000000e+00 -9.531314891896804919e-01 -4.243069971110297739e-02 2.995662518465195823e-01 0.000000000000000000e+00 -5.712918158775397159e-02 -9.470671132212260535e-01 -3.159112860113343357e-01 0.000000000000000000e+00 -9.370529975936547906e-01 7.729788219853401809e-01 1.685840092731685891e+00 1.000000000000000000e+00
2.970361935763801142e-01 -3.180018245672135424e-01 9.003579502220265818e-01 0.000000000000000000e+00 -9.531299234768169093e-01 -4.190986000047252497e-02 2.996439490087446922e-01 0.000000000000000000e+00 -5.755343915990532300e-02 -9.471632037248723934e-01 -3.155459308525745965e-01 0.000000000000000000e+00 -9.328738900904940401e-01 7.737754704272452599e-01 1.685176619374717744e+00 1.000000000000000000e+00
2.969557519536686341e-01 -3.177667144387673059e-01 9.004674107696608587e-01 0.000000000000000000e+00 -9.531298644724665037e-01 -4.139216694917389333e-02 2.997159782283825291e-01 0.000000000000000000e+00 -5.796744670117863485e-02 -9.472648621312833583e-01 -3.151646679499457426e-01 0.000000000000000000e+00 -9.287125381445433536e-01 7.745889452561748323e-01 1.684493014896412344e+00 1.000000000000000000e+00
2.968722847829837752e-01 -3.175142769491588468e-01 9.005839263268772266e-01 0.000000000000000000e+00 -9.531312475769579962e-01 -4.087768752210396012e-02 2.997823064981312013e-01 0.000000000000000000e+00 -5.837136771776106625e-02 -9.473718846945473615e-01 -3.147683424728814350e-01 0.000000000000000000e+00 -9.245683925986776242e-01 7.754183580546456511e-01 1.683790169805645665e+00 1.000000000000000000e+00
2.967862194567425504e-01 -3.172447877039850650e-01 9.007073518396744305e-01 0.000000000000000000e+00 -9.531337591141822996e-01 -4.036650701380019302e-02 2.998433105316424818e-01 0.000000000000000000e+00 -5.876529526711250784e-02 -9.474841206707094177e-01 -3.143570471865210214e-01 0.000000000000000000e+00 -9.204407052020504576e-01 7.762632013080962290e-01 1.683068719017965620e+00 1.000000000000000000e+00
2.966972963965085475e-01 -3.169589490393921460e-01 9.008371404792775428e-01 0.000000000000000000e+00 -9.531377313480197122e-01 -3.985871087573082672e-02 2.998987585143094159e-01 0.000000000000000000e+00 -5.914938021134948792e-02 -9.476012052116794537e-01 -3.139316676069428547e-01 0.000000000000000000e+00 -9.163300849109251578e-01 7.771222693789360259e-01 1.682329048527869020e+00 1.000000000000000000e+00
2.966059868417699752e-01 -3.166571218448667735e-01 9.009734221265989218e-01 0.000000000000000000e+00 -9.531428533438034423e-01 -3.935439000203738713e-02 2.999490535697333371e-01 0.000000000000000000e+00 -5.952373445545990072e-02 -9.477232579257531819e-01 -3.134922833465434988e-01 0.000000000000000000e+00 -9.122353026238469997e-01 7.779953466402185214e-01 1.681571830155109470e+00 1.000000000000000000e+00
2.965119865296377832e-01 -3.163398465593485476e-01 9.011159403354271902e-01 0.000000000000000000e+00 -9.531492048779909299e-01 -3.885359994160861308e-02 2.999940706094734177e-01 0.000000000000000000e+00 -5.988847032159286959e-02 -9.478497999108927985e-01 -3.130397977954079147e-01 0.000000000000000000e+00 -9.081568313514083446e-01 7.788812856278363173e-01 1.680797937522313656e+00 1.000000000000000000e+00
2.964157625186557010e-01 -3.160076025655355059e-01 9.012640825044149206e-01 0.000000000000000000e+00 -9.531567795587276848e-01 -3.835646606847892270e-02 3.000340597330081738e-01 0.000000000000000000e+00 -6.024372492716741079e-02 -9.479808567191345681e-01 -3.125743872496042908e-01 0.000000000000000000e+00 -9.040937732825280460e-01 7.797795351819175602e-01 1.680007367182465572e+00 1.000000000000000000e+00
2.963171791274080702e-01 -3.156608952884918939e-01 9.014179346441580920e-01 0.000000000000000000e+00 -9.531655331338640957e-01 -3.786302708643096704e-02 3.000689950736825651e-01 0.000000000000000000e+00 -6.058962668964970599e-02 -9.481162344396614206e-01 -3.120966601845802657e-01 0.000000000000000000e+00 -9.000462039713885698e-01 7.806894296788600141e-01 1.679200856479748039e+00 1.000000000000000000e+00
2.962163222557588904e-01 -3.153003062016183633e-01 9.015772458513259258e-01 0.000000000000000000e+00 -9.531753529798384639e-01 -3.737336869790030408e-02 3.000989432601419704e-01 0.000000000000000000e+00 -6.092630610321734391e-02 -9.482557688296483489e-01 -3.116071603069239804e-01 0.000000000000000000e+00 -8.960137436028015046e-01 7.816100494933782006e-01 1.678379280030621645e+00 1.000000000000000000e+00
2.961134415177031909e-01 -3.149261152283733822e-01 9.017418385076344522e-01 0.000000000000000000e+00 -9.531863903606689892e-01 -3.688759592933062159e-02 3.001242312577663274e-01 0.000000000000000000e+00 -6.125385281492327916e-02 -9.483989271985576730e-01 -3.111062946746721569e-01 0.000000000000000000e+00 -8.919961981386099747e-01 7.825405026542113784e-01 1.677543154581117912e+00 1.000000000000000000e+00
2.960085524886840180e-01 -3.145390577973780077e-01 9.019114020165347467e-01 0.000000000000000000e+00 -9.531984574047598358e-01 -3.640578064726952834e-02 3.001447949422685890e-01 0.000000000000000000e+00 -6.157246398769884721e-02 -9.485460347392660196e-01 -3.105947406788777676e-01 0.000000000000000000e+00 -8.879929035915586910e-01 7.834803906215466185e-01 1.676693044178617642e+00 1.000000000000000000e+00
2.959016114077759330e-01 -3.141394858481358354e-01 9.020856946006752253e-01 0.000000000000000000e+00 -9.532115744350490028e-01 -3.592796350253142645e-02 3.001606024410694573e-01 0.000000000000000000e+00 -6.188218257973695374e-02 -9.486966225033787170e-01 -3.100726050770529207e-01 0.000000000000000000e+00 -8.840040600521614778e-01 7.844287663025536483e-01 1.675829041428036126e+00 1.000000000000000000e+00
2.957930047625438874e-01 -3.137276972649832296e-01 9.022645491946035268e-01 0.000000000000000000e+00 -9.532256759466136709e-01 -3.545424721076829294e-02 3.001721108790070813e-01 0.000000000000000000e+00 -6.218318495675360241e-02 -9.488507395578151815e-01 -3.095405303885204740e-01 0.000000000000000000e+00 -8.800288478061636388e-01 7.853854485325953982e-01 1.674952030500910682e+00 1.000000000000000000e+00
2.956826329244543472e-01 -3.133047127514387853e-01 9.024476900521887224e-01 0.000000000000000000e+00 -9.532409945749424907e-01 -3.498477815298960125e-02 3.001791164781063004e-01 0.000000000000000000e+00 -6.247558841676422586e-02 -9.490079095318013636e-01 -3.089993436574063335e-01 0.000000000000000000e+00 -8.760675978717179513e-01 7.863486715888496903e-01 1.674063068602458237e+00 1.000000000000000000e+00
2.955707265219384428e-01 -3.128706427710533644e-01 9.026349070420660592e-01 0.000000000000000000e+00 -9.532568647943618911e-01 -3.451963986864402256e-02 3.001820146606465345e-01 0.000000000000000000e+00 -6.275950058079433902e-02 -9.491681405743565003e-01 -3.084491925892994812e-01 0.000000000000000000e+00 -8.721450363731811928e-01 7.873792148080255293e-01 1.672956185041219568e+00 1.000000000000000000e+00
2.954572071854860704e-01 -3.124259630125101328e-01 9.028260433546122510e-01 0.000000000000000000e+00 -9.532741035624761050e-01 -3.405878474305066433e-02 3.001806081788631619e-01 0.000000000000000000e+00 -6.303505667471701046e-02 -9.493311405051289009e-01 -3.078905482118819981e-01 0.000000000000000000e+00 -8.682385512935002492e-01 7.884210590917344330e-01 1.671817874479428090e+00 1.000000000000000000e+00
2.953421430051590968e-01 -3.119714278785046258e-01 9.030209232808767972e-01 0.000000000000000000e+00 -9.532917785437884373e-01 -3.360238569388999258e-02 3.001751025684304963e-01 0.000000000000000000e+00 -6.330238364207661783e-02 -9.494969207886311269e-01 -3.073241028748328607e-01 0.000000000000000000e+00 -8.643443280964336894e-01 7.894675291303654419e-01 1.670669064768490308e+00 1.000000000000000000e+00
2.952260403947575274e-01 -3.115073104748985466e-01 9.032190783012518098e-01 0.000000000000000000e+00 -9.533105605796152737e-01 -3.315057982614943305e-02 3.001658863702905133e-01 0.000000000000000000e+00 -6.356162377325477730e-02 -9.496652067595837687e-01 -3.067502223015808882e-01 0.000000000000000000e+00 -8.604624486695320318e-01 7.905176833827680660e-01 1.669510175775380301e+00 1.000000000000000000e+00
2.951084683893718807e-01 -3.110342362765021740e-01 9.034204608988579688e-01 0.000000000000000000e+00 -9.533301760529763191e-01 -3.270334863420845672e-02 3.001526587619844366e-01 0.000000000000000000e+00 -6.381287925871827194e-02 -9.498357713860200446e-01 -3.061694679126772400e-01 0.000000000000000000e+00 -8.565927274177322914e-01 7.915709376895531113e-01 1.668341537378642991e+00 1.000000000000000000e+00
2.949898281626691099e-01 -3.105527122926362016e-01 9.036248497433733151e-01 0.000000000000000000e+00 -9.533505742859331722e-01 -3.226085404940504109e-02 3.001357946864069981e-01 0.000000000000000000e+00 -6.405625221778951661e-02 -9.500084734666932595e-01 -3.055822631917685661e-01 0.000000000000000000e+00 -8.527348028387238266e-01 7.926262325679422904e-01 1.667163972823498375e+00 1.000000000000000000e+00
2.948702364383269936e-01 -3.100630808906920666e-01 9.038321313639398058e-01 0.000000000000000000e+00 -9.533716308716168042e-01 -3.182311910854599551e-02 3.001153837557801740e-01 0.000000000000000000e+00 -6.429193358434079353e-02 -9.501830490356470982e-01 -3.049891777434931006e-01 0.000000000000000000e+00 -8.488879211741258146e-01 7.936830613945712321e-01 1.665978184460821021e+00 1.000000000000000000e+00
2.947495918487451627e-01 -3.095660004072788851e-01 9.040417313857326276e-01 0.000000000000000000e+00 -9.533935379805341670e-01 -3.139027446451127246e-02 3.000914303218151225e-01 0.000000000000000000e+00 -6.451996902860909766e-02 -9.503595341731019275e-01 -3.043906137973437231e-01 0.000000000000000000e+00 -8.450525858370649956e-01 7.947408073982129562e-01 1.664784238764721591e+00 1.000000000000000000e+00
2.946282045058025156e-01 -3.090619020990538757e-01 9.042537064826580151e-01 0.000000000000000000e+00 -9.534161576743157562e-01 -3.096234844098711553e-02 3.000641342496422337e-01 0.000000000000000000e+00 -6.474055644198906112e-02 -9.505376085147863030e-01 -3.037871032617601164e-01 0.000000000000000000e+00 -8.412278450861561119e-01 7.957984592950091418e-01 1.663582992371073654e+00 1.000000000000000000e+00
2.945059318010551652e-01 -3.085514378655739853e-01 9.044678990584377187e-01 0.000000000000000000e+00 -9.534394621506484535e-01 -3.053947170352488971e-02 3.000335347906697425e-01 0.000000000000000000e+00 -6.495379250083746503e-02 -9.507172272103816546e-01 -3.031792398596551141e-01 0.000000000000000000e+00 -8.374137789528794951e-01 7.968554265305084483e-01 1.662375204734614753e+00 1.000000000000000000e+00
2.943830791008332781e-01 -3.080347895811485492e-01 9.046840621599947507e-01 0.000000000000000000e+00 -9.534632577840350676e-01 -3.012169690878311809e-02 2.999999121952503511e-01 0.000000000000000000e+00 -6.515978365407115724e-02 -9.508980029317239957e-01 -3.025673322742911120e-01 0.000000000000000000e+00 -8.336099373757005493e-01 7.979108235203049571e-01 1.661161396286831460e+00 1.000000000000000000e+00
2.942596389914320931e-01 -3.075127523213920244e-01 9.049016610883280354e-01 0.000000000000000000e+00 -9.534877340842033977e-01 -2.970912083033578482e-02 2.999631955569179720e-01 0.000000000000000000e+00 -6.535866332132418688e-02 -9.510799491715867804e-01 -3.019519510371028725e-01 0.000000000000000000e+00 -8.298160421513707252e-01 7.989640439616171319e-01 1.659941628659670210e+00 1.000000000000000000e+00
2.941357968569160986e-01 -3.069855517166845682e-01 9.051209835357354461e-01 0.000000000000000000e+00 -9.535127873720590230e-01 -2.930175938777543690e-02 2.999236619383460201e-01 0.000000000000000000e+00 -6.555058236839549080e-02 -9.512628806346674626e-01 -3.013335171843025129e-01 0.000000000000000000e+00 -8.260315981676230601e-01 8.000144555357714404e-01 1.658717017524051318e+00 1.000000000000000000e+00
2.940115817301535706e-01 -3.064540897498354566e-01 9.053413041674918116e-01 0.000000000000000000e+00 -9.535383467911789923e-01 -2.889984687771912988e-02 2.998813560557548885e-01 0.000000000000000000e+00 -6.573562820081886582e-02 -9.514465276309500563e-01 -3.007127214230458367e-01 0.000000000000000000e+00 -8.222564703340926595e-01 8.010608139194499433e-01 1.657487861074315338e+00 1.000000000000000000e+00
2.938871269209513137e-01 -3.059184900486362491e-01 9.055628970071293304e-01 0.000000000000000000e+00 -9.535644979644701813e-01 -2.850330268646732862e-02 2.998364085097313669e-01 0.000000000000000000e+00 -6.591395693605224537e-02 -9.516308550310934589e-01 -3.000898297447809893e-01 0.000000000000000000e+00 -8.184919205908008921e-01 8.021049115895205750e-01 1.656248012860012109e+00 1.000000000000000000e+00
2.937623465117982224e-01 -3.053796346341038359e-01 9.057852748979389190e-01 0.000000000000000000e+00 -9.535909728419050824e-01 -2.811232631408065383e-02 2.997888565295661611e-01 0.000000000000000000e+00 -6.608567105932521002e-02 -9.518154300201204787e-01 -2.994657419022348499e-01 0.000000000000000000e+00 -8.147764715373426725e-01 8.032057469260786009e-01 1.654792584983951320e+00 1.000000000000000000e+00
2.936376028639743341e-01 -3.048375992882326191e-01 9.060082445561232767e-01 0.000000000000000000e+00 -9.536180026457043990e-01 -2.772690431148822771e-02 2.997390096249933356e-01 0.000000000000000000e+00 -6.625091152037612674e-02 -9.520004992707853386e-01 -2.988403835046308243e-01 0.000000000000000000e+00 -8.110694712780929239e-01 8.043007711656120495e-01 1.653333938739118825e+00 1.000000000000000000e+00
2.935128699417707265e-01 -3.042931439562803764e-01 9.062316744520939604e-01 0.000000000000000000e+00 -9.536453276007791358e-01 -2.734717709320944393e-02 2.996869203443446872e-01 0.000000000000000000e+00 -6.640979107755576316e-02 -9.521856162937549772e-01 -2.982145434990275401e-01 0.000000000000000000e+00 -8.073703212362517423e-01 8.053886458439386553e-01 1.651873092407284860e+00 1.000000000000000000e+00
2.933883564859744442e-01 -3.037468216073090366e-01 9.064552521922416561e-01 0.000000000000000000e+00 -9.536730321241407848e-01 -2.697322573864019760e-02 2.996327008294807359e-01 0.000000000000000000e+00 -6.656245065188660937e-02 -9.523707614704367552e-01 -2.975888784352686001e-01 0.000000000000000000e+00 -8.036789570595928023e-01 8.064688589534402263e-01 1.650410792294436435e+00 1.000000000000000000e+00
2.932637929364985685e-01 -3.031989887546515661e-01 9.066788486342681752e-01 0.000000000000000000e+00 -9.537010902765661324e-01 -2.660504870761561114e-02 2.995762805436050780e-01 0.000000000000000000e+00 -6.670897863508329362e-02 -9.525556668542454197e-01 -2.969636153709371285e-01 0.000000000000000000e+00 -7.999954084365932250e-01 8.075405704910112448e-01 1.648947011117166461e+00 1.000000000000000000e+00
2.931397620894177214e-01 -3.026501927288864358e-01 9.069023296157460168e-01 0.000000000000000000e+00 -9.537293561762403282e-01 -2.624282043814019083e-02 2.995181664363977814e-01 0.000000000000000000e+00 -6.684956027608901508e-02 -9.527402443966681567e-01 -2.963393075556949863e-01 0.000000000000000000e+00 -7.963186573794580614e-01 8.086031971776612703e-01 1.647482999330094344e+00 1.000000000000000000e+00
2.930159748451032775e-01 -3.021010212995370869e-01 9.071253694563148340e-01 0.000000000000000000e+00 -9.537579175835305678e-01 -2.588656867955346774e-02 2.994581297618312821e-01 0.000000000000000000e+00 -6.698424286248656767e-02 -9.529241577549818487e-01 -2.957165396083527020e-01 0.000000000000000000e+00 -7.926489448058233744e-01 8.096555463266046360e-01 1.646018761690041465e+00 1.000000000000000000e+00
2.928928099535509366e-01 -3.015518991589214437e-01 9.073478569881753275e-01 0.000000000000000000e+00 -9.537867188265287677e-01 -2.553638753274477258e-02 2.993965872258046446e-01 0.000000000000000000e+00 -6.711321399148811873e-02 -9.531076042768742429e-01 -2.950957183991983479e-01 0.000000000000000000e+00 -7.889858481999892925e-01 8.106974092157620548e-01 1.644555564848144025e+00 1.000000000000000000e+00
2.927701019955799011e-01 -3.010034472250170401e-01 9.075696205684674611e-01 0.000000000000000000e+00 -9.538156753402990962e-01 -2.519232056592660141e-02 2.993333585594361579e-01 0.000000000000000000e+00 -6.723658096735368739e-02 -9.532900350652372401e-01 -2.944775079020158781e-01 0.000000000000000000e+00 -7.853290088527553614e-01 8.117278141267630920e-01 1.643093181180721674e+00 1.000000000000000000e+00
2.926482403160869938e-01 -3.004561643829290474e-01 9.077903500782090740e-01 0.000000000000000000e+00 -9.538447398344209738e-01 -2.485456503384045682e-02 2.992689789787771337e-01 0.000000000000000000e+00 -6.735445093503142355e-02 -9.534716241440100992e-01 -2.938622800117575706e-01 0.000000000000000000e+00 -7.816781352777656400e-01 8.127458728423962997e-01 1.641633024656279360e+00 1.000000000000000000e+00
2.925270524989521115e-01 -2.999103074865450136e-01 9.080098124931326176e-01 0.000000000000000000e+00 -9.538739709883355955e-01 -2.452299343949942631e-02 2.992031871953254041e-01 0.000000000000000000e+00 -6.746698749359722469e-02 -9.536520854998705721e-01 -2.932504276123847342e-01 0.000000000000000000e+00 -7.780329060274374653e-01 8.137515513039977888e-01 1.640174627696411092e+00 1.000000000000000000e+00
2.924067964104051787e-01 -2.993666032597431803e-01 9.082278566955584997e-01 0.000000000000000000e+00 -9.539032586653425350e-01 -2.419782958222288505e-02 2.991362933069734442e-01 0.000000000000000000e+00 -6.757426614073842874e-02 -9.538311605098773738e-01 -2.926424839310736159e-01 0.000000000000000000e+00 -7.743931515278111855e-01 8.147433242672288412e-01 1.638719011760207955e+00 1.000000000000000000e+00
2.922873940476518606e-01 -2.988255664370472742e-01 9.084444005500141861e-01 0.000000000000000000e+00 -9.539326254620197343e-01 -2.387905172841039286e-02 2.990683254863770735e-01 0.000000000000000000e+00 -6.767645845527982262e-02 -9.540088118401466311e-01 -2.920391155452836118e-01 0.000000000000000000e+00 -7.707586458543139729e-01 8.157208361000589658e-01 1.637266938197146748e+00 1.000000000000000000e+00
2.921691537108036529e-01 -2.982877012521986670e-01 9.086592167017245592e-01 0.000000000000000000e+00 -9.539619582688377841e-01 -2.356684617283232377e-02 2.989995188662600278e-01 0.000000000000000000e+00 -6.777363392311891443e-02 -9.541848260306933227e-01 -2.914407222224577598e-01 0.000000000000000000e+00 -7.671288429564433464e-01 8.166832759479044634e-01 1.635818982283812284e+00 1.000000000000000000e+00
2.920521169575549525e-01 -2.977535086915511497e-01 9.088720280962634401e-01 0.000000000000000000e+00 -9.539912334562422602e-01 -2.326122077935121463e-02 2.989300595906310143e-01 0.000000000000000000e+00 -6.786600376829458880e-02 -9.543591933483812628e-01 -2.908478497410286190e-01 0.000000000000000000e+00 -7.635283126755728622e-01 8.176585656334528496e-01 1.634277360712970584e+00 1.000000000000000000e+00
2.919362014461971411e-01 -2.972235597049336930e-01 9.090827218793539055e-01 0.000000000000000000e+00 -9.540204602939916789e-01 -2.296225036314467061e-02 2.988598139265298270e-01 0.000000000000000000e+00 -6.795358002588902657e-02 -9.545316885670289686e-01 -2.902609029582821076e-01 0.000000000000000000e+00 -7.599614159922732926e-01 8.186504060448928088e-01 1.632626809622833797e+00 1.000000000000000000e+00
2.918217168402558737e-01 -2.966982166911604213e-01 9.092910486690284344e-01 0.000000000000000000e+00 -9.540495881733404016e-01 -2.267000673330262298e-02 2.987892134123067978e-01 0.000000000000000000e+00 -6.803659462613574627e-02 -9.547020610702309229e-01 -2.896805401293439663e-01 0.000000000000000000e+00 -7.563980422240736967e-01 8.196248019561784837e-01 1.630982058377986599e+00 1.000000000000000000e+00
2.917087091517123199e-01 -2.961780774839392616e-01 9.094968612936717989e-01 0.000000000000000000e+00 -9.540784771488712845e-01 -2.238457919872067700e-02 2.987182335389482191e-01 0.000000000000000000e+00 -6.811509249962638401e-02 -9.548701974930989822e-01 -2.891069933129249425e-01 0.000000000000000000e+00 -7.528383427331403199e-01 8.205809310393934464e-01 1.629343457802250095e+00 1.000000000000000000e+00
2.915973433243239654e-01 -2.956636540967874094e-01 9.096999209092490046e-01 0.000000000000000000e+00 -9.541073025106681094e-01 -2.210604510744416940e-02 2.986471708731478492e-01 0.000000000000000000e+00 -6.818923291365142081e-02 -9.550361709435817303e-01 -2.885410122729613613e-01 0.000000000000000000e+00 -7.492818933019609329e-01 8.215184230767732521e-01 1.627711693490669687e+00 1.000000000000000000e+00
2.914873127291568444e-01 -2.951554527490280466e-01 9.099001767220762371e-01 0.000000000000000000e+00 -9.541359277517720283e-01 -2.183437488228840567e-02 2.985757347007516049e-01 0.000000000000000000e+00 -6.825913874296925254e-02 -9.551995940003454866e-01 -2.879829661700495924e-01 0.000000000000000000e+00 -7.457286260906569320e-01 8.224363372733758393e-01 1.626087027902564763e+00 1.000000000000000000e+00
2.913793201762154839e-01 -2.946540501692420100e-01 9.100971972721750847e-01 0.000000000000000000e+00 -9.541641601480592705e-01 -2.156983067154735062e-02 2.985045858802170549e-01 0.000000000000000000e+00 -6.832495038355100581e-02 -9.553603652817134195e-01 -2.874334620322584466e-01 0.000000000000000000e+00 -7.421778394777873711e-01 8.233337949984047555e-01 1.624470416957289221e+00 1.000000000000000000e+00
2.912729537308236250e-01 -2.941599336503145090e-01 9.102910432935753526e-01 0.000000000000000000e+00 -9.541922396539074258e-01 -2.131229878644038886e-02 2.984334274736398784e-01 0.000000000000000000e+00 -6.838676106402830079e-02 -9.555184256104988227e-01 -2.868929338295628240e-01 0.000000000000000000e+00 -7.386296343734676251e-01 8.242104161271593954e-01 1.622862053878454835e+00 1.000000000000000000e+00
2.911686301039324576e-01 -2.936737112254200754e-01 9.104815058251901627e-01 0.000000000000000000e+00 -9.542198975776983172e-01 -2.106200142507501025e-02 2.983626791147563351e-01 0.000000000000000000e+00 -6.844470204001756874e-02 -9.556735517257450852e-01 -2.863619880560238085e-01 0.000000000000000000e+00 -7.350834626913103076e-01 8.250650092275879643e-01 1.621263011828527834e+00 1.000000000000000000e+00
2.910662048039202032e-01 -2.931956581526840577e-01 9.106683770414017998e-01 0.000000000000000000e+00 -9.542473346249064070e-01 -2.081883971619054308e-02 2.982922181057132138e-01 0.000000000000000000e+00 -6.849891680159912732e-02 -9.558256326026242089e-01 -2.858409516825939356e-01 0.000000000000000000e+00 -7.315395186511701731e-01 8.258975837269622033e-01 1.619673386637393131e+00 1.000000000000000000e+00
2.909659836212395434e-01 -2.927264002522180220e-01 9.108511745423520933e-01 0.000000000000000000e+00 -9.542742357441014178e-01 -2.058300303584103055e-02 2.982224258432394914e-01 0.000000000000000000e+00 -6.854952572807911093e-02 -9.559745724144500523e-01 -2.853303464230447783e-01 0.000000000000000000e+00 -7.279966121972537563e-01 8.267071044897915666e-01 1.618093713956131774e+00 1.000000000000000000e+00
2.908679956668173139e-01 -2.922665261134593795e-01 9.110301454909575103e-01 0.000000000000000000e+00 -9.543006872961866671e-01 -2.035456148776221968e-02 2.981533322098435246e-01 0.000000000000000000e+00 -6.859661987246370995e-02 -9.561200639294994419e-01 -2.848307817725213020e-01 0.000000000000000000e+00 -7.244552318994988971e-01 8.274926621747771271e-01 1.616524923720422446e+00 1.000000000000000000e+00
2.907722363189464976e-01 -2.918165981510345564e-01 9.112049549739815735e-01 0.000000000000000000e+00 -9.543267017787770978e-01 -2.013354399230859668e-02 2.980850315834601139e-01 0.000000000000000000e+00 -6.864037289449949342e-02 -9.562622381392303916e-01 -2.843427640875629825e-01 0.000000000000000000e+00 -7.209146662667423877e-01 8.282538293067363000e-01 1.614967451556484246e+00 1.000000000000000000e+00
2.906789514230752047e-01 -2.913769568228732898e-01 9.113754396508222388e-01 0.000000000000000000e+00 -9.543522060258152750e-01 -1.992000691773128732e-02 2.980177044567424161e-01 0.000000000000000000e+00 -6.868087941131906238e-02 -9.564007739075669479e-01 -2.838666689118178321e-01 0.000000000000000000e+00 -7.173748797510839381e-01 8.289899525020258952e-01 1.613421662391734568e+00 1.000000000000000000e+00
2.905880963769649217e-01 -2.909482650628854583e-01 9.115413482532620515e-01 0.000000000000000000e+00 -9.543772566109435251e-01 -1.971402988676815640e-02 2.979513851563747595e-01 0.000000000000000000e+00 -6.871827601636640304e-02 -9.565355472579081253e-01 -2.834031333501775829e-01 0.000000000000000000e+00 -7.138462186245757568e-01 8.297604298520070421e-01 1.611855567677631162e+00 1.000000000000000000e+00
2.904998882302347041e-01 -2.905309361587893324e-01 9.117025087310575149e-01 0.000000000000000000e+00 -9.544015534572395376e-01 -1.951571096150283430e-02 2.978863752351024186e-01 0.000000000000000000e+00 -6.875267504986207201e-02 -9.566664545220714411e-01 -2.829526021938100766e-01 0.000000000000000000e+00 -7.103538265333549928e-01 8.307129937231232386e-01 1.610189030250366971e+00 1.000000000000000000e+00
2.904143193238251652e-01 -2.901256276647631860e-01 9.118588768590077942e-01 0.000000000000000000e+00 -9.544254434830284906e-01 -1.932508998752505147e-02 2.978226367161518340e-01 0.000000000000000000e+00 -6.878423045119534673e-02 -9.567932852961589241e-01 -2.825156383890016221e-01 0.000000000000000000e+00 -7.068616748185266863e-01 8.316381340904277497e-01 1.608535985015404401e+00 1.000000000000000000e+00
2.903315980743528257e-01 -2.897326011476639707e-01 9.120102428727328014e-01 0.000000000000000000e+00 -9.544484441501182026e-01 -1.914221010873780673e-02 2.977604249882592202e-01 0.000000000000000000e+00 -6.881300754103092387e-02 -9.569160201663259313e-01 -2.820925641135059725e-01 0.000000000000000000e+00 -7.033685188064838778e-01 8.325355324795788992e-01 1.606896598982064495e+00 1.000000000000000000e+00
2.902516188291986432e-01 -2.893525909382764216e-01 9.121562662703494029e-01 0.000000000000000000e+00 -9.544708911754866687e-01 -1.896713229157204195e-02 2.976997364240137611e-01 0.000000000000000000e+00 -6.883918610526079673e-02 -9.570344590980307542e-01 -2.816839486364787759e-01 0.000000000000000000e+00 -6.998749822859953174e-01 8.334042149736777816e-01 1.605271297280813414e+00 1.000000000000000000e+00
2.901748276741974997e-01 -2.889861175728947185e-01 9.122968222736397292e-01 0.000000000000000000e+00 -9.544925465165285949e-01 -1.880002795715590355e-02 2.976408930942949227e-01 0.000000000000000000e+00 -6.886288209317312226e-02 -9.571485476362027178e-01 -2.812904337982814473e-01 0.000000000000000000e+00 -6.963799827932339870e-01 8.342434888973760954e-01 1.603661001894089333e+00 1.000000000000000000e+00
2.901008674150984956e-01 -2.886337140213493524e-01 9.124319422842684935e-01 0.000000000000000000e+00 -9.545134443979552685e-01 -1.864084156378948212e-02 2.975837662943233708e-01 0.000000000000000000e+00 -6.888420858069073394e-02 -9.572579212984899666e-01 -2.809125911160966216e-01 0.000000000000000000e+00 -6.928839457888471554e-01 8.350525615174559935e-01 1.602066196549040367e+00 1.000000000000000000e+00
2.900302723948594563e-01 -2.882957908124540447e-01 9.125612080070357734e-01 0.000000000000000000e+00 -9.545335702993061888e-01 -1.848971775132630252e-02 2.975288030503989156e-01 0.000000000000000000e+00 -6.890328424320167622e-02 -9.573627195995946249e-01 -2.805506574259333252e-01 0.000000000000000000e+00 -6.893861874137655610e-01 8.358310084385349725e-01 1.600487585440494076e+00 1.000000000000000000e+00
2.899626877464064334e-01 -2.879729570828515883e-01 9.126845667500573800e-01 0.000000000000000000e+00 -9.545528688774211901e-01 -1.834665717759153408e-02 2.974757129077927886e-01 0.000000000000000000e+00 -6.892024185406449288e-02 -9.574626455401604730e-01 -2.802053020278977846e-01 0.000000000000000000e+00 -6.858867772715885325e-01 8.365779743959333992e-01 1.598925035163390129e+00 1.000000000000000000e+00
2.898986606089555829e-01 -2.876655039517659884e-01 9.128018940281128479e-01 0.000000000000000000e+00 -9.545712468539608864e-01 -1.821172804178710844e-02 2.974250676515228231e-01 0.000000000000000000e+00 -6.893522665394431759e-02 -9.575576695526799575e-01 -2.798768831547623348e-01 0.000000000000000000e+00 -6.823849628851721416e-01 8.372932335329295039e-01 1.597380040353715946e+00 1.000000000000000000e+00
2.898380521447916913e-01 -2.873743188286128625e-01 9.129128170619444926e-01 0.000000000000000000e+00 -9.545886258819813452e-01 -1.808510982283304327e-02 2.973767723045432354e-01 0.000000000000000000e+00 -6.894830874109775243e-02 -9.576474457439774213e-01 -2.795660989711414857e-01 0.000000000000000000e+00 -6.788807592713160810e-01 8.379753887875074359e-01 1.595852427080814984e+00 1.000000000000000000e+00
2.897809507165028386e-01 -2.870997023566823070e-01 9.130174454501526204e-01 0.000000000000000000e+00 -9.546052128879937149e-01 -1.796671920329081379e-02 2.973309590969820393e-01 0.000000000000000000e+00 -6.895967594449069205e-02 -9.577320476431336882e-01 -2.792734115023886021e-01 0.000000000000000000e+00 -6.753738742074324453e-01 8.386243122509411396e-01 1.594343276852643987e+00 1.000000000000000000e+00
2.897274892351562880e-01 -2.868422009646334203e-01 9.131152657196371925e-01 0.000000000000000000e+00 -9.546207076593432594e-01 -1.785672000946260385e-02 2.972876953877700013e-01 0.000000000000000000e+00 -6.896939445168163985e-02 -9.578113291138951046e-01 -2.789991646441620232e-01 0.000000000000000000e+00 -6.718640349747124763e-01 8.392392193071702700e-01 1.592852491996542996e+00 1.000000000000000000e+00
2.896775723441512018e-01 -2.866022510157994474e-01 9.132065142943791569e-01 0.000000000000000000e+00 -9.546351907444791118e-01 -1.775504708000454762e-02 2.972471203930482919e-01 0.000000000000000000e+00 -6.897765118781826188e-02 -9.578850192513990169e-01 -2.787439861379505945e-01 0.000000000000000000e+00 -6.683509885319558474e-01 8.398195155053663763e-01 1.591381125187701695e+00 1.000000000000000000e+00
2.896317263139727149e-01 -2.863804859226543043e-01 9.132905173762843054e-01 0.000000000000000000e+00 -9.546486816184284185e-01 -1.766192797609166670e-02 2.972095240498419666e-01 0.000000000000000000e+00 -6.898452566893867322e-02 -9.579529726680634516e-01 -2.785083195030535475e-01 0.000000000000000000e+00 -6.648342592159017794e-01 8.403641152996084163e-01 1.589929315955697309e+00 1.000000000000000000e+00
2.895898263459206201e-01 -2.861775225249981180e-01 9.133674521659431722e-01 0.000000000000000000e+00 -9.546609532690329969e-01 -1.757741834661299268e-02 2.971750033615994102e-01 0.000000000000000000e+00 -6.899015031306662826e-02 -9.580152338174788840e-01 -2.782928396178632191e-01 0.000000000000000000e+00 -6.613937082561703873e-01 8.409179350837332478e-01 1.588289144652758944e+00 1.000000000000000000e+00
2.895518486329561880e-01 -2.859935973252624719e-01 9.134371794953889401e-01 0.000000000000000000e+00 -9.546721323191290631e-01 -1.750145728076008336e-02 2.971435574750575515e-01 0.000000000000000000e+00 -6.899466220691305440e-02 -9.580715893409986750e-01 -2.780978441797005707e-01 0.000000000000000000e+00 -6.579492296463103074e-01 8.414352614909426098e-01 1.586669683991011714e+00 1.000000000000000000e+00
2.895179942284432095e-01 -2.858294476118678484e-01 9.134992395210574934e-01 0.000000000000000000e+00 -9.546822156847325491e-01 -1.743419983301025544e-02 2.971153082496141296e-01 0.000000000000000000e+00 -6.899816494267409228e-02 -9.581217057773026013e-01 -2.779238881070188460e-01 0.000000000000000000e+00 -6.545003671556514080e-01 8.419147447995951605e-01 1.585071278776007508e+00 1.000000000000000000e+00
2.894882264535962313e-01 -2.856854661564530162e-01 9.135537044370876103e-01 0.000000000000000000e+00 -9.546910072650187651e-01 -1.737562881489002758e-02 2.970903270209733771e-01 0.000000000000000000e+00 -6.900081330399487900e-02 -9.581657257293809682e-01 -2.777714908568826302e-01 0.000000000000000000e+00 -6.510469540352392670e-01 8.423564834422336833e-01 1.583494922631578872e+00 1.000000000000000000e+00
2.894629190467211677e-01 -2.855622616277294079e-01 9.136001580724415483e-01 0.000000000000000000e+00 -9.546985714927622713e-01 -1.732596111044507059e-02 2.970689934202577764e-01 0.000000000000000000e+00 -6.900268598838338319e-02 -9.582033560470786249e-01 -2.776412175741931887e-01 0.000000000000000000e+00 -6.475884958477255982e-01 8.427592691099274891e-01 1.581940787389614300e+00 1.000000000000000000e+00
2.894419625161047116e-01 -2.854603120564525587e-01 9.136387111712076514e-01 0.000000000000000000e+00 -9.547048347263290546e-01 -1.728515215023260568e-02 2.970512685753027848e-01 0.000000000000000000e+00 -6.900396618797151327e-02 -9.582344718644554282e-01 -2.775335066520810967e-01 0.000000000000000000e+00 -6.441251586050676936e-01 8.431227525385542876e-01 1.580409973824703718e+00 1.000000000000000000e+00
2.894255417236007988e-01 -2.853801192169982959e-01 9.136690696152446334e-01 0.000000000000000000e+00 -9.547096734121968131e-01 -1.725329266253682742e-02 2.970373061004967785e-01 0.000000000000000000e+00 -6.900472743878331705e-02 -9.582589644804971885e-01 -2.774488534575877963e-01 0.000000000000000000e+00 -6.406557994833566028e-01 8.434462517384733182e-01 1.578902520868322723e+00 1.000000000000000000e+00
2.894135509153537567e-01 -2.853221425662564870e-01 9.136908002462365008e-01 0.000000000000000000e+00 -9.547132987155368955e-01 -1.723040949338068561e-02 2.970270374374300859e-01 0.000000000000000000e+00 -6.900511099531374259e-02 -9.582766014120477349e-01 -2.773876836068071561e-01 0.000000000000000000e+00 -6.371811439428093360e-01 8.437289559946606898e-01 1.577418647239430927e+00 1.000000000000000000e+00
2.894064163038778115e-01 -2.852870128160399088e-01 9.137040250868225799e-01 0.000000000000000000e+00 -9.547155221764684896e-01 -1.721667148946004824e-02 2.970209180588314624e-01 0.000000000000000000e+00 -6.900526491410415020e-02 -9.582872778119067014e-01 -2.773506716845817177e-01 0.000000000000000000e+00 -6.337005661341084117e-01 8.439703377793505990e-01 1.575959622057234277e+00 1.000000000000000000e+00
2.894040357233457206e-01 -2.852752156357774016e-01 9.137085512757271433e-01 0.000000000000000000e+00 -9.547161874749969801e-01 -1.721208533744511895e-02 2.970188774124948861e-01 0.000000000000000000e+00 -6.900530061229537271e-02 -9.582908918175921942e-01 -2.773382705170447382e-01 0.000000000000000000e+00 -6.302134184421176455e-01 8.441696461356393844e-01 1.574525583732100387e+00 1.000000000000000000e+00
2.894308987750381923e-01 -2.852789278557951724e-01 9.136988986792556888e-01 0.000000000000000000e+00 -9.547092934151800714e-01 -1.723865540799274579e-02 2.970395254826980191e-01 0.000000000000000000e+00 -6.898817144755434172e-02 -9.582893585819379778e-01 -2.773479340818977845e-01 0.000000000000000000e+00 -6.267092946227473815e-01 8.443143819880285506e-01 1.573127460824598867e+00 1.000000000000000000e+00
2.895110217592870017e-01 -2.852897142796518293e-01 9.136700398834755044e-01 0.000000000000000000e+00 -9.546886907911581455e-01 -1.731776509244139367e-02 2.971011495890686360e-01 0.000000000000000000e+00 -6.893718386307538804e-02 -9.582847141894119680e-01 -2.773766697886503874e-01 0.000000000000000000e+00 -6.231777087729587494e-01 8.443931902868468953e-01 1.571775797535231556e+00 1.000000000000000000e+00
2.896431060089366682e-01 -2.853078227529997624e-01 9.136225737041345774e-01 0.000000000000000000e+00 -9.546547177823923036e-01 -1.744862196189937362e-02 2.972026604695433005e-01 0.000000000000000000e+00 -6.885277866323835649e-02 -9.582769382279258119e-01 -2.774244488447338841e-01 0.000000000000000000e+00 -6.196196781827102429e-01 8.444075940288372495e-01 1.570469077492056220e+00 1.000000000000000000e+00
2.898261807655064803e-01 -2.853329941916872281e-01 9.135565996063507166e-01 0.000000000000000000e+00 -9.546076398878973190e-01 -1.763034971059065231e-02 2.973432237227419117e-01 0.000000000000000000e+00 -6.873550078406917563e-02 -9.582661500446887359e-01 -2.774908732459941407e-01 0.000000000000000000e+00 -6.160363817199511205e-01 8.443591623963837556e-01 1.569206028136575837e+00 1.000000000000000000e+00
2.900591823497609689e-01 -2.853648803326765404e-01 9.134727079769934255e-01 0.000000000000000000e+00 -9.545476664894526619e-01 -1.786200829375704860e-02 2.975219369767460598e-01 0.000000000000000000e+00 -6.858585407039130555e-02 -9.582522790564990123e-01 -2.775755078337721060e-01 0.000000000000000000e+00 -6.124705511813045566e-01 8.442701808506446470e-01 1.567892425658693911e+00 1.000000000000000000e+00
2.903407818520756245e-01 -2.854036870498764533e-01 9.133712034299599214e-01 0.000000000000000000e+00 -9.544750180573505771e-01 -1.814281940846825328e-02 2.977377904471878445e-01 0.000000000000000000e+00 -6.840433449809420197e-02 -9.582354826036048046e-01 -2.776784243001333419e-01 0.000000000000000000e+00 -6.089342848001075836e-01 8.441467902914627786e-01 1.566504390324531926e+00 1.000000000000000000e+00
2.906701654863322326e-01 -2.854491966293652427e-01 9.132521322691415921e-01 0.000000000000000000e+00 -9.543900234641574665e-01 -1.847195878530236493e-02 2.979899991745251220e-01 0.000000000000000000e+00 -6.819143710233686873e-02 -9.582157111542156658e-01 -2.777992064045382015e-01 0.000000000000000000e+00 -6.053759066439156067e-01 8.439653792974932678e-01 1.565155910830789310e+00 1.000000000000000000e+00
2.910462426674964576e-01 -2.855009561523188522e-01 9.131161678175881979e-01 0.000000000000000000e+00 -9.542927764810380520e-01 -1.884851141989817361e-02 2.982776642641519205e-01 0.000000000000000000e+00 -6.794766726165482607e-02 -9.581929202347363450e-01 -2.779373492644883759e-01 0.000000000000000000e+00 -6.017953464568916999e-01 8.437280184196246369e-01 1.563845798825759470e+00 1.000000000000000000e+00
2.914676855786555443e-01 -2.855591262830481369e-01 9.129636753580795405e-01 0.000000000000000000e+00 -9.541836044083734647e-01 -1.927162578708075183e-02 2.985996903848976425e-01 0.000000000000000000e+00 -6.767354953428131314e-02 -9.581671664805690991e-01 -2.780930054191116940e-01 0.000000000000000000e+00 -5.981946275455367612e-01 8.434359645741533740e-01 1.562573083029848098e+00 1.000000000000000000e+00
2.919335683333572629e-01 -2.856233550260702247e-01 9.127945991140508086e-01 0.000000000000000000e+00 -9.540627052013544995e-01 -1.974048796461036481e-02 2.989551871186383325e-01 0.000000000000000000e+00 -6.736957917706616616e-02 -9.581384412746580814e-01 -2.782656189869894270e-01 0.000000000000000000e+00 -5.945743192820854839e-01 8.430908571861399636e-01 1.561335958827502868e+00 1.000000000000000000e+00
2.924426609871962346e-01 -2.856936048779277204e-01 9.126096165598792664e-01 0.000000000000000000e+00 -9.539302470975842274e-01 -2.025423874271645511e-02 2.993432490892161124e-01 0.000000000000000000e+00 -6.703622806321342387e-02 -9.581067675616887769e-01 -2.784550510469951945e-01 0.000000000000000000e+00 -5.909351678783389961e-01 8.426941959958960116e-01 1.560133463833080159e+00 1.000000000000000000e+00
2.929941020325886880e-01 -2.857694383628991974e-01 9.124090259019744797e-01 0.000000000000000000e+00 -9.537863376092837742e-01 -2.081201322109267615e-02 2.997630246966975776e-01 0.000000000000000000e+00 -6.667403174879941996e-02 -9.580721946007730860e-01 -2.786609103209131688e-01 0.000000000000000000e+00 -5.872781657577760273e-01 8.422478584221658737e-01 1.558964374034946365e+00 1.000000000000000000e+00
2.935866777832775165e-01 -2.858509648547879478e-01 9.121930709251038216e-01 0.000000000000000000e+00 -9.536316371547212123e-01 -2.141299084073795822e-02 3.002134756192842979e-01 0.000000000000000000e+00 -6.628352437396432817e-02 -9.580347487837391762e-01 -2.788831419327463257e-01 0.000000000000000000e+00 -5.836044191444080820e-01 8.417531008421927918e-01 1.557827389373540372e+00 1.000000000000000000e+00
2.942189514377238635e-01 -2.859377540762795267e-01 9.119620581394952685e-01 0.000000000000000000e+00 -9.534655214361671405e-01 -2.205626509852672348e-02 3.006934681996694114e-01 0.000000000000000000e+00 -6.586512086301107849e-02 -9.579942428677118427e-01 -2.791212137024864925e-01 0.000000000000000000e+00 -5.799144433012252131e-01 8.412115341851794659e-01 1.556720725491932411e+00 1.000000000000000000e+00
2.948901736655927253e-01 -2.860296806312064288e-01 9.117163624820567858e-01 0.000000000000000000e+00 -9.532887429574919969e-01 -2.274103035170845638e-02 3.012022231741113831e-01 0.000000000000000000e+00 -6.541939811481764511e-02 -9.579507834171662184e-01 -2.793750605935736986e-01 0.000000000000000000e+00 -5.762096308258753963e-01 8.406246118522584521e-01 1.555643564473572660e+00 1.000000000000000000e+00
2.955992567188349129e-01 -2.861265434517690220e-01 9.114564067366539568e-01 0.000000000000000000e+00 -9.531014458697641967e-01 -2.346648159561884328e-02 3.017389352751450593e-01 0.000000000000000000e+00 -6.494682368746507173e-02 -9.579042909537801576e-01 -2.796444427346642669e-01 0.000000000000000000e+00 -5.724903040126505527e-01 8.399938857634161593e-01 1.554595086237013701e+00 1.000000000000000000e+00
2.963448950768676760e-01 -2.862280472467300663e-01 9.111822673090368419e-01 0.000000000000000000e+00 -9.529037455417841418e-01 -2.423167393885563778e-02 3.023023287725168928e-01 0.000000000000000000e+00 -6.444792762954645871e-02 -9.578549485553065068e-01 -2.799288366177284382e-01 0.000000000000000000e+00 -5.687579693779544199e-01 8.393212166275675346e-01 1.553573078348176484e+00 1.000000000000000000e+00
2.971261804618544611e-01 -2.863340635535355783e-01 9.108944623900233628e-01 0.000000000000000000e+00 -9.526958292108080872e-01 -2.503584816800685786e-02 3.028917028256516986e-01 0.000000000000000000e+00 -6.392319452842577798e-02 -9.578025378297079229e-01 -2.802281875774700337e-01 0.000000000000000000e+00 -5.650127968966927039e-01 8.386076166711831092e-01 1.552577103255228241e+00 1.000000000000000000e+00
2.979417661675577977e-01 -2.864443161482420064e-01 9.105933618225439119e-01 0.000000000000000000e+00 -9.524778204304451545e-01 -2.587807554211912081e-02 3.035058759719175270e-01 0.000000000000000000e+00 -6.337312834953923169e-02 -9.577472180276311864e-01 -2.805421009798942933e-01 0.000000000000000000e+00 -5.612562076557238155e-01 8.378549381767602666e-01 1.551605628140379389e+00 1.000000000000000000e+00
2.987908024625748893e-01 -2.865584591307150375e-01 9.102792691415448889e-01 0.000000000000000000e+00 -9.522498548448087297e-01 -2.675755204590810066e-02 3.041441443862347715e-01 0.000000000000000000e+00 -6.279821012735174734e-02 -9.576889524720482161e-01 -2.808702680327114232e-01 0.000000000000000000e+00 -5.575537903140915796e-01 8.370909003219254574e-01 1.550538719593395065e+00 1.000000000000000000e+00
2.996719534702762533e-01 -2.866765777935506576e-01 9.099523180618778184e-01 0.000000000000000000e+00 -9.520123307448276062e-01 -2.767343942467148307e-02 3.048052157256471162e-01 0.000000000000000000e+00 -6.219899695042818699e-02 -9.576274422387295315e-01 -2.812127097973267653e-01 0.000000000000000000e+00 -5.538891062738208193e-01 8.363091921501001336e-01 1.549407653251980044e+00 1.000000000000000000e+00
3.005841892128937598e-01 -2.867982765659758404e-01 9.096130015693120185e-01 0.000000000000000000e+00 -9.517651514763032505e-01 -2.862486989797910150e-02 3.054883075754714628e-01 0.000000000000000000e+00 -6.157595111748405403e-02 -9.575631212611608323e-01 -2.815689310608129881e-01 0.000000000000000000e+00 -5.502156153115194126e-01 8.354928053891119699e-01 1.548297639888591481e+00 1.000000000000000000e+00
3.015265453210826396e-01 -2.869232070049492211e-01 9.092616143619789426e-01 0.000000000000000000e+00 -9.515087305123521855e-01 -2.961100770772595245e-02 3.061925592670718954e-01 0.000000000000000000e+00 -6.092958221224178267e-02 -9.574957127151322300e-01 -2.819385179160528998e-01 0.000000000000000000e+00 -5.465345063480055998e-01 8.346431179231691422e-01 1.547207822019581736e+00 1.000000000000000000e+00
3.024976056433181792e-01 -2.870512492527529935e-01 9.088985757558005751e-01 0.000000000000000000e+00 -9.512430251727475028e-01 -3.063096261300402717e-02 3.069168016530267606e-01 0.000000000000000000e+00 -6.026040177155340960e-02 -9.574252189423382298e-01 -2.823214247697095614e-01 0.000000000000000000e+00 -5.428462836734253560e-01 8.337614736375144053e-01 1.546136815995869496e+00 1.000000000000000000e+00
3.034966126515094564e-01 -2.871822593965827064e-01 9.085241434996336185e-01 0.000000000000000000e+00 -9.509682928513634170e-01 -3.168398438759294222e-02 3.076602612355545663e-01 0.000000000000000000e+00 -5.956889099197824194e-02 -9.573516020811686511e-01 -2.827173188033266227e-01 0.000000000000000000e+00 -5.391518769002304756e-01 8.328488792074499880e-01 1.545083852816300007e+00 1.000000000000000000e+00
3.045220593154750466e-01 -2.873159981118952322e-01 9.081385653465146035e-01 0.000000000000000000e+00 -9.506849593740177573e-01 -3.276907041231778145e-02 3.084215923012506022e-01 0.000000000000000000e+00 -5.885559610465081193e-02 -9.572749943502342207e-01 -2.831259915946229277e-01 0.000000000000000000e+00 -5.354524279962328270e-01 8.319073743328280202e-01 1.544047195357665325e+00 1.000000000000000000e+00
3.055731227434155817e-01 -2.874521952549311532e-01 9.077423283787405817e-01 0.000000000000000000e+00 -9.503928000601596926e-01 -3.388550438448273416e-02 3.092002450393485646e-01 0.000000000000000000e+00 -5.812096907928876455e-02 -9.571952356268232931e-01 -2.835470700617049311e-01 0.000000000000000000e+00 -5.317482636767081328e-01 8.309378933720734661e-01 1.543026423332305219e+00 1.000000000000000000e+00
3.066487211048554706e-01 -2.875905553221450583e-01 9.073356664582798992e-01 0.000000000000000000e+00 -9.500922099566510015e-01 -3.503237796165394047e-02 3.099951763184655706e-01 0.000000000000000000e+00 -5.736555754841256294e-02 -9.571124207456560562e-01 -2.839803359155531615e-01 0.000000000000000000e+00 -5.280405887367545237e-01 8.299420098531938850e-01 1.542020154593215953e+00 1.000000000000000000e+00
3.077476748340998713e-01 -2.877309036679218668e-01 9.069191787662528315e-01 0.000000000000000000e+00 -9.497833101860386762e-01 -3.620883145516494428e-02 3.108054104203563095e-01 0.000000000000000000e+00 -5.658982388255181378e-02 -9.570264527387384312e-01 -2.844253420567102175e-01 0.000000000000000000e+00 -5.243298816188549649e-01 8.289211267268231653e-01 1.541027489093492742e+00 1.000000000000000000e+00
3.088686283283249567e-01 -2.878732347064842378e-01 9.064927442418652115e-01 0.000000000000000000e+00 -9.494665011220964068e-01 -3.741402032594966925e-02 3.116297106193069433e-01 0.000000000000000000e+00 -5.579429021836085356e-02 -9.569373707713426658e-01 -2.848820787126618570e-01 0.000000000000000000e+00 -5.206176606323805744e-01 8.278763372827425693e-01 1.540046913373108728e+00 1.000000000000000000e+00
3.100108005314456960e-01 -2.880171123109181996e-01 9.060570545183781466e-01 0.000000000000000000e+00 -9.491417503785992693e-01 -3.864709463298094533e-02 3.124674392894173369e-01 0.000000000000000000e+00 -5.497948390739325342e-02 -9.568450321074952747e-01 -2.853501424648811624e-01 0.000000000000000000e+00 -5.169041298635506099e-01 8.268088599975140784e-01 1.539078028213059390e+00 1.000000000000000000e+00
3.111729868677117761e-01 -2.881623105142359642e-01 9.056123656705832303e-01 0.000000000000000000e+00 -9.488092914193376748e-01 -3.990714979813144575e-02 3.133174821897533047e-01 0.000000000000000000e+00 -5.414587240929659429e-02 -9.567495504211849244e-01 -2.858292198394334349e-01 0.000000000000000000e+00 -5.131901547717601098e-01 8.257205018405694430e-01 1.538119391923728152e+00 1.000000000000000000e+00
3.123538653431254808e-01 -2.883087496635872715e-01 9.051590779436823331e-01 0.000000000000000000e+00 -9.484694451589835706e-01 -4.119335742032947251e-02 3.141788529543366182e-01 0.000000000000000000e+00 -5.329395624905999135e-02 -9.566508623759760743e-01 -2.863190403428261810e-01 0.000000000000000000e+00 -5.094771694448263499e-01 8.246122140479621443e-01 1.537170102127121130e+00 1.000000000000000000e+00
3.135527924415221768e-01 -2.884562406236292342e-01 9.046975080152832582e-01 0.000000000000000000e+00 -9.481221980442303687e-01 -4.250493301402961249e-02 3.150508928501624673e-01 0.000000000000000000e+00 -5.242428360072387550e-02 -9.565490427286613695e-01 -2.868194420510264409e-01 0.000000000000000000e+00 -5.057648971909484148e-01 8.234851613534907022e-01 1.536229523467867564e+00 1.000000000000000000e+00
3.147681570939810936e-01 -2.886047572961861762e-01 9.042280788050659490e-01 0.000000000000000000e+00 -9.477681675641688175e-01 -4.384091078643368583e-02 3.159321143354559824e-01 0.000000000000000000e+00 -5.153732612701864002e-02 -9.564440032403599412e-01 -2.873301964049650992e-01 0.000000000000000000e+00 -5.021101657762027104e-01 8.223592552587031257e-01 1.535212879353859527e+00 1.000000000000000000e+00
3.159991898658711662e-01 -2.887537097860539692e-01 9.037509531208568481e-01 0.000000000000000000e+00 -9.474071084425754741e-01 -4.520046482177101504e-02 3.168220745655612181e-01 0.000000000000000000e+00 -5.063357898955759412e-02 -9.563356703965851802e-01 -2.878507342437401362e-01 0.000000000000000000e+00 -4.985347884118617734e-01 8.212430131965748892e-01 1.534086887940421029e+00 1.000000000000000000e+00
3.172446329206898286e-01 -2.889032583805771215e-01 9.032665924893088505e-01 0.000000000000000000e+00 -9.470395249680557681e-01 -4.658275495839128699e-02 3.177195588944650151e-01 0.000000000000000000e+00 -4.971355844208091151e-02 -9.562241823808178554e-01 -2.883810149066763917e-01 0.000000000000000000e+00 -4.949637006826107521e-01 8.201117298583293636e-01 1.532966736229312898e+00 1.000000000000000000e+00
3.185034928276230248e-01 -2.890532156536500530e-01 9.027754717784922667e-01 0.000000000000000000e+00 -9.466655188920009012e-01 -4.798694330125557322e-02 3.186237256891766290e-01 0.000000000000000000e+00 -4.877776054439060538e-02 -9.561093857842681842e-01 -2.889208549696913320e-01 0.000000000000000000e+00 -4.913976279545198000e-01 8.189663793651859036e-01 1.531852008223048900e+00 1.000000000000000000e+00
3.197745971115649177e-01 -2.892032208301056340e-01 9.022780461408634878e-01 0.000000000000000000e+00 -9.462855100481637471e-01 -4.941203615856606252e-02 3.195335738705817330e-01 0.000000000000000000e+00 -4.782674032489613730e-02 -9.559915130029740249e-01 -2.894696220617603566e-01 0.000000000000000000e+00 -4.878375165026633820e-01 8.178087621406151531e-01 1.530741356990920066e+00 1.000000000000000000e+00
3.210568109503833534e-01 -2.893533164773095523e-01 9.017744179090471102e-01 0.000000000000000000e+00 -9.458995390739139975e-01 -5.085728982656252672e-02 3.204481707990199935e-01 0.000000000000000000e+00 -4.686092698459164152e-02 -9.558702360512498775e-01 -2.900273856683729945e-01 0.000000000000000000e+00 -4.842841095551605468e-01 8.166393444104147470e-01 1.529634078023610844e+00 1.000000000000000000e+00
3.223491357169881444e-01 -2.895033804341502481e-01 9.012650320848486496e-01 0.000000000000000000e+00 -9.455081076948254060e-01 -5.232184208498359690e-02 3.213665874180555715e-01 0.000000000000000000e+00 -4.588085869210110912e-02 -9.557457732394502026e-01 -2.905937764054237205e-01 0.000000000000000000e+00 -4.807383718031547071e-01 8.154595219066314016e-01 1.528529259340246194e+00 1.000000000000000000e+00
3.236503171279794255e-01 -2.896531700067366266e-01 9.007504564409026804e-01 0.000000000000000000e+00 -9.451111810958077175e-01 -5.380474018692035093e-02 3.222878739534735248e-01 0.000000000000000000e+00 -4.488705318727822385e-02 -9.556180595519995213e-01 -2.911684725553397857e-01 0.000000000000000000e+00 -4.772007675214728351e-01 8.142704978334951438e-01 1.527426244855640824e+00 1.000000000000000000e+00
3.249593886769497897e-01 -2.898025705272110342e-01 9.002309090798965574e-01 0.000000000000000000e+00 -9.447091026869597341e-01 -5.530517229240717453e-02 3.232111664013466723e-01 0.000000000000000000e+00 -4.387998845357723304e-02 -9.554870863293585259e-01 -2.917511793050837077e-01 0.000000000000000000e+00 -4.736722746509162141e-01 8.130733263249961817e-01 1.526324054929619090e+00 1.000000000000000000e+00
3.262752557195438552e-01 -2.899515246950385428e-01 8.997068960132583726e-01 0.000000000000000000e+00 -9.443023624386978065e-01 -5.682224071667908022e-02 3.241354598511723140e-01 0.000000000000000000e+00 -4.286022328764704098e-02 -9.553528792967099781e-01 -2.923417412821282535e-01 0.000000000000000000e+00 -4.701537756126036305e-01 8.118690507744820151e-01 1.525222204003176651e+00 1.000000000000000000e+00
3.275968352158001862e-01 -2.900998548982974823e-01 8.991786662449192669e-01 0.000000000000000000e+00 -9.438909260815953051e-01 -5.835513827575457280e-02 3.250600434857368604e-01 0.000000000000000000e+00 -4.182816437874998378e-02 -9.552153829787355388e-01 -2.929397181778685688e-01 0.000000000000000000e+00 -4.666457359400192906e-01 8.106587037722708944e-01 1.524119666405002294e+00 1.000000000000000000e+00
3.289229295069741044e-01 -2.902477117782191196e-01 8.986466146235367880e-01 0.000000000000000000e+00 -9.434753637523985992e-01 -5.990297109318597907e-02 3.259836668716298291e-01 0.000000000000000000e+00 -4.078439925401031174e-02 -9.550746340383780009e-01 -2.935451226964984617e-01 0.000000000000000000e+00 -4.631494978603663548e-01 8.094431433075521820e-01 1.523015790505662270e+00 1.000000000000000000e+00
3.302524783802067154e-01 -2.903945865603491661e-01 8.981114096011719727e-01 0.000000000000000000e+00 -9.430557946039580530e-01 -6.146474068043530220e-02 3.269055822001523670e-01 0.000000000000000000e+00 -3.972942053757109321e-02 -9.549308121858287590e-01 -2.941572729913908835e-01 0.000000000000000000e+00 -4.596652947035725911e-01 8.082241120547180024e-01 1.521909765556438643e+00 1.000000000000000000e+00
3.315843569807627178e-01 -2.905407790629935261e-01 8.975733012455069382e-01 0.000000000000000000e+00 -9.426326571148985201e-01 -6.303973071835886066e-02 3.278249035477122098e-01 0.000000000000000000e+00 -3.866371733265323157e-02 -9.547836641466308505e-01 -2.947763467539368798e-01 0.000000000000000000e+00 -4.561942862566663037e-01 8.070018140756605174e-01 1.520801250799659998e+00 1.000000000000000000e+00
3.329177729828419752e-01 -2.906858845369088007e-01 8.970324672672126409e-01 0.000000000000000000e+00 -9.422061263984126134e-01 -6.462697174646593601e-02 3.287407606829972351e-01 0.000000000000000000e+00 -3.758780571728740499e-02 -9.546333249954906952e-01 -2.954015986096908963e-01 0.000000000000000000e+00 -4.527369544224874032e-01 8.057777509465294807e-01 1.519688966258350149e+00 1.000000000000000000e+00
3.342513282315202616e-01 -2.908302187482878498e-01 8.964896252638098195e-01 0.000000000000000000e+00 -9.417765955616674844e-01 -6.622567456088074289e-02 3.296521829640166601e-01 0.000000000000000000e+00 -3.650217957815744818e-02 -9.544797250171264125e-01 -2.960332043824204784e-01 0.000000000000000000e+00 -4.492941374210613903e-01 8.045523878157154751e-01 1.518572853845761905e+00 1.000000000000000000e+00
3.355841794700232250e-01 -2.909734994527586327e-01 8.959450971522615603e-01 0.000000000000000000e+00 -9.413442485753872324e-01 -6.783494668596659616e-02 3.305584807411366954e-01 0.000000000000000000e+00 -3.540737521752303912e-02 -9.543230420399851921e-01 -2.966706695400863625e-01 0.000000000000000000e+00 -4.460150472901733831e-01 8.033686775604507169e-01 1.517263412954392932e+00 1.000000000000000000e+00
3.369149605424409111e-01 -2.911156677482051314e-01 8.953992847503320363e-01 0.000000000000000000e+00 -9.409098501871739906e-01 -6.945378639520070896e-02 3.314583593559849439e-01 0.000000000000000000e+00 -3.430384976657815249e-02 -9.541632071097494450e-01 -2.973136737085341763e-01 0.000000000000000000e+00 -4.427549653568437771e-01 8.021863544631528953e-01 1.515946410638558950e+00 1.000000000000000000e+00
3.382429130975858622e-01 -2.912568475949663394e-01 8.948525610957622778e-01 0.000000000000000000e+00 -9.404730418070545994e-01 -7.108149996219761957e-02 3.323513702231353784e-01 0.000000000000000000e+00 -3.319215270839473431e-02 -9.540003595385296853e-01 -2.979621264115606682e-01 0.000000000000000000e+00 -4.395116265783827747e-01 8.010056696849311431e-01 1.514623923303547448e+00 1.000000000000000000e+00
3.395665616173336177e-01 -2.913969535075289774e-01 8.943055415811757003e-01 0.000000000000000000e+00 -9.400348042395201276e-01 -7.271705904286814015e-02 3.332362898139508145e-01 0.000000000000000000e+00 -3.207276829035388827e-02 -9.538342814256833835e-01 -2.986157009984612420e-01 0.000000000000000000e+00 -4.362869367026348533e-01 7.998273260578688815e-01 1.513295497235642939e+00 1.000000000000000000e+00
3.408851886026842970e-01 -2.915360528114356864e-01 8.937584037934581671e-01 0.000000000000000000e+00 -9.395951459877626144e-01 -7.435968897956922452e-02 3.341123941782585538e-01 0.000000000000000000e+00 -3.094619204792380812e-02 -9.536650558034510672e-01 -2.992741182711068926e-01 0.000000000000000000e+00 -4.330806903165572708e-01 7.986521982117633645e-01 1.511960086352408528e+00 1.000000000000000000e+00
3.421975398116627320e-01 -2.916739626157812681e-01 8.932116621645113108e-01 0.000000000000000000e+00 -9.391546138778464892e-01 -7.600840259344592009e-02 3.349787434193675084e-01 0.000000000000000000e+00 -2.981297836172753374e-02 -9.534930102266229168e-01 -2.999369104484791437e-01 0.000000000000000000e+00 -4.298941365971283846e-01 7.974817109526332048e-01 1.510617128930437758e+00 1.000000000000000000e+00
3.435028833918746805e-01 -2.918108713043688907e-01 8.926657298221378767e-01 0.000000000000000000e+00 -9.387135744996084608e-01 -7.766248525497217170e-02 3.358347684473778072e-01 0.000000000000000000e+00 -2.867358837019617565e-02 -9.533177127812492158e-01 -3.006041909416470315e-01 0.000000000000000000e+00 -4.267277599391207654e-01 7.963158061293184042e-01 1.509266854840730199e+00 1.000000000000000000e+00
3.447996348552159751e-01 -2.919466558461675243e-01 8.921212965939419037e-01 0.000000000000000000e+00 -9.382722608391859120e-01 -7.932085057414223206e-02 3.366792418522288610e-01 0.000000000000000000e+00 -2.752855613748612928e-02 -9.531396002496875797e-01 -3.012754044648735530e-01 0.000000000000000000e+00 -4.235824247595784686e-01 7.951560179927015248e-01 1.507908167824260515e+00 1.000000000000000000e+00
3.460870813645683386e-01 -2.920815390595398742e-01 8.915783908816092840e-01 0.000000000000000000e+00 -9.378312184769462823e-01 -8.098276974504921288e-02 3.375114086480858755e-01 0.000000000000000000e+00 -2.637837414135089584e-02 -9.529584866303811852e-01 -3.019503950725000441e-01 0.000000000000000000e+00 -4.204587599790570729e-01 7.940027792802047957e-01 1.506540503266241782e+00 1.000000000000000000e+00
3.473642407320979286e-01 -2.922154596435754259e-01 8.910376450052811537e-01 0.000000000000000000e+00 -9.373906892073935460e-01 -8.264734002722820549e-02 3.383305932228780621e-01 0.000000000000000000e+00 -2.522353680986240757e-02 -9.527744635289994157e-01 -3.026288693714845324e-01 0.000000000000000000e+00 -4.173573969865496114e-01 7.928569243540612987e-01 1.505163683749043857e+00 1.000000000000000000e+00
3.486296719288608514e-01 -2.923485393114312325e-01 8.904996103056287415e-01 0.000000000000000000e+00 -9.369513161068547813e-01 -8.431362895493409171e-02 3.391357136038213316e-01 0.000000000000000000e+00 -2.406458238036262784e-02 -9.525876990011872270e-01 -3.033106974068164319e-01 0.000000000000000000e+00 -4.142793639490197632e-01 7.917193750390798535e-01 1.503777180502245958e+00 1.000000000000000000e+00
3.498827355100284087e-01 -2.924808181319116795e-01 8.899645802368273406e-01 0.000000000000000000e+00 -9.365132417788856189e-01 -8.598082674082134502e-02 3.399261675525665494e-01 0.000000000000000000e+00 -2.290199094556958845e-02 -9.523980117433057391e-01 -3.039954673398849727e-01 0.000000000000000000e+00 -4.112249767863721539e-01 7.905904839121135064e-01 1.502380681987729227e+00 1.000000000000000000e+00
3.511220946547823907e-01 -2.926122302465734015e-01 8.894330941849248884e-01 0.000000000000000000e+00 -9.360771055154176734e-01 -8.764790297527486063e-02 3.407008775300633951e-01 0.000000000000000000e+00 -2.173630097192502664e-02 -9.522056608110438525e-01 -3.046828244124346607e-01 0.000000000000000000e+00 -4.081950520613371602e-01 7.894716045715969299e-01 1.500973129574269205e+00 1.000000000000000000e+00
3.523466960493260580e-01 -2.927430811086026985e-01 8.889055675276023027e-01 0.000000000000000000e+00 -9.356432451194172106e-01 -8.931411140589619324e-02 3.414591016590252659e-01 0.000000000000000000e+00 -2.056798283871332997e-02 -9.520106006362750728e-01 -3.053727598175281499e-01 0.000000000000000000e+00 -4.051904700439062368e-01 7.883628797746070616e-01 1.499554842747320427e+00 1.000000000000000000e+00
3.535558457062875637e-01 -2.928734200881913385e-01 8.883824122010024471e-01 0.000000000000000000e+00 -9.352119725436295328e-01 -9.097859177889650040e-02 3.422002041212787171e-01 0.000000000000000000e+00 -1.939755907345412991e-02 -9.518128940188044229e-01 -3.060648337773920757e-01 0.000000000000000000e+00 -4.022114839639186479e-01 7.872650640089758900e-01 1.498125223017686691e+00 1.000000000000000000e+00
3.547482248625365431e-01 -2.930033286901972400e-01 8.878640742554944065e-01 0.000000000000000000e+00 -9.347838669387208421e-01 -9.264040024959897812e-02 3.429231795927134008e-01 0.000000000000000000e+00 -1.822555375596449437e-02 -9.516126318741741086e-01 -3.067589137186647053e-01 0.000000000000000000e+00 -3.993109703740829186e-01 7.861908731099498393e-01 1.496627785106835473e+00 1.000000000000000000e+00
3.559227184145615785e-01 -2.931328223565132229e-01 8.873511475574020757e-01 0.000000000000000000e+00 -9.343594851257677192e-01 -9.429856241607990908e-02 3.436271644356343469e-01 0.000000000000000000e+00 -1.705245857437549112e-02 -9.514098566828953496e-01 -3.074545727952140428e-01 0.000000000000000000e+00 -3.965549330361006763e-01 7.851557305485183935e-01 1.494993465334105265e+00 1.000000000000000000e+00
3.570785231523037617e-01 -2.932622452508145683e-01 8.868438904955127100e-01 0.000000000000000000e+00 -9.339391444268871911e-01 -9.595237301876349822e-02 3.443115061465683580e-01 0.000000000000000000e+00 -1.587878773482858871e-02 -9.512046314422274440e-01 -3.081516931957957728e-01 0.000000000000000000e+00 -3.938270749018235040e-01 7.841330882158543680e-01 1.493347121808696221e+00 1.000000000000000000e+00
3.582144818505118566e-01 -2.933914737412546825e-01 8.863429004808869305e-01 0.000000000000000000e+00 -9.335231514700135236e-01 -9.760082290727824239e-02 3.449754048003068063e-01 0.000000000000000000e+00 -1.470503710243974312e-02 -9.509969890765519462e-01 -3.088498839868930590e-01 0.000000000000000000e+00 -3.911276645522035467e-01 7.831238713892125780e-01 1.491687977321501268e+00 1.000000000000000000e+00
3.593296148560500280e-01 -2.935210265223046067e-01 8.858484692141987971e-01 0.000000000000000000e+00 -9.331123281485388388e-01 -9.924314849706314390e-02 3.456178944379161844e-01 0.000000000000000000e+00 -1.353172182025590316e-02 -9.507870358131509381e-01 -3.095491797883653806e-01 0.000000000000000000e+00 -3.884579416969001220e-01 7.821283159131824370e-01 1.490016410527114088e+00 1.000000000000000000e+00
3.604228405122952283e-01 -2.936507796052287844e-01 8.853611980072941812e-01 0.000000000000000000e+00 -9.327068404975964455e-01 -1.008783764298852997e-01 3.462383641878819529e-01 0.000000000000000000e+00 -1.235936714164994135e-02 -9.505748669430904574e-01 -3.102490671597393779e-01 0.000000000000000000e+00 -3.858179170727584206e-01 7.811474116720112937e-01 1.488331543218750941e+00 1.000000000000000000e+00
3.614930929943580562e-01 -2.937809896123443343e-01 8.848815082397132326e-01 0.000000000000000000e+00 -9.323073332824057813e-01 -1.025056068333330545e-01 3.468358164871128690e-01 0.000000000000000000e+00 -1.118845618080948484e-02 -9.503605195296372932e-01 -3.109493693035996209e-01 0.000000000000000000e+00 -3.832085258135221051e-01 7.801814533646003191e-01 1.486633045161006361e+00 1.000000000000000000e+00
3.625393975517557932e-01 -2.939118267650371874e-01 8.844099012291332107e-01 0.000000000000000000e+00 -9.319142785925622618e-01 -1.041240069500628668e-01 3.474096608252894569e-01 0.000000000000000000e+00 -1.001948988657113022e-02 -9.501440619925830555e-01 -3.116497679297047241e-01 0.000000000000000000e+00 -3.806305627285626603e-01 7.792310761968558319e-01 1.484921103739000658e+00 1.000000000000000000e+00
3.635607819416917241e-01 -2.940433848465793809e-01 8.839468633209698334e-01 0.000000000000000000e+00 -9.315281087895943557e-01 -1.057326573785371260e-01 3.479590875772547443e-01 0.000000000000000000e+00 -8.853018521955434428e-03 -9.499256687300441371e-01 -3.123501240723001171e-01 0.000000000000000000e+00 -3.780840178301790866e-01 7.782970296304786428e-01 1.483195202492448850e+00 1.000000000000000000e+00
3.645561813893734016e-01 -2.941761164932690242e-01 8.834925277909210228e-01 0.000000000000000000e+00 -9.311493638966886754e-01 -1.073307456229875140e-01 3.484831855942940870e-01 0.000000000000000000e+00 -7.689510637461017227e-03 -9.497053595779795243e-01 -3.130501018950324066e-01 0.000000000000000000e+00 -3.755697399189652508e-01 7.773794309047683537e-01 1.481454628107833127e+00 1.000000000000000000e+00
3.655246302415143811e-01 -2.943100275798910537e-01 8.830477253518278502e-01 0.000000000000000000e+00 -9.307784250558648331e-01 -1.089173306741691577e-01 3.489812877110886613e-01 0.000000000000000000e+00 -6.529500769011734214e-03 -9.494831415877408309e-01 -3.137495352719086861e-01 0.000000000000000000e+00 -3.730883694047819610e-01 7.764787078235525497e-01 1.479699912874806733e+00 1.000000000000000000e+00
3.664651879140297108e-01 -2.944454445067101189e-01 8.826126109760331628e-01 0.000000000000000000e+00 -9.304158892554843518e-01 -1.104916461078736395e-01 3.494527904037720289e-01 0.000000000000000000e+00 -5.373470383939853851e-03 -9.492593264192943359e-01 -3.144482026042308420e-01 0.000000000000000000e+00 -3.706399497315014946e-01 7.755957756884158671e-01 1.477930331008896481e+00 1.000000000000000000e+00
3.673764330751780882e-01 -2.945823198805050391e-01 8.821879778167212027e-01 0.000000000000000000e+00 -9.300624881244595743e-01 -1.120525233028720202e-01 3.498964947942548309e-01 0.000000000000000000e+00 -4.221914035227800933e-03 -9.490337698297826030e-01 -3.151455066460440158e-01 0.000000000000000000e+00 -3.682261544638888995e-01 7.747310264763169751e-01 1.476145640733565578e+00 1.000000000000000000e+00
3.682579215920169791e-01 -2.947212666490647281e-01 8.817739773941329906e-01 0.000000000000000000e+00 -9.297182852992424973e-01 -1.135994452058813331e-01 3.503121562248448506e-01 0.000000000000000000e+00 -3.075406268480333598e-03 -9.488067236639259328e-01 -3.158417444692375731e-01 0.000000000000000000e+00 -3.658460674652104228e-01 7.738844758563110382e-01 1.474345937248967342e+00 1.000000000000000000e+00
3.691084263595220127e-01 -2.948622172947323872e-01 8.813712215736511091e-01 0.000000000000000000e+00 -9.293842870187833949e-01 -1.151312772056879014e-01 3.506987076758155686e-01 0.000000000000000000e+00 -1.934393368539861135e-03 -9.485783290426739178e-01 -3.165362774630505749e-01 0.000000000000000000e+00 -3.635010877116022776e-01 7.730572052943981420e-01 1.472530864960858388e+00 1.000000000000000000e+00
3.699265493118613635e-01 -2.950056408530976615e-01 8.809802321077158105e-01 0.000000000000000000e+00 -9.290603624654077963e-01 -1.166471981704604449e-01 3.510553104395275903e-01 0.000000000000000000e+00 -7.994257007288039585e-04 -9.483484532483934526e-01 -3.172291005778638540e-01 0.000000000000000000e+00 -3.611914732319751464e-01 7.722490488159080568e-01 1.470700281137943044e+00 1.000000000000000000e+00
3.707118406590098059e-01 -2.951515869202212539e-01 8.806010165560596015e-01 0.000000000000000000e+00 -9.287476066947624176e-01 -1.181463654550442277e-01 3.513813972523069373e-01 0.000000000000000000e+00 3.290433691915278813e-04 -9.481174960220122294e-01 -3.179197038536387132e-01 0.000000000000000000e+00 -3.589942196097850036e-01 7.714748352672434750e-01 1.468783348269546485e+00 1.000000000000000000e+00
3.714631109985599422e-01 -2.953005376107818436e-01 8.802344371806829493e-01 0.000000000000000000e+00 -9.284463048046870393e-01 -1.196279382704463212e-01 3.516762641561166913e-01 0.000000000000000000e+00 1.450445960169292024e-03 -9.478852222921293480e-01 -3.186081555683573652e-01 0.000000000000000000e+00 -3.569425631635134710e-01 7.707401109471363476e-01 1.466751717437205782e+00 1.000000000000000000e+00
3.721792588607318875e-01 -2.954524951993660054e-01 8.798809352458610844e-01 0.000000000000000000e+00 -9.281569979279857829e-01 -1.210908889315172460e-01 3.519390151454723781e-01 0.000000000000000000e+00 2.564306625259060377e-03 -9.476521793247660863e-01 -3.192939607445762218e-01 0.000000000000000000e+00 -3.549277906556773110e-01 7.700261339619567380e-01 1.464704150213747225e+00 1.000000000000000000e+00
3.728594645456814738e-01 -2.956078221256145944e-01 8.795406261049431018e-01 0.000000000000000000e+00 -9.278803083059966594e-01 -1.225344431644013327e-01 3.521689979144315141e-01 0.000000000000000000e+00 3.670118309844815595e-03 -9.474181347798824593e-01 -3.199768887375041282e-01 0.000000000000000000e+00 -3.529503194893895412e-01 7.693327158550832268e-01 1.462639818465088837e+00 1.000000000000000000e+00
3.735025141784601432e-01 -2.957669225799275936e-01 8.792142304975919531e-01 0.000000000000000000e+00 -9.276166253926771965e-01 -1.239577232891784925e-01 3.523654230966800083e-01 0.000000000000000000e+00 4.767349846009002155e-03 -9.471832479618969014e-01 -3.206569212066601171e-01 0.000000000000000000e+00 -3.510105831557973621e-01 7.686601958438672444e-01 1.460559652121220742e+00 1.000000000000000000e+00
3.741074518476711908e-01 -2.959298654256980465e-01 8.789021522559504751e-01 0.000000000000000000e+00 -9.273665347187916019e-01 -1.253597386099093713e-01 3.525274975899073682e-01 0.000000000000000000e+00 5.855512657451876143e-03 -9.469478421650375788e-01 -3.213336340791396739e-01 0.000000000000000000e+00 -3.491091365695788151e-01 7.680093982234514893e-01 1.458462967192258208e+00 1.000000000000000000e+00
3.746734276588958856e-01 -2.960970498225405367e-01 8.786046399209646030e-01 0.000000000000000000e+00 -9.271305537131470098e-01 -1.267397780522711848e-01 3.526547455074734438e-01 0.000000000000000000e+00 6.934122083796053458e-03 -9.467118363963010763e-01 -3.220068094400924674e-01 0.000000000000000000e+00 -3.472459232322418488e-01 7.673801389026679853e-01 1.456349435596949737e+00 1.000000000000000000e+00
3.751993812382540261e-01 -2.962688549353261203e-01 8.783223481326513093e-01 0.000000000000000000e+00 -9.269092982107197676e-01 -1.280968858729336912e-01 3.527461747583636176e-01 0.000000000000000000e+00 8.002639424451535310e-03 -9.464753809518759997e-01 -3.226763288549059916e-01 0.000000000000000000e+00 -3.454218292964746362e-01 7.667729183533257276e-01 1.454219309296545415e+00 1.000000000000000000e+00
3.756843373307617862e-01 -2.964453754007960185e-01 8.780554227932279021e-01 0.000000000000000000e+00 -9.267031666488062536e-01 -1.294301526688849957e-01 3.528011922397696343e-01 0.000000000000000000e+00 9.060567213762214800e-03 -9.462386979531915987e-01 -3.233418235518286665e-01 0.000000000000000000e+00 -3.436367263254257454e-01 7.661881159452520462e-01 1.452072156309370143e+00 1.000000000000000000e+00
3.761270231087729954e-01 -2.966268598412357127e-01 8.778045790710503615e-01 0.000000000000000000e+00 -9.265126885720997851e-01 -1.307386248544642748e-01 3.528188930023791747e-01 0.000000000000000000e+00 1.010740325647892582e-02 -9.460019307603528826e-01 -3.240029967569925673e-01 0.000000000000000000e+00 -3.418913510286766821e-01 7.656264434916728590e-01 1.449907794068287625e+00 1.000000000000000000e+00
3.765268191146203258e-01 -2.968138270223816821e-01 8.775698838336856156e-01 0.000000000000000000e+00 -9.263383371786392262e-01 -1.320215889889528871e-01 3.527987771619821022e-01 0.000000000000000000e+00 1.114261104063556627e-02 -9.457650242900538240e-01 -3.246598468453994468e-01 0.000000000000000000e+00 -3.401854761076714695e-01 7.650876002263816700e-01 1.447726006222640471e+00 1.000000000000000000e+00
3.768825768705800772e-01 -2.970064168407962613e-01 8.773520424952380159e-01 0.000000000000000000e+00 -9.261808442298505861e-01 -1.332780392790795521e-01 3.527399849744263793e-01 0.000000000000000000e+00 1.216572338371281828e-02 -9.455282937202302840e-01 -3.253119271940537738e-01 0.000000000000000000e+00 -3.385199888423362502e-01 7.645720598592830042e-01 1.445527002003728967e+00 1.000000000000000000e+00
3.771932443862706652e-01 -2.972050190995115249e-01 8.771512702534357553e-01 0.000000000000000000e+00 -9.260405363308361615e-01 -1.345071594117910330e-01 3.526418195410515599e-01 0.000000000000000000e+00 1.317620330626140257e-02 -9.452918352586768824e-01 -3.259592034898713964e-01 0.000000000000000000e+00 -3.368948399169061636e-01 7.640802488089655231e-01 1.443310554102775090e+00 1.000000000000000000e+00
3.774578949170599995e-01 -2.974098271779797575e-01 8.769679330219239954e-01 0.000000000000000000e+00 -9.259180035866996228e-01 -1.357080165559546303e-01 3.525035468674793115e-01 0.000000000000000000e+00 1.417356517132672793e-02 -9.450557732714643944e-01 -3.266012601517859770e-01 0.000000000000000000e+00 -3.353102662886131013e-01 7.636125201196430901e-01 1.441076044424344227e+00 1.000000000000000000e+00
3.776754917170530024e-01 -2.976212485660540974e-01 8.768025388685957155e-01 0.000000000000000000e+00 -9.258136686564640838e-01 -1.368797704344964505e-01 3.523244717050711405e-01 0.000000000000000000e+00 1.515728910002048235e-02 -9.448202411852276716e-01 -3.272380687632789331e-01 0.000000000000000000e+00 -3.337666466770046192e-01 7.631687242709910279e-01 1.438824172999466855e+00 1.000000000000000000e+00
3.778450030226704337e-01 -2.978394272238703011e-01 8.766554396379822034e-01 0.000000000000000000e+00 -9.257280374032382797e-01 -1.380214455874465285e-01 3.521037842833764087e-01 0.000000000000000000e+00 1.612686769996969638e-02 -9.445853389624963015e-01 -3.278691696873557437e-01 0.000000000000000000e+00 -3.322642727175766364e-01 7.627496303480112427e-01 1.436554176065271804e+00 1.000000000000000000e+00
3.779654992635722022e-01 -2.980647587788968211e-01 8.765268381582107526e-01 0.000000000000000000e+00 -9.256618109715726295e-01 -1.391322589514018826e-01 3.518408356829040295e-01 0.000000000000000000e+00 1.708180120967986784e-02 -9.443513409386834478e-01 -3.284944358626930017e-01 0.000000000000000000e+00 -3.308690269712014631e-01 7.623647465187016747e-01 1.434213804314707019e+00 1.000000000000000000e+00
3.780359648495160152e-01 -2.982975465103462898e-01 8.764172956515295931e-01 0.000000000000000000e+00 -9.256152350953006369e-01 -1.402113002321373758e-01 3.515349483605761383e-01 0.000000000000000000e+00 1.802160084216506211e-02 -9.441182156434767547e-01 -3.291137204985544185e-01 0.000000000000000000e+00 -3.296495209203508803e-01 7.620237220213523788e-01 1.431749983176199059e+00 1.000000000000000000e+00
3.780552075930031508e-01 -2.985379924619864789e-01 8.763272199913855198e-01 0.000000000000000000e+00 -9.255888903098919984e-01 -1.412575644756721149e-01 3.511852310047884340e-01 0.000000000000000000e+00 1.894570834829722300e-02 -9.438861959297005777e-01 -3.297267659301052478e-01 0.000000000000000000e+00 -3.284715783731351757e-01 7.617080448542854487e-01 1.429267578690461171e+00 1.000000000000000000e+00
3.779975491789493436e-01 -2.987903373779028371e-01 8.762659819543140438e-01 0.000000000000000000e+00 -9.255933720457786285e-01 -1.422624157529608357e-01 3.507674668030297815e-01 0.000000000000000000e+00 1.985377280169797060e-02 -9.436555393466191655e-01 -3.303333288628212960e-01 0.000000000000000000e+00 -3.273650026262356905e-01 7.614198384193768820e-01 1.426758484500061375e+00 1.000000000000000000e+00
3.778392675506562215e-01 -2.990583694550272287e-01 8.762428503252377432e-01 0.000000000000000000e+00 -9.256384689333304605e-01 -1.432180357735317600e-01 3.502592329832703300e-01 0.000000000000000000e+00 2.074581940215541181e-02 -9.434259112923728541e-01 -3.309334600338527110e-01 0.000000000000000000e+00 -3.263572637641588003e-01 7.611602772456411703e-01 1.424216344855308236e+00 1.000000000000000000e+00
3.775822495180222726e-01 -2.993424409606114667e-01 8.762566348944034189e-01 0.000000000000000000e+00 -9.257232101357641962e-01 -1.441253391718783916e-01 3.496624293980373221e-01 0.000000000000000000e+00 2.162198566080151402e-02 -9.431976147855445358e-01 -3.315275820206589619e-01 0.000000000000000000e+00 -3.254449311775622355e-01 7.609286045414092037e-01 1.421641977515037958e+00 1.000000000000000000e+00
3.772284406928956835e-01 -2.996425718866105870e-01 8.763064228314024762e-01 0.000000000000000000e+00 -9.258470092463649825e-01 -1.449849980112208891e-01 3.489787646684136546e-01 0.000000000000000000e+00 2.248241060796568949e-02 -9.429705579035969620e-01 -3.321157706691148515e-01 0.000000000000000000e+00 -3.246252284449202552e-01 7.607237707132342708e-01 1.419036712094193353e+00 1.000000000000000000e+00
3.767801917338819973e-01 -2.999588197745308715e-01 8.763910481200185565e-01 0.000000000000000000e+00 -9.260086501165681883e-01 -1.457979172152067404e-01 3.482104381867275333e-01 0.000000000000000000e+00 2.332719675575718049e-02 -9.427447879964503397e-01 -3.326982861188351737e-01 0.000000000000000000e+00 -3.238945556815603366e-01 7.605446458767810558e-01 1.416402369711969644e+00 1.000000000000000000e+00
3.762393084264997745e-01 -3.002909602663635380e-01 8.765098300370673945e-01 0.000000000000000000e+00 -9.262071986856550421e-01 -1.465646668803801123e-01 3.473592403147162666e-01 0.000000000000000000e+00 2.415653454914667292e-02 -9.425199756025711695e-01 -3.332752179280698557e-01 0.000000000000000000e+00 -3.232496926688401273e-01 7.603905291274117850e-01 1.413739627546239275e+00 1.000000000000000000e+00
3.756078993432125368e-01 -3.006393051185143328e-01 8.766610852152035838e-01 0.000000000000000000e+00 -9.264419224205944214e-01 -1.472862203064699005e-01 3.464269466343212756e-01 0.000000000000000000e+00 2.497052064606860439e-02 -9.422963822439334169e-01 -3.338468237131589911e-01 0.000000000000000000e+00 -3.226876363069476894e-01 7.602602943697550630e-01 1.411049520765397691e+00 1.000000000000000000e+00
3.748878155769998499e-01 -3.010035449864979507e-01 8.768442867113221961e-01 0.000000000000000000e+00 -9.267116382025670784e-01 -1.479631759535655622e-01 3.454155206515271970e-01 0.000000000000000000e+00 2.576936812282983047e-02 -9.420740381712495726e-01 -3.344132055278740689e-01 0.000000000000000000e+00 -3.222053666385359394e-01 7.601535868202828894e-01 1.408333391823284986e+00 1.000000000000000000e+00
3.740811858021598768e-01 -3.013836723136621432e-01 8.770581620031074888e-01 0.000000000000000000e+00 -9.270154592447300557e-01 -1.485963547110206451e-01 3.443268520041783409e-01 0.000000000000000000e+00 2.655315212229037922e-02 -9.418528557968486314e-01 -3.349745401794788080e-01 0.000000000000000000e+00 -3.217994695114441139e-01 7.600693842962631397e-01 1.405592288690135749e+00 1.000000000000000000e+00
3.731898564486030856e-01 -3.017799209709580710e-01 8.773016764954250091e-01 0.000000000000000000e+00 -9.273522467298108696e-01 -1.491865859010397810e-01 3.431626952337588632e-01 0.000000000000000000e+00 2.732201857900950354e-02 -9.416325433481611551e-01 -3.355313828903300211e-01 0.000000000000000000e+00 -3.214671453362123454e-01 7.600062313626055888e-01 1.402827731054001381e+00 1.000000000000000000e+00
3.722160016321307552e-01 -3.021919226259012770e-01 8.775733966640730799e-01 0.000000000000000000e+00 -9.277211310981103853e-01 -1.497345931380056339e-01 3.419249240435840442e-01 0.000000000000000000e+00 2.807614215243008429e-02 -9.414135825142943004e-01 -3.360835058452416035e-01 0.000000000000000000e+00 -3.212051500021496087e-01 7.599642082622329875e-01 1.400040049669847964e+00 1.000000000000000000e+00
3.711616077605955910e-01 -3.026194590750155844e-01 8.778726418982105706e-01 0.000000000000000000e+00 -9.281209654029093370e-01 -1.502410407934738623e-01 3.406154829423026498e-01 0.000000000000000000e+00 2.881563092765876063e-02 -9.411954400048900826e-01 -3.366312052934232746e-01 0.000000000000000000e+00 -3.210103470114945012e-01 7.599422403945009785e-01 1.397230478120415453e+00 1.000000000000000000e+00
3.700282014769806227e-01 -3.030626288627288334e-01 8.781981283432312990e-01 0.000000000000000000e+00 -9.285503844218283565e-01 -1.507067281044687790e-01 3.392359578767742412e-01 0.000000000000000000e+00 2.954063485171157244e-02 -9.409783041801178527e-01 -3.371747790443248571e-01 0.000000000000000000e+00 -3.208800383195360428e-01 7.599394597602571189e-01 1.394400290641039986e+00 1.000000000000000000e+00
3.688182711342314901e-01 -3.035212031816281741e-01 8.785487275892899239e-01 0.000000000000000000e+00 -9.290087831722374512e-01 -1.511324947821070241e-01 3.377885067127107122e-01 0.000000000000000000e+00 3.025128678032554252e-02 -9.407622711066775389e-01 -3.377144096282094221e-01 0.000000000000000000e+00 -3.208304041483832081e-01 7.599577037263329782e-01 1.391536659398122655e+00 1.000000000000000000e+00
3.675336457714245553e-01 -3.039949016178902230e-01 8.789232012588052978e-01 0.000000000000000000e+00 -9.294948557020707991e-01 -1.515190215157732057e-01 3.362748552849411099e-01 0.000000000000000000e+00 3.094774156717072094e-02 -9.405470715376000879e-01 -3.382501689353148988e-01 0.000000000000000000e+00 -3.210294467329470325e-01 7.600157397235060008e-01 1.388519326195430281e+00 1.000000000000000000e+00
3.661759781039353179e-01 -3.044836768197624055e-01 8.793207436426364598e-01 0.000000000000000000e+00 -9.300076090037955323e-01 -1.518669810261508712e-01 3.346966049265229781e-01 0.000000000000000000e+00 3.163011995724619718e-02 -9.403328024200585666e-01 -3.387823267998094079e-01 0.000000000000000000e+00 -3.212835228049906733e-01 7.600913065797133550e-01 1.385483319477066377e+00 1.000000000000000000e+00
3.647476333935602000e-01 -3.049872468026663674e-01 8.797396610982354259e-01 0.000000000000000000e+00 -9.305457563531346343e-01 -1.521772607477999972e-01 3.330558162028035007e-01 0.000000000000000000e+00 3.229859244841612465e-02 -9.401194268888101169e-01 -3.393109998980406439e-01 0.000000000000000000e+00 -3.215895115477542254e-01 7.601837777556965658e-01 1.382429403638486543e+00 1.000000000000000000e+00
3.632503087344307047e-01 -3.055054759479406967e-01 8.801792561439284457e-01 0.000000000000000000e+00 -9.311083816309345673e-01 -1.524505321635837296e-01 3.313541664482250182e-01 0.000000000000000000e+00 3.295326559876820410e-02 -9.399069269440288865e-01 -3.398364887094363351e-01 0.000000000000000000e+00 -3.219446787833850632e-01 7.602923598687774120e-01 1.379358728929133582e+00 1.000000000000000000e+00
3.616859592565420667e-01 -3.060380089515847279e-01 8.806382816394388025e-01 0.000000000000000000e+00 -9.316942221351093290e-01 -1.526875096676464649e-01 3.295935262144057409e-01 0.000000000000000000e+00 3.359432217728128972e-02 -9.396951568802942578e-01 -3.403588781319225043e-01 0.000000000000000000e+00 -3.223458944032729367e-01 7.604167130226920923e-01 1.376271675579924247e+00 1.000000000000000000e+00
3.600567831150460751e-01 -3.065846986254365802e-01 8.811157125267741197e-01 0.000000000000000000e+00 -9.323022541747789660e-01 -1.528890277276160059e-01 3.277758622168694957e-01 0.000000000000000000e+00 3.422186619883984399e-02 -9.394841788376782077e-01 -3.408784417884922480e-01 0.000000000000000000e+00 -3.227903555065448904e-01 7.605560925075642853e-01 1.373169809890115500e+00 1.000000000000000000e+00
3.583644395117068782e-01 -3.071452334633495984e-01 8.816102238101998223e-01 0.000000000000000000e+00 -9.329312783613666893e-01 -1.530557703807965686e-01 3.259027932317126175e-01 0.000000000000000000e+00 3.483605625893931163e-02 -9.392739346537996026e-01 -3.413952771923955964e-01 0.000000000000000000e+00 -3.232753685034545077e-01 7.607101282561736788e-01 1.370053273121448534e+00 1.000000000000000000e+00
3.566110155681023741e-01 -3.077193672313031092e-01 8.821209112789614171e-01 0.000000000000000000e+00 -9.335803878547443979e-01 -1.531884467778629466e-01 3.239761742471146677e-01 0.000000000000000000e+00 3.543698331744091212e-02 -9.390643136980371120e-01 -3.419095255911935860e-01 0.000000000000000000e+00 -3.237979186239632878e-01 7.608782489830248075e-01 1.366922970117654845e+00 1.000000000000000000e+00
3.547985187312788780e-01 -3.083069050212418061e-01 8.826465455741473454e-01 0.000000000000000000e+00 -9.342482011930243191e-01 -1.532879260007138089e-01 3.219979398154467209e-01 0.000000000000000000e+00 3.602485388665588317e-02 -9.388554044143619937e-01 -3.424216486086132383e-01 0.000000000000000000e+00 -3.243553920495697573e-01 7.610599767562225004e-01 1.363780265150213333e+00 1.000000000000000000e+00
3.529288561854465045e-01 -3.089075035728152674e-01 8.831858124626059681e-01 0.000000000000000000e+00 -9.349337652242335484e-01 -1.533548862331272911e-01 3.199697752371183923e-01 0.000000000000000000e+00 3.659979430728948352e-02 -9.386470097806279833e-01 -3.429315575852192599e-01 0.000000000000000000e+00 -3.249449951907421030e-01 7.612545301246504970e-01 1.360625223146800788e+00 1.000000000000000000e+00
3.510039949849200203e-01 -3.095207901916198212e-01 8.837380610837491934e-01 0.000000000000000000e+00 -9.356359739314336066e-01 -1.533900296677522535e-01 3.178936127523560029e-01 0.000000000000000000e+00 3.716190662938065326e-02 -9.384391427238011341e-01 -3.434394010108841044e-01 0.000000000000000000e+00 -3.255638841301940478e-01 7.614618033892118776e-01 1.357458812273334425e+00 1.000000000000000000e+00
3.490258082058484979e-01 -3.101467173281726164e-01 8.843019124546999121e-01 0.000000000000000000e+00 -9.363537342132890462e-01 -1.533942081566527782e-01 3.157711802727904415e-01 0.000000000000000000e+00 3.771139143472555105e-02 -9.382318518604195745e-01 -3.439456838731363986e-01 0.000000000000000000e+00 -3.262097383831237263e-01 7.616809925457104224e-01 1.354282321331949035e+00 1.000000000000000000e+00
3.469964762551096538e-01 -3.107847102989422794e-01 8.848764266359269159e-01 0.000000000000000000e+00 -9.370859683034633569e-01 -1.533680992347833671e-01 3.136044618152869501e-01 0.000000000000000000e+00 3.824835784515819709e-02 -9.380249303888390511e-01 -3.444502968489132066e-01 0.000000000000000000e+00 -3.268796760339791607e-01 7.619119208362034046e-01 1.351096186889645612e+00 1.000000000000000000e+00
3.449177212335297060e-01 -3.114347189120509896e-01 8.854603449433607887e-01 0.000000000000000000e+00 -9.378314640074169040e-01 -1.533125198959682522e-01 3.113950933446152369e-01 0.000000000000000000e+00 3.877293713185119700e-02 -9.378184954312409616e-01 -3.449535779756584541e-01 0.000000000000000000e+00 -3.275710035605304271e-01 7.621538553839113384e-01 1.347901004284067339e+00 1.000000000000000000e+00
3.427917771831286986e-01 -3.120961733620998269e-01 8.860529534616001790e-01 0.000000000000000000e+00 -9.385893573893686614e-01 -1.532281749961512118e-01 3.091451587302954107e-01 0.000000000000000000e+00 3.928526512842796942e-02 -9.376122634815654555e-01 -3.454556715187752092e-01 0.000000000000000000e+00 -3.282810657459280801e-01 7.624064453969674471e-01 1.344697932847763955e+00 1.000000000000000000e+00
3.406205301524095064e-01 -3.127689162678777279e-01 8.866528913699224246e-01 0.000000000000000000e+00 -9.393584515561330672e-01 -1.531158639684791489e-01 3.068563792310471938e-01 0.000000000000000000e+00 3.978548633862512979e-02 -9.374064627975983166e-01 -3.459566607487243872e-01 0.000000000000000000e+00 -3.290075322104205613e-01 7.626693191094126023e-01 1.341487539709362409e+00 1.000000000000000000e+00
3.384059389420647768e-01 -3.134526649298175482e-01 8.872591308239050623e-01 0.000000000000000000e+00 -9.401376995041452744e-01 -1.529763498862618809e-01 3.045305274686136987e-01 0.000000000000000000e+00 4.027376539435485042e-02 -9.372008245025374995e-01 -3.464569208322517135e-01 0.000000000000000000e+00 -3.299072007251407368e-01 7.629577167116448067e-01 1.338166069251851331e+00 1.000000000000000000e+00
3.361499933904287807e-01 -3.141470158656866629e-01 8.878709355517633295e-01 0.000000000000000000e+00 -9.409262655781499562e-01 -1.528103468369315376e-01 3.021695384953316244e-01 0.000000000000000000e+00 4.075021279594218809e-02 -9.369953728241833257e-01 -3.469564671953448975e-01 0.000000000000000000e+00 -3.308744583058716993e-01 7.632614117838164569e-01 1.334800439405709582e+00 1.000000000000000000e+00
3.338545853920890649e-01 -3.148515843368461242e-01 8.884871838252716980e-01 0.000000000000000000e+00 -9.417228251869740330e-01 -1.526186177049621284e-01 2.997752269370579925e-01 0.000000000000000000e+00 4.121498097307834535e-02 -9.367901385734487274e-01 -3.474554558984707109e-01 0.000000000000000000e+00 -3.318500491818581200e-01 7.635745955343290481e-01 1.331429017119182934e+00 1.000000000000000000e+00
3.315220467116218872e-01 -3.155661846755696831e-01 8.891068507668211662e-01 0.000000000000000000e+00 -9.425265298749564424e-01 -1.524020537235368788e-01 2.973496335287816317e-01 0.000000000000000000e+00 4.166823213193204811e-02 -9.365849188277028947e-01 -3.479542999042941620e-01 0.000000000000000000e+00 -3.328311949311688056e-01 7.638964151665910141e-01 1.328052476221309064e+00 1.000000000000000000e+00
3.291541613655247223e-01 -3.162904633694999523e-01 8.897290766478074264e-01 0.000000000000000000e+00 -9.433364743812329145e-01 -1.521613101743825303e-01 2.948944004076951564e-01 0.000000000000000000e+00 4.211003705293684535e-02 -9.363796801074032450e-01 -3.484530372717495883e-01 0.000000000000000000e+00 -3.338155631960884051e-01 7.642267854366419089e-01 1.324671540564665184e+00 1.000000000000000000e+00
3.267529809107361793e-01 -3.170239863134944880e-01 8.903528566488962959e-01 0.000000000000000000e+00 -9.441515882154856154e-01 -1.518972202236186786e-01 2.924115454773648093e-01 0.000000000000000000e+00 4.254064455086698643e-02 -9.361745770719153148e-01 -3.489517106004059732e-01 0.000000000000000000e+00 -3.348009498287352059e-01 7.645653284536081395e-01 1.321286933707944700e+00 1.000000000000000000e+00
3.243204793264201635e-01 -3.177664298540919807e-01 8.909773101534363970e-01 0.000000000000000000e+00 -9.449709228579072917e-01 -1.516104775389013337e-01 2.899028394382906493e-01 0.000000000000000000e+00 4.296010252368896720e-02 -9.359692755581607848e-01 -3.494505613170881264e-01 0.000000000000000000e+00 -3.357850840296822126e-01 7.649116393805382996e-01 1.317899424389430640e+00 1.000000000000000000e+00
3.218588471968603648e-01 -3.185176769061510704e-01 8.916016090738005939e-01 0.000000000000000000e+00 -9.457935745155793272e-01 -1.513020297799795300e-01 2.873703496495207399e-01 0.000000000000000000e+00 4.336858245062486655e-02 -9.357638023023129303e-01 -3.499500544010599734e-01 0.000000000000000000e+00 -3.367653219130928299e-01 7.652650019410373039e-01 1.314510086346415196e+00 1.000000000000000000e+00
3.193699658981545286e-01 -3.192772308002245207e-01 8.922247182995615145e-01 0.000000000000000000e+00 -9.466186434888450574e-01 -1.509725428397808711e-01 2.848157841105766197e-01 0.000000000000000000e+00 4.376622796554962419e-02 -9.355581489910743676e-01 -3.504500004274817004e-01 0.000000000000000000e+00 -3.377397417665592427e-01 7.656253830776410529e-01 1.311119479134146726e+00 1.000000000000000000e+00
3.168561077558991745e-01 -3.200448482898122227e-01 8.928456773734234631e-01 0.000000000000000000e+00 -9.474450182857698799e-01 -1.506229179204625901e-01 2.822411743725879441e-01 0.000000000000000000e+00 4.415317676704329231e-02 -9.353521726883449183e-01 -3.509508311399545666e-01 0.000000000000000000e+00 -3.387057606987737279e-01 7.659920385833485224e-01 1.307728372588711219e+00 1.000000000000000000e+00
3.143191349570478299e-01 -3.208201615831559050e-01 8.934639555953346468e-01 0.000000000000000000e+00 -9.482721607841818612e-01 -1.502538816127808874e-01 2.796483756743937676e-01 0.000000000000000000e+00 4.452957475021907668e-02 -9.351460024926186998e-01 -3.514525778914480147e-01 0.000000000000000000e+00 -3.396615196085930877e-01 7.663651377669209452e-01 1.304337637708393283e+00 1.000000000000000000e+00
3.117610291076430840e-01 -3.216028913295643776e-01 8.940786791573469561e-01 0.000000000000000000e+00 -9.490990383304709344e-01 -1.498661973923111346e-01 2.770392067196790209e-01 0.000000000000000000e+00 4.489555679228655893e-02 -9.349392855885663156e-01 -3.519555879472135440e-01 0.000000000000000000e+00 -3.406048524087285090e-01 7.667437316121096247e-01 1.300948396998874657e+00 1.000000000000000000e+00
3.091842224555742535e-01 -3.223927079277113528e-01 8.946887441655980711e-01 0.000000000000000000e+00 -9.499246275008006446e-01 -1.494608401778466933e-01 2.744158518338839503e-01 0.000000000000000000e+00 4.525125936995275794e-02 -9.347321185735922855e-01 -3.524598251390404502e-01 0.000000000000000000e+00 -3.415331917844724452e-01 7.671274556658856936e-01 1.297561007881473660e+00 1.000000000000000000e+00
3.065903814780898684e-01 -3.231891276528275903e-01 8.952938040739299996e-01 0.000000000000000000e+00 -9.507484799242217344e-01 -1.490384012894529486e-01 2.717799625033167632e-01 0.000000000000000000e+00 4.559680779698128267e-02 -9.345244976893899436e-01 -3.529654961967534366e-01 0.000000000000000000e+00 -3.424450797186977535e-01 7.675165102942254070e-01 1.294176517390787540e+00 1.000000000000000000e+00
3.039818939688854749e-01 -3.239924126603672683e-01 8.958927692368547913e-01 0.000000000000000000e+00 -9.515696119760700400e-01 -1.485999470547223755e-01 2.691335329966148548e-01 0.000000000000000000e+00 4.593238497697386957e-02 -9.343162191440721465e-01 -3.534730972803156734e-01 0.000000000000000000e+00 -3.433378693924541425e-01 7.679095644103335339e-01 1.290795737286929645e+00 1.000000000000000000e+00
3.013608434087667876e-01 -3.248014389622570497e-01 8.964851120794560257e-01 0.000000000000000000e+00 -9.523872042124916781e-01 -1.481461169215311235e-01 2.664787433784009951e-01 0.000000000000000000e+00 4.625808562014916553e-02 -9.341073356846872899e-01 -3.539823332680512302e-01 0.000000000000000000e+00 -3.442099011455552748e-01 7.683072466472897766e-01 1.287419563378327192e+00 1.000000000000000000e+00
2.987291427249544884e-01 -3.256165258663587525e-01 8.970701460424329587e-01 0.000000000000000000e+00 -9.532004712640221866e-01 -1.476778404523640120e-01 2.638173044112582244e-01 0.000000000000000000e+00 4.657410093072706508e-02 -9.338977032316376770e-01 -3.544936499882828662e-01 0.000000000000000000e+00 -3.451250740921303906e-01 7.687143471230489800e-01 1.284007917282257605e+00 1.000000000000000000e+00
2.960889068525102696e-01 -3.264372632750636161e-01 8.976470136206550210e-01 0.000000000000000000e+00 -9.540089643026622435e-01 -1.471958798772680654e-01 2.611510119303995237e-01 0.000000000000000000e+00 4.688050896666024620e-02 -9.336872459963455606e-01 -3.550072880069744530e-01 0.000000000000000000e+00 -3.461697653981399281e-01 7.691391160145266692e-01 1.280505638380963651e+00 1.000000000000000000e+00
2.934424732816852677e-01 -3.272632763304815784e-01 8.982150983401389066e-01 0.000000000000000000e+00 -9.548116240622479545e-01 -1.467011779694819551e-01 2.584821201900635024e-01 0.000000000000000000e+00 4.717750837806190117e-02 -9.334759714531918329e-01 -3.555232728660366881e-01 0.000000000000000000e+00 -3.471869856673385768e-01 7.695673444393001938e-01 1.277009650731628421e+00 1.000000000000000000e+00
2.907919216459718403e-01 -3.280940755497550598e-01 8.987737118073951814e-01 0.000000000000000000e+00 -9.556079501309063806e-01 -1.461945045805712884e-01 2.558125941450780649e-01 0.000000000000000000e+00 4.746519857258044844e-02 -9.332636661483596496e-01 -3.560416301197912303e-01 0.000000000000000000e+00 -3.481746680425358842e-01 7.699987431916168745e-01 1.273519803579938880e+00 1.000000000000000000e+00
2.881392147367733969e-01 -3.289297772544789722e-01 8.993225638520861986e-01 0.000000000000000000e+00 -9.563973393216426144e-01 -1.456767686077541368e-01 2.531442465908743666e-01 0.000000000000000000e+00 4.774370638018076568e-02 -9.330504743172722826e-01 -3.565629160847331169e-01 0.000000000000000000e+00 -3.491311675977021856e-01 7.704327854349204419e-01 1.270038055033645863e+00 1.000000000000000000e+00
2.854866136330521664e-01 -3.297699964987240717e-01 8.998606080226096982e-01 0.000000000000000000e+00 -9.571789771034795447e-01 -1.451488040208396002e-01 2.504790171461550030e-01 0.000000000000000000e+00 4.801321251388482314e-02 -9.328361007797257853e-01 -3.570870794438651408e-01 0.000000000000000000e+00 -3.500548259664622575e-01 7.708689191465516455e-01 1.266564927721516742e+00 1.000000000000000000e+00
2.828361179071176013e-01 -3.306143667095922667e-01 9.003875752589036718e-01 0.000000000000000000e+00 -9.579524294971072385e-01 -1.446114447873873832e-01 2.478188808109697272e-01 0.000000000000000000e+00 4.827386288392063185e-02 -9.326207329345260755e-01 -3.576143433015616657e-01 0.000000000000000000e+00 -3.509435686724021730e-01 7.713071667926931774e-01 1.263100968584182304e+00 1.000000000000000000e+00
2.801901057165088749e-01 -3.314628543619326795e-01 9.009027381637459975e-01 0.000000000000000000e+00 -9.587169182291526148e-01 -1.440656895405701687e-01 2.451659619280990576e-01 0.000000000000000000e+00 4.852575766211626035e-02 -9.324039896528349969e-01 -3.581449834601562188e-01 0.000000000000000000e+00 -3.517957586042307350e-01 7.717465255065548702e-01 1.259647384768986633e+00 1.000000000000000000e+00
2.775506284058106288e-01 -3.323149034231759336e-01 9.014058547748414751e-01 0.000000000000000000e+00 -9.594720345120556493e-01 -1.435122956895623636e-01 2.425222376829755944e-01 0.000000000000000000e+00 4.876906993442916421e-02 -9.321859472621455422e-01 -3.586790004331634196e-01 0.000000000000000000e+00 -3.526098578303549780e-01 7.721871306200228657e-01 1.256205273176096204e+00 1.000000000000000000e+00
2.749199761022990685e-01 -3.331703841354840545e-01 9.018960461797521644e-01 0.000000000000000000e+00 -9.602171635094576274e-01 -1.429522292034164921e-01 2.398896795543790095e-01 0.000000000000000000e+00 4.900389654384162269e-02 -9.319666419170867799e-01 -3.592164993592121269e-01 0.000000000000000000e+00 -3.533838474503588900e-01 7.726284024160461339e-01 1.252774953017602222e+00 1.000000000000000000e+00
2.723001189452762816e-01 -3.340291728039097019e-01 9.023730942940773048e-01 0.000000000000000000e+00 -9.609518867098189032e-01 -1.423863735101092431e-01 2.372702339299077590e-01 0.000000000000000000e+00 4.923043978578522939e-02 -9.317458543228670509e-01 -3.597579730446473500e-01 0.000000000000000000e+00 -3.541165556002437431e-01 7.730699476602896913e-01 1.249357824342387735e+00 1.000000000000000000e+00
2.696933118820671882e-01 -3.348909035702530845e-01 9.028363187975572135e-01 0.000000000000000000e+00 -9.616755437092964209e-01 -1.418155678325225821e-01 2.346658184111337642e-01 0.000000000000000000e+00 4.944880239347064499e-02 -9.315235887016214411e-01 -3.603032197842709894e-01 0.000000000000000000e+00 -3.548059377654418367e-01 7.735113840937226648e-01 1.245954030601987839e+00 1.000000000000000000e+00
2.671016713236799567e-01 -3.357555840400417435e-01 9.032855661623752086e-01 0.000000000000000000e+00 -9.623877558616800165e-01 -1.412407597784287872e-01 2.320784413859182105e-01 0.000000000000000000e+00 4.965909511463019455e-02 -9.312995363633624901e-01 -3.608528464816368464e-01 0.000000000000000000e+00 -3.554507858657628971e-01 7.739518087146683989e-01 1.242565543585749221e+00 1.000000000000000000e+00
2.645274854159148092e-01 -3.366227404794771005e-01 9.037202810550939436e-01 0.000000000000000000e+00 -9.630880110059871768e-01 -1.406628924581485862e-01 2.295102364505481052e-01 0.000000000000000000e+00 4.986154119961708209e-02 -9.310740066214491240e-01 -3.614066894922124407e-01 0.000000000000000000e+00 -3.560493904772440432e-01 7.743916573645581725e-01 1.239192640356012731e+00 1.000000000000000000e+00
2.619729665421943743e-01 -3.374923329329813648e-01 9.041398884196204522e-01 0.000000000000000000e+00 -9.637759365142166690e-01 -1.400828650295291022e-01 2.269631375925722783e-01 0.000000000000000000e+00 5.005617538793359633e-02 -9.308465866318457183e-01 -3.619649906809796480e-01 0.000000000000000000e+00 -3.566001448584949496e-01 7.748298684373395862e-01 1.235835803095504337e+00 1.000000000000000000e+00
2.594404073469213090e-01 -3.383639253157573190e-01 9.045443201401976996e-01 0.000000000000000000e+00 -9.644509938761162138e-01 -1.395016422554713198e-01 2.244393528602565691e-01 0.000000000000000000e+00 5.024321747230622165e-02 -9.306174955624390011e-01 -3.625279589788664714e-01 0.000000000000000000e+00 -3.571017171071628749e-01 7.752664490380628548e-01 1.232496841679795230e+00 1.000000000000000000e+00
2.569316078692366889e-01 -3.392376355707406033e-01 9.049330169135060276e-01 0.000000000000000000e+00 -9.651129878793770489e-01 -1.389200507925456851e-01 2.219404165514714811e-01 0.000000000000000000e+00 5.042281551899868014e-02 -9.303863403269042598e-01 -3.630957896981353294e-01 0.000000000000000000e+00 -3.575530276729069201e-01 7.757006852159674670e-01 1.229175947435974692e+00 1.000000000000000000e+00
2.544491333323546378e-01 -3.401130953655984723e-01 9.053058339731234749e-01 0.000000000000000000e+00 -9.657615333995085427e-01 -1.383391350858916291e-01 2.194687428779572846e-01 0.000000000000000000e+00 5.059503260376304462e-02 -9.301532533918502876e-01 -3.636684782884342382e-01 0.000000000000000000e+00 -3.581353376945325961e-01 7.761481566609007565e-01 1.225766014353737443e+00 1.000000000000000000e+00
2.519951072837676720e-01 -3.409901041130429800e-01 9.056622498707904700e-01 0.000000000000000000e+00 -9.663960719712441083e-01 -1.377597994777706447e-01 2.170262212494687426e-01 0.000000000000000000e+00 5.076004959091522106e-02 -9.299180939720522732e-01 -3.642464027694327644e-01 0.000000000000000000e+00 -3.587044163578209655e-01 7.765965126565774757e-01 1.222351586634698117e+00 1.000000000000000000e+00
2.495717844795508900e-01 -3.418687089258816147e-01 9.060021068129717747e-01 0.000000000000000000e+00 -9.670164117334236753e-01 -1.371830792984033154e-01 2.146149021072786545e-01 0.000000000000000000e+00 5.091803666519816723e-02 -9.296807145263258354e-01 -3.648298322553854556e-01 0.000000000000000000e+00 -3.592180357667935642e-01 7.770417239519468167e-01 1.218956882329853109e+00 1.000000000000000000e+00
2.471812498953590009e-01 -3.427485379257021458e-01 9.063248728537190990e-01 0.000000000000000000e+00 -9.676222856623288848e-01 -1.366098470266804144e-01 2.122366727021479105e-01 0.000000000000000000e+00 5.106907755421319361e-02 -9.294412542152115098e-01 -3.654186144642931899e-01 0.000000000000000000e+00 -3.596749945471625631e-01 7.774838946394165839e-01 1.215582651646210044e+00 1.000000000000000000e+00
2.448259383478119944e-01 -3.436294672983758458e-01 9.066305527414482146e-01 0.000000000000000000e+00 -9.682132391416568007e-01 -1.360411311986849947e-01 2.098937541518918204e-01 0.000000000000000000e+00 5.121335181278910409e-02 -9.291992617898263696e-01 -3.660131421429805298e-01 0.000000000000000000e+00 -3.600743255825242239e-01 7.779218633317466214e-01 1.212230582772720000e+00 1.000000000000000000e+00
2.425079806229120671e-01 -3.445113969551373834e-01 9.069187913065814843e-01 0.000000000000000000e+00 -9.687891908207912905e-01 -1.354779001960941531e-01 2.075880589858765946e-01 0.000000000000000000e+00 5.135098920293328789e-02 -9.289549707455919680e-01 -3.666134965019138825e-01 0.000000000000000000e+00 -3.604144137463433650e-01 7.783558291043735089e-01 1.208900682428367679e+00 1.000000000000000000e+00
2.402294961798111528e-01 -3.453941855109720627e-01 9.071894059669375343e-01 0.000000000000000000e+00 -9.693496379348630620e-01 -1.349211188824119834e-01 2.053215708808425188e-01 0.000000000000000000e+00 5.148211974516748307e-02 -9.287081812475572740e-01 -3.672199126021939430e-01 0.000000000000000000e+00 -3.606942384318478356e-01 7.787849832366329217e-01 1.205594213415708937e+00 1.000000000000000000e+00
2.379927314429250707e-01 -3.462777377514636434e-01 9.074420798217888162e-01 0.000000000000000000e+00 -9.698947189181796880e-01 -1.343717801532810785e-01 2.030961902060408053e-01 0.000000000000000000e+00 5.160692734492370454e-02 -9.284588074812906155e-01 -3.678325679555713990e-01 0.000000000000000000e+00 -3.609130415984251883e-01 7.792089320526890406e-01 1.202312383096381110e+00 1.000000000000000000e+00
2.357999741850925757e-01 -3.471618176244151144e-01 9.076766067923941472e-01 0.000000000000000000e+00 -9.704237134408301158e-01 -1.338308963835776189e-01 2.009141010520285875e-01 0.000000000000000000e+00 5.172547678703239699e-02 -9.282066707971466935e-01 -3.684515542499327556e-01 0.000000000000000000e+00 -3.610689851481918011e-01 7.796274180903851603e-01 1.199055237912968641e+00 1.000000000000000000e+00
2.336535495908029780e-01 -3.480463976413118443e-01 9.078929630607065482e-01 0.000000000000000000e+00 -9.709368528902606599e-01 -1.332995069958178291e-01 1.987773107050447574e-01 0.000000000000000000e+00 5.183794433640059179e-02 -9.279518892197355928e-01 -3.690770994535810812e-01 0.000000000000000000e+00 -3.611615193390536049e-01 7.800399191690863265e-01 1.195824398283237722e+00 1.000000000000000000e+00
2.315557333027082054e-01 -3.489311992457109213e-01 9.080908197275834315e-01 0.000000000000000000e+00 -9.714338028196962682e-01 -1.327786105488489021e-01 1.966879122137832059e-01 0.000000000000000000e+00 5.194448446308021911e-02 -9.276943063021046987e-01 -3.697092213117140758e-01 0.000000000000000000e+00 -3.611893755819003404e-01 7.804461156733124572e-01 1.192620306775817651e+00 1.000000000000000000e+00
2.295084003139341300e-01 -3.498162474315590909e-01 9.082701742403158640e-01 0.000000000000000000e+00 -9.719138771139552713e-01 -1.322691717203764161e-01 1.946476558318333827e-01 0.000000000000000000e+00 5.204521134712942337e-02 -9.274336171672910023e-01 -3.703483023026636900e-01 0.000000000000000000e+00 -3.611514409587437968e-01 7.808453994781313634e-01 1.189443676651890103e+00 1.000000000000000000e+00
2.275139766621131765e-01 -3.507016342235521056e-01 9.084303792754278017e-01 0.000000000000000000e+00 -9.723775743833968921e-01 -1.317723022053321480e-01 1.926585223424843174e-01 0.000000000000000000e+00 5.214028994285959534e-02 -9.271700022139822694e-01 -3.709945562570554634e-01 0.000000000000000000e+00 -3.610472105609122684e-01 7.812371060651771559e-01 1.186295586126129731e+00 1.000000000000000000e+00
2.255749304806690669e-01 -3.515867308069949848e-01 9.085717757022365726e-01 0.000000000000000000e+00 -9.728244803448165001e-01 -1.312890181491956909e-01 1.907228963602025373e-01 0.000000000000000000e+00 5.222985009127614764e-02 -9.269032235610349391e-01 -3.716477732325758065e-01 0.000000000000000000e+00 -3.608751952145875519e-01 7.816214400959143882e-01 1.183176561674497140e+00 1.000000000000000000e+00
2.236933035316338581e-01 -3.524717002834760748e-01 9.086940851517848472e-01 0.000000000000000000e+00 -9.732543430907555360e-01 -1.308203626384275564e-01 1.888425558610907495e-01 0.000000000000000000e+00 5.231402382219817876e-02 -9.266333992033214395e-01 -3.723084024194470709e-01 0.000000000000000000e+00 -3.606346117692048048e-01 7.819979186542003191e-01 1.180087479821827046e+00 1.000000000000000000e+00
2.218712702620187494e-01 -3.533567128139534219e-01 9.087970603999216967e-01 0.000000000000000000e+00 -9.736670549467859592e-01 -1.303674062823039770e-01 1.870193845599149862e-01 0.000000000000000000e+00 5.239296222098712569e-02 -9.263601062888974225e-01 -3.729766838761329195e-01 0.000000000000000000e+00 -3.603246826208538200e-01 7.823653902124562132e-01 1.177029405821740315e+00 1.000000000000000000e+00
2.201112757763988015e-01 -3.542413439595212821e-01 9.088806705807648267e-01 0.000000000000000000e+00 -9.740625203218565842e-01 -1.299312259999697849e-01 1.852555846436877707e-01 0.000000000000000000e+00 5.246678877391149770e-02 -9.260835519260096627e-01 -3.736526586038389497e-01 0.000000000000000000e+00 -3.600204241459633026e-01 7.827301552045092814e-01 1.173961279537044877e+00 1.000000000000000000e+00
2.184152740942506832e-01 -3.551256432135030394e-01 9.089446906941391902e-01 0.000000000000000000e+00 -9.744404807279806180e-01 -1.295128348233454407e-01 1.835529041461736732e-01 0.000000000000000000e+00 5.253565003312142545e-02 -9.258033194939545574e-01 -3.743365103449541320e-01 0.000000000000000000e+00 -3.597965990506157841e-01 7.830978269663791957e-01 1.170841960367336343e+00 1.000000000000000000e+00
2.167858953876440620e-01 -3.560094929132010533e-01 9.089890347273469340e-01 0.000000000000000000e+00 -9.748008362279985128e-01 -1.291134430410580403e-01 1.819136861847352460e-01 0.000000000000000000e+00 5.259968627888072373e-02 -9.255196026894971784e-01 -3.750284814605022721e-01 0.000000000000000000e+00 -3.595002369683430454e-01 7.834563094459978672e-01 1.167754895310098462e+00 1.000000000000000000e+00
2.152250533602421689e-01 -3.568928014709087937e-01 9.090135870954362263e-01 0.000000000000000000e+00 -9.751436301847803412e-01 -1.287340001374933929e-01 1.803395494267169274e-01 0.000000000000000000e+00 5.265907903158931203e-02 -9.252323437869126588e-01 -3.757285661097236606e-01 0.000000000000000000e+00 -3.591309355479541665e-01 7.838051826823660972e-01 1.164700736852258833e+00 1.000000000000000000e+00
2.137349879408212971e-01 -3.577754881732415071e-01 9.090181306246830628e-01 0.000000000000000000e+00 -9.754680778270354846e-01 -1.283756662840620233e-01 1.788326258942433966e-01 0.000000000000000000e+00 5.271387115162033676e-02 -9.249411090242610767e-01 -3.764371055138456268e-01 0.000000000000000000e+00 -3.586876677963685700e-01 7.841435845640729596e-01 1.161680436515524217e+00 1.000000000000000000e+00
2.123182324587171155e-01 -3.586574221758864756e-01 9.090026449647803375e-01 0.000000000000000000e+00 -9.757747836098434879e-01 -1.280395924467829238e-01 1.773949951592794505e-01 0.000000000000000000e+00 5.276429277410821933e-02 -9.246461147437022854e-01 -3.771541446510150997e-01 0.000000000000000000e+00 -3.581697704753641909e-01 7.844716736906945931e-01 1.158694236999075367e+00 1.000000000000000000e+00
2.109766699542039159e-01 -3.595385159256702101e-01 9.089669308805072845e-01 0.000000000000000000e+00 -9.760631923016677147e-01 -1.277267802383733886e-01 1.760283715785004865e-01 0.000000000000000000e+00 5.281042899817689484e-02 -9.243471623057517572e-01 -3.778798164999402354e-01 0.000000000000000000e+00 -3.575767493969956856e-01 7.847887687941882406e-01 1.155743095598173342e+00 1.000000000000000000e+00
2.097126408520581242e-01 -3.604186224845172815e-01 9.089110073672914680e-01 0.000000000000000000e+00 -9.763333074762114983e-01 -1.274383924020980330e-01 1.747348077030997648e-01 0.000000000000000000e+00 5.285246654717154491e-02 -9.240441484189377830e-01 -3.786142965585845843e-01 0.000000000000000000e+00 -3.569079201951002034e-01 7.850946551958859487e-01 1.152827737248250717e+00 1.000000000000000000e+00
2.085285187391545392e-01 -3.612980168596002795e-01 9.088341898067702207e-01 0.000000000000000000e+00 -9.765848454419862046e-01 -1.271756822303484746e-01 1.735163082449461824e-01 0.000000000000000000e+00 5.289049242854475252e-02 -9.237369092835178153e-01 -3.793580521751854229e-01 0.000000000000000000e+00 -3.561623430600233675e-01 7.853883069628205815e-01 1.149948472655664133e+00 1.000000000000000000e+00
2.074264566845892555e-01 -3.621761548619588655e-01 9.087368559571227244e-01 0.000000000000000000e+00 -9.768176052744015347e-01 -1.269396772679303453e-01 1.723748605590730287e-01 0.000000000000000000e+00 5.292468543992003699e-02 -9.234253925152847708e-01 -3.801108442028202639e-01 0.000000000000000000e+00 -3.553397811663556172e-01 7.856700949152658486e-01 1.147106199907569346e+00 1.000000000000000000e+00
2.064086033835292877e-01 -3.630531088305553045e-01 9.086186470711480334e-01 0.000000000000000000e+00 -9.770315513379067562e-01 -1.267315431380734991e-01 1.713122727578241244e-01 0.000000000000000000e+00 5.295519722064576801e-02 -9.231095801144828528e-01 -3.808729450362597357e-01 0.000000000000000000e+00 -3.544395384355549239e-01 7.859393144031910916e-01 1.144301244461413125e+00 1.000000000000000000e+00
2.054770361054144290e-01 -3.639289225265877614e-01 9.084794314537049109e-01 0.000000000000000000e+00 -9.772264053667220063e-01 -1.265523952744145864e-01 1.703303416414067573e-01 0.000000000000000000e+00 5.298210055783796057e-02 -9.227892840070077707e-01 -3.816446697442019698e-01 0.000000000000000000e+00 -3.534609831508018218e-01 7.861956254766060415e-01 1.141534103546124168e+00 1.000000000000000000e+00
2.046344814415312352e-01 -3.648031499019318558e-01 9.083190018296556367e-01 0.000000000000000000e+00 -9.774020119977218091e-01 -1.264035439995739307e-01 1.694314535056113402e-01 0.000000000000000000e+00 5.300560693342281499e-02 -9.224643525072001582e-01 -3.824259682942129368e-01 0.000000000000000000e+00 -3.524037088810675344e-01 7.864386367369017306e-01 1.138805514363413041e+00 1.000000000000000000e+00
2.038825273748834932e-01 -3.656759581147335791e-01 9.081370996512470040e-01 0.000000000000000000e+00 -9.775579702337370280e-01 -1.262859981665780118e-01 1.686169857699059416e-01 0.000000000000000000e+00 5.302580782746437599e-02 -9.221349122447032309e-01 -3.832170726046916220e-01 0.000000000000000000e+00 -3.512671856981338103e-01 7.866681446771721653e-01 1.136115822050740576e+00 1.000000000000000000e+00
2.032238958185600963e-01 -3.665471732431561103e-01 9.079334439111417243e-01 0.000000000000000000e+00 -9.776942514822942742e-01 -1.262011094663274546e-01 1.678892493451478729e-01 0.000000000000000000e+00 5.304287646385536653e-02 -9.218004830857132736e-01 -3.840182504034683753e-01 0.000000000000000000e+00 -3.500507807399365068e-01 7.868834363192263037e-01 1.133465465186848764e+00 1.000000000000000000e+00
2.026605383769039537e-01 -3.674167296908167901e-01 9.077078199438209927e-01 0.000000000000000000e+00 -9.778104210468147039e-01 -1.261499849592465916e-01 1.672498882099649475e-01 0.000000000000000000e+00 5.305692245395308981e-02 -9.214612379887398008e-01 -3.848296700483395671e-01 0.000000000000000000e+00 -3.487541537354966192e-01 7.870844971179719041e-01 1.130854783867197844e+00 1.000000000000000000e+00
2.021947192686275874e-01 -3.682844499407837424e-01 9.074600733874214065e-01 0.000000000000000000e+00 -9.779062227953095876e-01 -1.261338863317899850e-01 1.667008851771538680e-01 0.000000000000000000e+00 5.306811093164977289e-02 -9.211170109383927107e-01 -3.856514088172505739e-01 0.000000000000000000e+00 -3.473768655792378035e-01 7.872708208383194517e-01 1.128284453081377592e+00 1.000000000000000000e+00
2.018286679972502440e-01 -3.691501702785878747e-01 9.071897013957160860e-01 0.000000000000000000e+00 -9.779813665041643400e-01 -1.261540097680177441e-01 1.662441601888722809e-01 0.000000000000000000e+00 5.307655947253770573e-02 -9.207676347752908885e-01 -3.864835823258926384e-01 0.000000000000000000e+00 -3.461239307454855862e-01 7.874562732664741604e-01 1.125654892957971720e+00 1.000000000000000000e+00
2.015644403153668551e-01 -3.700135849386298470e-01 9.068967525317656042e-01 0.000000000000000000e+00 -9.780355406570274690e-01 -1.262115178776761493e-01 1.658813823219865424e-01 0.000000000000000000e+00 5.308244260428345018e-02 -9.204131454873070162e-01 -3.873263233111925441e-01 0.000000000000000000e+00 -3.448166295680659132e-01 7.876289042031909826e-01 1.123052680414801108e+00 1.000000000000000000e+00
2.014044470023991784e-01 -3.708747724035124649e-01 9.065804419467902164e-01 0.000000000000000000e+00 -9.780683040046525001e-01 -1.263077771594552645e-01 1.656146685081227865e-01 0.000000000000000000e+00 5.308585554661035544e-02 -9.200532695277516826e-01 -3.881799494369844172e-01 0.000000000000000000e+00 -3.434274511470891689e-01 7.877859697763202051e-01 1.120491633480444671e+00 1.000000000000000000e+00
2.013504383531472264e-01 -3.717335600790586669e-01 9.062406579571981036e-01 0.000000000000000000e+00 -9.780793979809812022e-01 -1.264438834145650559e-01 1.654454113473284305e-01 0.000000000000000000e+00 5.308696186208186618e-02 -9.196878958721251829e-01 -3.890445831758483353e-01 0.000000000000000000e+00 -3.419562682989686353e-01 7.879272492072061373e-01 1.117971961669399272e+00 1.000000000000000000e+00
2.014568985224202136e-01 -3.725829473041202822e-01 9.058680805441686745e-01 0.000000000000000000e+00 -9.780575276874966528e-01 -1.266400424774059286e-01 1.654243320250446125e-01 0.000000000000000000e+00 5.308487604680053873e-02 -9.193171422708450446e-01 -3.899202146116300671e-01 0.000000000000000000e+00 -3.403631451968788246e-01 7.880493849110279392e-01 1.115507980751992756e+00 1.000000000000000000e+00
2.017750267414838428e-01 -3.734164933659104846e-01 9.054539643524155412e-01 0.000000000000000000e+00 -9.779923136948120987e-01 -1.269153510962492404e-01 1.655989685062057848e-01 0.000000000000000000e+00 5.307861338487761954e-02 -9.189408708698766359e-01 -3.908069663702999352e-01 0.000000000000000000e+00 -3.386113399726122797e-01 7.881485217642641983e-01 1.113113789613404903e+00 1.000000000000000000e+00
2.023026721669382855e-01 -3.742340054743474309e-01 9.049986175038486902e-01 0.000000000000000000e+00 -9.778839167435869895e-01 -1.272694963867498641e-01 1.659671325138273867e-01 0.000000000000000000e+00 5.306816747863630362e-02 -9.185592148738951357e-01 -3.917045027534767909e-01 0.000000000000000000e+00 -3.367043593229373522e-01 7.882255831085116515e-01 1.110787080310968733e+00 1.000000000000000000e+00
2.030379828801139319e-01 -3.750353522115024152e-01 9.045020766989431138e-01 0.000000000000000000e+00 -9.777322614826301495e-01 -1.277023409018323563e-01 1.665269594091432770e-01 0.000000000000000000e+00 5.305351846878205574e-02 -9.181723418990919150e-01 -3.926127128896784724e-01 0.000000000000000000e+00 -3.346456339009962200e-01 7.882813124275090955e-01 1.108525996069550823e+00 1.000000000000000000e+00
2.039789307024681420e-01 -3.758206411103998668e-01 9.039642297136798454e-01 0.000000000000000000e+00 -9.775374070924229830e-01 -1.282136678321076639e-01 1.672762878969321076e-01 0.000000000000000000e+00 5.303468161639314504e-02 -9.177798169208053469e-01 -3.935317752698248572e-01 0.000000000000000000e+00 -3.324387882834130004e-01 7.883154051133687279e-01 1.106329325510149841e+00 1.000000000000000000e+00
2.051232422678666845e-01 -3.765893606592781717e-01 9.033852477434610728e-01 0.000000000000000000e+00 -9.772991304100391297e-01 -1.288030937276885557e-01 1.682128497914770759e-01 0.000000000000000000e+00 5.301162559063696267e-02 -9.173821008470364191e-01 -3.944612008650814072e-01 0.000000000000000000e+00 -3.300872606805299037e-01 7.883293759314013993e-01 1.104194531314741212e+00 1.000000000000000000e+00
2.064687899200132737e-01 -3.773415152133702266e-01 9.027646345033879527e-01 0.000000000000000000e+00 -9.770175124140386691e-01 -1.294703722333144236e-01 1.693343860681560675e-01 0.000000000000000000e+00 5.298438678026817783e-02 -9.169789815005218170e-01 -3.954009255156763492e-01 0.000000000000000000e+00 -3.275945263927274032e-01 7.883234688391032030e-01 1.102119392660000363e+00 1.000000000000000000e+00
2.080136866769762560e-01 -3.780767439267979646e-01 9.021020949846014769e-01 0.000000000000000000e+00 -9.766912043106024122e-01 -1.302153472037421988e-01 1.706390407551036381e-01 0.000000000000000000e+00 5.295287545985100791e-02 -9.165705940617782099e-01 -3.963510067271403536e-01 0.000000000000000000e+00 -3.249634347219936825e-01 7.882983456698745561e-01 1.100102529086108394e+00 1.000000000000000000e+00
2.097554256344490720e-01 -3.787945756528817709e-01 9.013973065195084455e-01 0.000000000000000000e+00 -9.763205476693848084e-01 -1.310375284428705323e-01 1.721242006511707612e-01 0.000000000000000000e+00 5.291715317645770411e-02 -9.161569472412143256e-01 -3.973109560238915483e-01 0.000000000000000000e+00 -3.221978839174359788e-01 7.882549568275357688e-01 1.098141083251867212e+00 1.000000000000000000e+00
2.116921430840287000e-01 -3.794949076708611369e-01 9.006497543357808722e-01 0.000000000000000000e+00 -9.759046625463700941e-01 -1.319368152354966628e-01 1.737879618772653623e-01 0.000000000000000000e+00 5.287719800973059159e-02 -9.157380344928425231e-01 -3.982809652431713587e-01 0.000000000000000000e+00 -3.193005644051131742e-01 7.881937218692908198e-01 1.096233489430659569e+00 1.000000000000000000e+00
2.138214520289539178e-01 -3.801771765638503608e-01 8.998586747811961883e-01 0.000000000000000000e+00 -9.754427455003203962e-01 -1.329127834122587892e-01 1.756278819599597918e-01 0.000000000000000000e+00 5.283300324109650725e-02 -9.153137970420749392e-01 -3.992607575663952302e-01 0.000000000000000000e+00 -3.162748310124497420e-01 7.881155140341626897e-01 1.094377005353477816e+00 1.000000000000000000e+00
2.161411003490120164e-01 -3.808409859360281091e-01 8.990233511249230425e-01 0.000000000000000000e+00 -9.749340373571728779e-01 -1.339651206010388229e-01 1.776416479595054332e-01 0.000000000000000000e+00 5.278455142398003064e-02 -9.148842648687898205e-01 -4.002503424056828019e-01 0.000000000000000000e+00 -3.131239856538544086e-01 7.880209031091425231e-01 1.092569904456261787e+00 1.000000000000000000e+00
2.186489329374570745e-01 -3.814857003854238982e-01 8.981431817258119787e-01 0.000000000000000000e+00 -9.743774206370945379e-01 -1.350934751577211601e-01 1.798270607339223226e-01 0.000000000000000000e+00 5.273180473503520649e-02 -9.144496364543535094e-01 -4.012493143877637891e-01 0.000000000000000000e+00 -3.099720058534974898e-01 7.879162322149245723e-01 1.090762554380322324e+00 1.000000000000000000e+00
2.213425237874695473e-01 -3.821110847337295668e-01 8.972171981863441559e-01 0.000000000000000000e+00 -9.737722373550993238e-01 -1.362975292897720403e-01 1.821816658970152325e-01 0.000000000000000000e+00 5.267483457647349071e-02 -9.140097813787335657e-01 -4.022577720442506721e-01 0.000000000000000000e+00 -3.068198999223785695e-01 7.878018300936324714e-01 1.088954677747365318e+00 1.000000000000000000e+00
2.242197394639312835e-01 -3.827164148463579330e-01 8.962442814484935516e-01 0.000000000000000000e+00 -9.731170840251296417e-01 -1.375769564581795223e-01 1.847032704062976927e-01 0.000000000000000000e+00 5.261355061128544092e-02 -9.135647450743462628e-01 -4.032755184547721083e-01 0.000000000000000000e+00 -3.035522072832510521e-01 7.876729976719404336e-01 1.087190757495620552e+00 1.000000000000000000e+00
2.272781090343685972e-01 -3.833011446017560719e-01 8.952233571515189059e-01 0.000000000000000000e+00 -9.724108585408933747e-01 -1.389313164674629286e-01 1.873892856964867737e-01 0.000000000000000000e+00 5.254801588241384686e-02 -9.131144746729785711e-01 -4.043024108236989989e-01 0.000000000000000000e+00 -3.001717179872254171e-01 7.875306920149912626e-01 1.085467596586369154e+00 1.000000000000000000e+00
2.305150726278668571e-01 -3.838645103472201336e-01 8.941535807058148544e-01 0.000000000000000000e+00 -9.716523087561091954e-01 -1.403601282242041282e-01 1.902372496251644451e-01 0.000000000000000000e+00 5.247818762539316340e-02 -9.126591973724854645e-01 -4.053381843813370633e-01 0.000000000000000000e+00 -2.966817796922686656e-01 7.873761202895998013e-01 1.083783356979300283e+00 1.000000000000000000e+00
2.339285581991179808e-01 -3.844061639907656591e-01 8.930336877195423906e-01 0.000000000000000000e+00 -9.708402418652513077e-01 -1.418631945160321872e-01 1.932449741908714436e-01 0.000000000000000000e+00 5.240403524644972333e-02 -9.121987594313044623e-01 -4.063829395044854520e-01 0.000000000000000000e+00 -2.930851743402136389e-01 7.872092230141575220e-01 1.082136384621601444e+00 1.000000000000000000e+00
2.375158624062420898e-01 -3.849250187801304124e-01 8.918625222634549710e-01 0.000000000000000000e+00 -9.699730429565565082e-01 -1.434398487362847641e-01 1.964097611410466904e-01 0.000000000000000000e+00 5.232559136974527375e-02 -9.117331691871193300e-01 -4.074362873338217006e-01 0.000000000000000000e+00 -2.893848086339869674e-01 7.870316240468071545e-01 1.080523562417668559e+00 1.000000000000000000e+00
2.412747132339714828e-01 -3.854207541047478536e-01 8.906386735236478946e-01 0.000000000000000000e+00 -9.690493057876928829e-01 -1.450898392209414300e-01 1.997292355533031583e-01 0.000000000000000000e+00 5.224282106534697961e-02 -9.112626185329105732e-01 -4.084984145625235596e-01 0.000000000000000000e+00 -2.855833992532486598e-01 7.868437615917460715e-01 1.078943011615389747e+00 1.000000000000000000e+00
2.452024426850263616e-01 -3.858923715787920816e-01 8.893609558075460386e-01 0.000000000000000000e+00 -9.680677310709062677e-01 -1.468125901239945574e-01 2.032007777612582222e-01 0.000000000000000000e+00 5.215574819284167496e-02 -9.107869685064168275e-01 -4.095689830884503002e-01 0.000000000000000000e+00 -2.816843104539920595e-01 7.866465113899571149e-01 1.077392739483616246e+00 1.000000000000000000e+00
2.492967045983633667e-01 -3.863391625900833848e-01 8.880276355664344923e-01 0.000000000000000000e+00 -9.670262841265861997e-01 -1.486077012624167637e-01 2.068219554817384009e-01 0.000000000000000000e+00 5.206432201116675124e-02 -9.103062228451203053e-01 -4.106477311662446450e-01 0.000000000000000000e+00 -2.776897885151136114e-01 7.864407106774637946e-01 1.075869431182146618e+00 1.000000000000000000e+00
2.535547577997619983e-01 -3.867603032344177905e-01 8.866376759247283079e-01 0.000000000000000000e+00 -9.659237251138556024e-01 -1.504745861852834488e-01 2.105900349216259793e-01 0.000000000000000000e+00 5.196857235386127816e-02 -9.098206043283759703e-01 -4.117346730290734058e-01 0.000000000000000000e+00 -2.736032125050911201e-01 7.862275071033310025e-01 1.074371682119628968e+00 1.000000000000000000e+00
2.579741609354536114e-01 -3.871551856694825933e-01 8.851893370405695682e-01 0.000000000000000000e+00 -9.647582485431803745e-01 -1.524128711061270014e-01 2.145025398881213463e-01 0.000000000000000000e+00 5.186846453829687537e-02 -9.093298990724334452e-01 -4.128299066191484235e-01 0.000000000000000000e+00 -2.694269197262482707e-01 7.860071421081583631e-01 1.072897208335809482e+00 1.000000000000000000e+00
2.625521442316853804e-01 -3.875225991379244728e-01 8.836811652333921296e-01 0.000000000000000000e+00 -9.635280605138371035e-01 -1.544218732941075589e-01 2.185567522854349465e-01 0.000000000000000000e+00 5.176402466806232644e-02 -9.088343288767191108e-01 -4.139328535506770490e-01 0.000000000000000000e+00 -2.651639164949484151e-01 7.857813678750076303e-01 1.071442938083247975e+00 1.000000000000000000e+00
2.672862354908516758e-01 -3.878619164068176639e-01 8.821118030107607533e-01 0.000000000000000000e+00 -9.622314527722044541e-01 -1.565011441128116298e-01 2.227501280630820590e-01 0.000000000000000000e+00 5.165518647866900598e-02 -9.083337752689149003e-01 -4.150437477238482220e-01 0.000000000000000000e+00 -2.608169049610782331e-01 7.855503669888860285e-01 1.070007659422155699e+00 1.000000000000000000e+00
2.721736202366708546e-01 -3.881722304579710014e-01 8.804793797334632410e-01 0.000000000000000000e+00 -9.608665103522524564e-01 -1.586500718368354657e-01 2.270798247935195135e-01 0.000000000000000000e+00 5.154200563155125064e-02 -9.078283489157289443e-01 -4.161622024653882090e-01 0.000000000000000000e+00 -2.563886773395863128e-01 7.853152306367251478e-01 1.068588137271806238e+00 1.000000000000000000e+00
2.772114134608193448e-01 -3.884524146746479167e-01 8.787824067725356070e-01 0.000000000000000000e+00 -9.594317453821186170e-01 -1.608679174057171535e-01 2.315429807958700181e-01 0.000000000000000000e+00 5.142446198094929172e-02 -9.073180191206229317e-01 -4.172880931713356389e-01 0.000000000000000000e+00 -2.518822827385516216e-01 7.850770291546670387e-01 1.067182557806203524e+00 1.000000000000000000e+00
2.823971382496054949e-01 -3.887016475773046320e-01 8.770192560677770865e-01 0.000000000000000000e+00 -9.579245230115793763e-01 -1.631542870343187790e-01 2.361372366697968295e-01 0.000000000000000000e+00 5.130251929313327935e-02 -9.068028364785838402e-01 -4.184213070454260164e-01 0.000000000000000000e+00 -2.473590327470243100e-01 7.848361458402662860e-01 1.065773928535886483e+00 1.000000000000000000e+00
2.877277780688488051e-01 -3.889193172742877458e-01 8.751881720081654548e-01 0.000000000000000000e+00 -9.563437013685559540e-01 -1.655084710385866520e-01 2.408594074311592725e-01 0.000000000000000000e+00 5.117615910458256367e-02 -9.062827229259394768e-01 -4.195620958268539424e-01 0.000000000000000000e+00 -2.429516323740807116e-01 7.845926236080404959e-01 1.064329400010902038e+00 1.000000000000000000e+00
2.932006280246684526e-01 -3.891039616091580000e-01 8.732877847701149276e-01 0.000000000000000000e+00 -9.546869227787937451e-01 -1.679297343254990138e-01 2.457069280845669557e-01 0.000000000000000000e+00 5.104543922561035479e-02 -9.057579133694545481e-01 -4.207097919172030354e-01 0.000000000000000000e+00 -2.384746005992431639e-01 7.843474666160022979e-01 1.062895094637759774e+00 1.000000000000000000e+00
2.988126426231129673e-01 -3.892548426717426513e-01 8.713160050947063029e-01 0.000000000000000000e+00 -9.529525592171305126e-01 -1.704174102521081868e-01 2.506766869265905084e-01 0.000000000000000000e+00 5.091030184396911490e-02 -9.052283291898681750e-01 -4.218644341656009322e-01 0.000000000000000000e+00 -2.339305417517920371e-01 7.841017916405476074e-01 1.061467979702257924e+00 1.000000000000000000e+00
3.045612962885307362e-01 -3.893709444232137940e-01 8.692713227631919670e-01 0.000000000000000000e+00 -9.511384184287891008e-01 -1.729709286062983131e-01 2.557661953956631984e-01 0.000000000000000000e+00 5.077073310490839986e-02 -9.046938391927473733e-01 -4.230260705357909989e-01 0.000000000000000000e+00 -2.293221422150426014e-01 7.838560029362374726e-01 1.060046897782052744e+00 1.000000000000000000e+00
3.104431433914950356e-01 -3.894512221256178908e-01 8.671520505676220125e-01 0.000000000000000000e+00 -9.492425829018865668e-01 -1.755893411215730671e-01 2.609720748786714672e-01 0.000000000000000000e+00 5.062674518842717741e-02 -9.041547822214693886e-01 -4.241943403180150618e-01 0.000000000000000000e+00 -2.246522965124685689e-01 7.836112819423891596e-01 1.058629959654715735e+00 1.000000000000000000e+00
3.164555305314999401e-01 -3.894945661918016167e-01 8.649565010725052128e-01 0.000000000000000000e+00 -9.472630642501667086e-01 -1.782720479734183072e-01 2.662918077288224938e-01 0.000000000000000000e+00 5.047834608044030752e-02 -9.036110490087869707e-01 -4.253690914957197755e-01 0.000000000000000000e+00 -2.199232656068980940e-01 7.833685177117336584e-01 1.057214316743772420e+00 1.000000000000000000e+00
3.225952092375866664e-01 -3.895000264606488516e-01 8.626830498576839590e-01 0.000000000000000000e+00 -9.451978914303441615e-01 -1.810180781237437919e-01 2.717220092631981720e-01 0.000000000000000000e+00 5.032550046230689633e-02 -9.030624556248595391e-01 -4.265503736141765256e-01 0.000000000000000000e+00 -2.151382177296236320e-01 7.831281847289045528e-01 1.055798646916640715e+00 1.000000000000000000e+00
3.288593142305726302e-01 -3.894666820001965180e-01 8.603296608460112571e-01 0.000000000000000000e+00 -9.430451366171497263e-01 -1.838268542335328715e-01 2.772598782295072617e-01 0.000000000000000000e+00 5.016819456717318271e-02 -9.025093672503503583e-01 -4.277380188255484605e-01 0.000000000000000000e+00 -2.102994931987437477e-01 7.828912613241459928e-01 1.054381399653546492e+00 1.000000000000000000e+00
3.352445997017416413e-01 -3.893933106898486707e-01 8.578950494406293314e-01 0.000000000000000000e+00 -9.408027132831543460e-01 -1.866973647818750692e-01 2.829023599041803338e-01 0.000000000000000000e+00 5.000644515447611599e-02 -9.019515582041265356e-01 -4.289318306368966605e-01 0.000000000000000000e+00 -2.054098899792304866e-01 7.826586199855439796e-01 1.052959860161148731e+00 1.000000000000000000e+00
3.417480631009848224e-01 -3.892789451543554047e-01 8.553771621221815114e-01 0.000000000000000000e+00 -9.384688015206009704e-01 -1.896288682361556288e-01 2.886463815211254280e-01 0.000000000000000000e+00 4.984024942437337985e-02 -9.013892063428182722e-01 -4.301316040078231873e-01 0.000000000000000000e+00 -2.004719835141854645e-01 7.824309510321033612e-01 1.051532635898665635e+00 1.000000000000000000e+00
3.483662872585249204e-01 -3.891225592674984468e-01 8.527745566318543080e-01 0.000000000000000000e+00 -9.360413457085716704e-01 -1.926203779156747398e-01 2.944886840086947677e-01 0.000000000000000000e+00 4.966955609597652199e-02 -9.008222414289198676e-01 -4.313374284343300946e-01 0.000000000000000000e+00 -1.954884693889195890e-01 7.822091431819255813e-01 1.050098147945921490e+00 1.000000000000000000e+00
3.550963355684793044e-01 -3.889230123341700374e-01 8.500855637540244425e-01 0.000000000000000000e+00 -9.335182640872913273e-01 -1.956710749276759365e-01 3.004263972288317430e-01 0.000000000000000000e+00 4.949440469222696204e-02 -9.002507456390752560e-01 -4.325490374034194896e-01 0.000000000000000000e+00 -1.904618332465574659e-01 7.819939815030130248e-01 1.048654184918314858e+00 1.000000000000000000e+00
3.619347051114297775e-01 -3.886791920384005672e-01 8.473084711005589575e-01 0.000000000000000000e+00 -9.308978567282349958e-01 -1.987798756753815788e-01 3.064560804108753533e-01 0.000000000000000000e+00 4.931476712524931333e-02 -8.996748106886771623e-01 -4.337661280819453125e-01 0.000000000000000000e+00 -1.853949241635676204e-01 7.817863022909811166e-01 1.047199172031600956e+00 1.000000000000000000e+00
3.688782001795991028e-01 -3.883903273266150480e-01 8.444416092777283778e-01 0.000000000000000000e+00 -9.281780917428962274e-01 -2.019459227568919935e-01 3.125745029318869328e-01 0.000000000000000000e+00 4.913060667532438697e-02 -8.990942767553001813e-01 -4.349889932075833854e-01 0.000000000000000000e+00 -1.802903114878727509e-01 7.815865331684095363e-01 1.045731758130770128e+00 1.000000000000000000e+00
3.759235944918900563e-01 -3.880547599502728873e-01 8.414836720149529992e-01 0.000000000000000000e+00 -9.253569770687573026e-01 -2.051681605373434081e-01 3.187788840210594721e-01 0.000000000000000000e+00 4.894199543180480227e-02 -8.985094101709224512e-01 -4.362169386510483249e-01 0.000000000000000000e+00 -1.751505921505101815e-01 7.813962325280230381e-01 1.044249837179284324e+00 1.000000000000000000e+00
3.830672869597795960e-01 -3.876720209760529667e-01 8.384328189872046755e-01 0.000000000000000000e+00 -9.224329318743282879e-01 -2.084455636014886093e-01 3.250653658784096178e-01 0.000000000000000000e+00 4.874886916889869387e-02 -8.979201222919435121e-01 -4.374503121949216977e-01 0.000000000000000000e+00 -1.700084325205816760e-01 7.812132592236620265e-01 1.042749659811202267e+00 1.000000000000000000e+00
3.903060526424915189e-01 -3.872408786079997167e-01 8.352876943483099614e-01 0.000000000000000000e+00 -9.194038808973447052e-01 -2.117771256664952861e-01 3.314309974213641152e-01 0.000000000000000000e+00 4.855117913698633880e-02 -8.973263955963556304e-01 -4.386888262242038539e-01 0.000000000000000000e+00 -1.650575028240092723e-01 7.810247349730974342e-01 1.041215567627852279e+00 1.000000000000000000e+00
3.976363353639749132e-01 -3.867602859707995888e-01 8.320467107846079013e-01 0.000000000000000000e+00 -9.162680575214577905e-01 -2.151617687993696570e-01 3.378723927301661711e-01 0.000000000000000000e+00 4.834900390337347476e-02 -8.967283066944815584e-01 -4.399324218590037194e-01 0.000000000000000000e+00 -1.600794480297196287e-01 7.808456990673434683e-01 1.039666366448390722e+00 1.000000000000000000e+00
4.050546679655888660e-01 -3.862289129910205787e-01 8.287085565748495419e-01 0.000000000000000000e+00 -9.130238604271090352e-01 -2.185982010061632841e-01 3.443861473685642105e-01 0.000000000000000000e+00 4.814230283052185061e-02 -8.961260036453645439e-01 -4.411806033517042813e-01 0.000000000000000000e+00 -1.550768953302465447e-01 7.806771862081250957e-01 1.038100255486623658e+00 1.000000000000000000e+00
4.125576022386192032e-01 -3.856461504385584882e-01 8.252714822258858662e-01 0.000000000000000000e+00 -9.096693370321924377e-01 -2.220855793255339383e-01 3.509689858951946517e-01 0.000000000000000000e+00 4.793106622649018211e-02 -8.955192806688720975e-01 -4.424337597733855598e-01 0.000000000000000000e+00 -1.500524128861557005e-01 7.805189930012749189e-01 1.036516657888913784e+00 1.000000000000000000e+00
4.201414058171477062e-01 -3.850106868768519708e-01 8.217345764921678564e-01 0.000000000000000000e+00 -9.062030170595132272e-01 -2.256224171848036641e-01 3.576173031350878273e-01 0.000000000000000000e+00 4.771529121975468662e-02 -8.949084122684576315e-01 -4.436913199690789567e-01 0.000000000000000000e+00 -1.450087238314134996e-01 7.803725374660185343e-01 1.034913985251485258e+00 1.000000000000000000e+00
4.278027868024472657e-01 -3.843214847346749785e-01 8.180962937740368091e-01 0.000000000000000000e+00 -9.026230474282446181e-01 -2.292076982733473878e-01 3.643279535666366087e-01 0.000000000000000000e+00 4.749490863092388493e-02 -8.942933368690569873e-01 -4.449533226657277352e-01 0.000000000000000000e+00 -1.399479986126178910e-01 7.802382640600614705e-01 1.033290984895574693e+00 1.000000000000000000e+00
4.355379345162120885e-01 -3.835779100473044601e-01 8.143553189482881649e-01 0.000000000000000000e+00 -8.989280561481750587e-01 -2.328402647361443312e-01 3.710972601908182344e-01 0.000000000000000000e+00 4.726997918188680092e-02 -8.936739420638564191e-01 -4.462198955824365765e-01 0.000000000000000000e+00 -1.348730129978057690e-01 7.801160906477037082e-01 1.031647078725784761e+00 1.000000000000000000e+00
4.433431714601509532e-01 -3.827784964972547610e-01 8.105105591010223209e-01 0.000000000000000000e+00 -8.951164161347202608e-01 -2.365186975760230903e-01 3.779219304389482836e-01 0.000000000000000000e+00 4.704049280146881118e-02 -8.930504960725184072e-01 -4.474905276527017528e-01 0.000000000000000000e+00 -1.297862700973126115e-01 7.800074615812624401e-01 1.029980777865489694e+00 1.000000000000000000e+00
4.512148474164360823e-01 -3.819226583718980383e-01 8.065606726546498129e-01 0.000000000000000000e+00 -8.911866811135810140e-01 -2.402418115271677534e-01 3.847981695378282496e-01 0.000000000000000000e+00 4.680644142959378140e-02 -8.924229320122488707e-01 -4.487652943674153017e-01 0.000000000000000000e+00 -1.246904164532409709e-01 7.799125361796351852e-01 1.028290966086774505e+00 1.000000000000000000e+00
4.591493721490088054e-01 -3.810091243783940707e-01 8.025046685271908231e-01 0.000000000000000000e+00 -8.871373707162804045e-01 -2.440082716026859277e-01 3.917228172429472743e-01 0.000000000000000000e+00 4.656779257312983200e-02 -8.917912658013161797e-01 -4.500438756165550114e-01 0.000000000000000000e+00 -1.195877671671875669e-01 7.798318380409797745e-01 1.026576939531126165e+00 1.000000000000000000e+00
4.671430275987097369e-01 -3.800371613904824919e-01 7.983413823829105249e-01 0.000000000000000000e+00 -8.829671681379190895e-01 -2.478168042395421100e-01 3.986921765861952682e-01 0.000000000000000000e+00 4.632457262948884436e-02 -8.911556061356618041e-01 -4.513263827696692987e-01 0.000000000000000000e+00 -1.144808108304202210e-01 7.797658098520041658e-01 1.024837792399767578e+00 1.000000000000000000e+00
4.751916402375830351e-01 -3.790056941979845773e-01 7.940701716649919417e-01 0.000000000000000000e+00 -8.786747540626017594e-01 -2.516658048697386629e-01 4.057025452013174882e-01 0.000000000000000000e+00 4.607670710525397367e-02 -8.905160142644193977e-01 -4.526123869536869404e-01 0.000000000000000000e+00 -1.093723224350807433e-01 7.797154048816536953e-01 1.023072407643965009e+00 1.000000000000000000e+00
4.832918666676618846e-01 -3.779139386936308798e-01 7.896897311133317388e-01 0.000000000000000000e+00 -8.742589289376048178e-01 -2.555541666919002308e-01 4.127506190488072213e-01 0.000000000000000000e+00 4.582424850081168871e-02 -8.898723874386375021e-01 -4.539020645295780421e-01 0.000000000000000000e+00 -1.042644882576377052e-01 7.796804910824431945e-01 1.021280608235998200e+00 1.000000000000000000e+00
4.914397559522745706e-01 -3.767611037282577180e-01 7.851993088101736351e-01 0.000000000000000000e+00 -8.697183530672650820e-01 -2.594804234877470805e-01 4.198326860952989459e-01 0.000000000000000000e+00 4.556721822968979457e-02 -8.892247225331102456e-01 -4.551952809253668741e-01 0.000000000000000000e+00 -9.915995284025204415e-02 7.796614476839925922e-01 1.019461402825127871e+00 1.000000000000000000e+00
4.996314166110021882e-01 -3.755460957124730492e-01 7.805980946292535583e-01 0.000000000000000000e+00 -8.650522448524918806e-01 -2.634429643180187242e-01 4.269450338373343978e-01 0.000000000000000000e+00 4.530550201341944361e-02 -8.885733506025704775e-01 -4.564915655591477162e-01 0.000000000000000000e+00 -9.406103212427957549e-02 7.796594074045869460e-01 1.017613835468115457e+00 1.000000000000000000e+00
5.078630843245460769e-01 -3.742682255432623895e-01 7.758854838853473934e-01 0.000000000000000000e+00 -8.602593444545045820e-01 -2.674404546275928052e-01 4.340842516611768120e-01 0.000000000000000000e+00 4.503919408863529816e-02 -8.879182168165178357e-01 -4.577909746166004545e-01 0.000000000000000000e+00 -8.901477647346932309e-02 7.796676626265250931e-01 1.015741940423156686e+00 1.000000000000000000e+00
5.161308341844339509e-01 -3.729267014455903695e-01 7.710606162091149240e-01 0.000000000000000000e+00 -8.553388478337430323e-01 -2.714713643768827955e-01 4.412465478775842165e-01 0.000000000000000000e+00 4.476826053735323552e-02 -8.872590453920042863e-01 -4.590935390671459504e-01 0.000000000000000000e+00 -8.417904992394519004e-02 7.796607528191475955e-01 1.013864004600978141e+00 1.000000000000000000e+00
5.244307312345609651e-01 -3.715208291860426781e-01 7.661230295745780072e-01 0.000000000000000000e+00 -8.502895777353193241e-01 -2.755343308216612885e-01 4.484285363027774585e-01 0.000000000000000000e+00 4.449266438141787766e-02 -8.865961683354740552e-01 -4.603990722013859838e-01 0.000000000000000000e+00 -7.935534952019746013e-02 7.796694023140050556e-01 1.011960733378588717e+00 1.000000000000000000e+00
5.327589725414333399e-01 -3.700495983208971218e-01 7.610723224782107721e-01 0.000000000000000000e+00 -8.451110719020289430e-01 -2.796275170390904452e-01 4.556264126406222026e-01 0.000000000000000000e+00 4.421237267124619730e-02 -8.859297952874424231e-01 -4.617071821784424768e-01 0.000000000000000000e+00 -7.454604817558717345e-02 7.796944346387302271e-01 1.010031194921804820e+00 1.000000000000000000e+00
5.411116692244197779e-01 -3.685125209450251793e-01 7.559077245681660173e-01 0.000000000000000000e+00 -8.398024162020237826e-01 -2.837496184487831585e-01 4.628365568909575400e-01 0.000000000000000000e+00 4.392744482523006089e-02 -8.852595125468308845e-01 -4.630180905672823810e-01 0.000000000000000000e+00 -6.975343867355722483e-02 7.797352491214730730e-01 1.008075902901170995e+00 1.000000000000000000e+00
5.494847802966206229e-01 -3.669089888867579918e-01 7.506292432711264562e-01 0.000000000000000000e+00 -8.343632101817597402e-01 -2.878989592390636676e-01 4.700552840005357003e-01 0.000000000000000000e+00 4.363784684520862628e-02 -8.845856463324235364e-01 -4.643315245043608819e-01 0.000000000000000000e+00 -6.497975033101469067e-02 7.797923810099123276e-01 1.006094137779709463e+00 1.000000000000000000e+00
5.578743247521535942e-01 -3.652380238144076197e-01 7.452363066889308163e-01 0.000000000000000000e+00 -8.287926494830852864e-01 -2.920739066008757878e-01 4.772791415579453744e-01 0.000000000000000000e+00 4.334359747128124773e-02 -8.839082624497219820e-01 -4.656471942752401505e-01 0.000000000000000000e+00 -6.022744752927337158e-02 7.798663403279925133e-01 1.004085457002371840e+00 1.000000000000000000e+00
5.662764742859665024e-01 -3.634994147311061963e-01 7.397289790116797770e-01 0.000000000000000000e+00 -8.230902639821929823e-01 -2.962728901250770708e-01 4.845042337075624039e-01 0.000000000000000000e+00 4.304465542596334904e-02 -8.832271762737609055e-01 -4.669653299824824133e-01 0.000000000000000000e+00 -5.549835408070345061e-02 7.799567120278245724e-01 1.002050486167619603e+00 1.000000000000000000e+00
5.746872218911108776e-01 -3.616922305207802002e-01 7.341069467259296877e-01 0.000000000000000000e+00 -8.172559767413747345e-01 -3.004941861353820909e-01 4.917271518200639902e-01 0.000000000000000000e+00 4.274098888399526647e-02 -8.825427693784997363e-01 -4.682854629518685141e-01 0.000000000000000000e+00 -5.079487496590678192e-02 7.800643108858879016e-01 9.999885600527003149e-01 1.000000000000000000e+00
5.831027829235756466e-01 -3.598161068504483473e-01 7.283704020855672479e-01 0.000000000000000000e+00 -8.112891462281291988e-01 -3.047361878530182033e-01 4.989442918382260839e-01 0.000000000000000000e+00 4.243263595968668062e-02 -8.818548540268870140e-01 -4.696076354436520828e-01 0.000000000000000000e+00 -4.611908996234601044e-02 7.801890319325747170e-01 9.978997274049015154e-01 1.000000000000000000e+00
5.915190538575103574e-01 -3.578705681349966805e-01 7.225189590150657981e-01 0.000000000000000000e+00 -8.051897793509494861e-01 -3.089972709673245443e-01 5.061518088936072246e-01 0.000000000000000000e+00 4.211957473042549083e-02 -8.811634726714412391e-01 -4.709316811951477222e-01 0.000000000000000000e+00 -4.147315940927941147e-02 7.803307088783196788e-01 9.957841991484081001e-01 1.000000000000000000e+00
5.999321801771185791e-01 -3.558550464519494305e-01 7.165532139954320368e-01 0.000000000000000000e+00 -7.989579087523313028e-01 -3.132756303458531510e-01 5.133463334590611105e-01 0.000000000000000000e+00 4.180176719619124043e-02 -8.804687612087670479e-01 -4.722574112215975339e-01 0.000000000000000000e+00 -3.685921621117337760e-02 7.804898418204697652e-01 9.936420647564370157e-01 1.000000000000000000e+00
6.083380722474557301e-01 -3.537691285378596895e-01 7.104730584752805278e-01 0.000000000000000000e+00 -7.925932658537919728e-01 -3.175695848226577356e-01 5.205241363280189715e-01 0.000000000000000000e+00 4.147926769573129918e-02 -8.797707628005267955e-01 -4.735847470303353735e-01 0.000000000000000000e+00 -3.227944288276087675e-02 7.806663408985177188e-01 9.914730855010476240e-01 1.000000000000000000e+00
6.167329346923200450e-01 -3.516126295105695410e-01 7.042789176699389975e-01 0.000000000000000000e+00 -7.860957959451342347e-01 -3.218775477759427406e-01 5.276816837446322017e-01 0.000000000000000000e+00 4.115206320137957535e-02 -8.790694856630354437e-01 -4.749138493941869599e-01 0.000000000000000000e+00 -2.773556101894217654e-02 7.808599973005310169e-01 9.892782685071365156e-01 1.000000000000000000e+00
6.251128780095538406e-01 -3.493848031493449469e-01 6.979713518701060604e-01 0.000000000000000000e+00 -7.794659517671265192e-01 -3.261975254458720497e-01 5.348156810190703991e-01 0.000000000000000000e+00 4.082002468646673404e-02 -8.783650775536260280e-01 -4.762440373316207953e-01 0.000000000000000000e+00 -2.322976212820562769e-02 7.810712252346679874e-01 9.870572495675190572e-01 1.000000000000000000e+00
6.334738940888885450e-01 -3.470857040375997515e-01 6.915504437224495593e-01 0.000000000000000000e+00 -7.727040079456790611e-01 -3.305279170806438849e-01 5.419221020659137356e-01 0.000000000000000000e+00 4.048333386928457817e-02 -8.776574206988082549e-01 -4.775754696470383975e-01 0.000000000000000000e+00 -1.876407616265600778e-02 7.812996885612194520e-01 9.848102657835037244e-01 1.000000000000000000e+00
6.418121745253597688e-01 -3.447150530977883265e-01 6.850170856215330728e-01 0.000000000000000000e+00 -7.658101242161473587e-01 -3.348669996543208738e-01 5.489977680281330485e-01 0.000000000000000000e+00 4.014180363499726678e-02 -8.769465871206895136e-01 -4.789082066692224027e-01 0.000000000000000000e+00 -1.444366467460474202e-02 7.815174924704969550e-01 9.825712780213163855e-01 1.000000000000000000e+00
6.501238789866038426e-01 -3.422724108226739559e-01 6.783718856286955479e-01 0.000000000000000000e+00 -7.587850656905463786e-01 -3.392128594549030374e-01 5.560392370537534656e-01 0.000000000000000000e+00 3.979558012814340268e-02 -8.762327886415832712e-01 -4.802417831010340477e-01 0.000000000000000000e+00 -1.028867496674701169e-02 7.817178280686302161e-01 9.803500168255775415e-01 1.000000000000000000e+00
6.584051060020259527e-01 -3.397578017568046449e-01 6.716152442063245687e-01 0.000000000000000000e+00 -7.516290049733523881e-01 -3.435638993735398716e-01 5.630428452681142115e-01 0.000000000000000000e+00 3.944452104864717285e-02 -8.755159486527811508e-01 -4.815762381986490870e-01 0.000000000000000000e+00 -6.177155967295924061e-03 7.819328359404071893e-01 9.781083551080198557e-01 1.000000000000000000e+00
6.666520964746872613e-01 -3.371711342842613757e-01 6.647483123690701712e-01 0.000000000000000000e+00 -7.443429172991229414e-01 -3.479182656514762106e-01 5.700052828757393719e-01 0.000000000000000000e+00 3.908873598006779027e-02 -8.747961384024542930e-01 -4.829115912238937103e-01 0.000000000000000000e+00 -2.111092503652778948e-03 7.821623280356956309e-01 9.758470186730203721e-01 1.000000000000000000e+00
6.748609946022532391e-01 -3.345121194543180243e-01 6.577720003577871566e-01 0.000000000000000000e+00 -7.369275785494504571e-01 -3.522740338466016641e-01 5.769233119697643186e-01 0.000000000000000000e+00 3.872816930562048010e-02 -8.740734593928523033e-01 -4.842473630295687226e-01 0.000000000000000000e+00 1.907872439026244088e-03 7.824063765857870445e-01 9.735665774240770398e-01 1.000000000000000000e+00
6.830281316533626246e-01 -3.317808844477707075e-01 6.506871184032017030e-01 0.000000000000000000e+00 -7.293834860780298301e-01 -3.566295415324328699e-01 5.837933737762982522e-01 0.000000000000000000e+00 3.836274709598626320e-02 -8.733478254862599988e-01 -4.855837250590489540e-01 0.000000000000000000e+00 5.878432956453411538e-03 7.826645379001240244e-01 9.712675938383033003e-01 1.000000000000000000e+00
6.911496516624180408e-01 -3.289774972232459849e-01 6.434948362406172073e-01 0.000000000000000000e+00 -7.217119576346454624e-01 -3.609830123223302101e-01 5.906122139269246452e-01 0.000000000000000000e+00 3.799258147761343241e-02 -8.726194416589369007e-01 -4.869204243131477483e-01 0.000000000000000000e+00 9.798407278158101016e-03 7.829366557114632030e-01 9.689505089886663036e-01 1.000000000000000000e+00
6.992220259773306301e-01 -3.261019336523487411e-01 6.361963596013442412e-01 0.000000000000000000e+00 -7.139138171117530574e-01 -3.653325749764301245e-01 5.973766250969213543e-01 0.000000000000000000e+00 3.761760705699973562e-02 -8.718883866877175093e-01 -4.882574342014647240e-01 0.000000000000000000e+00 1.366687670991153548e-02 7.832225622321750125e-01 9.666166964820711582e-01 1.000000000000000000e+00
7.072414445233888847e-01 -3.231542630486620160e-01 6.287929132286890210e-01 0.000000000000000000e+00 -7.059903658103813262e-01 -3.696763891717722572e-01 6.040833912797142213e-01 0.000000000000000000e+00 3.723775091078624505e-02 -8.711546185647581764e-01 -4.895944500974318547e-01 0.000000000000000000e+00 1.748179285579680095e-02 7.835221299006163154e-01 9.642659886104275602e-01 1.000000000000000000e+00
7.152043653324846595e-01 -3.201349100929645752e-01 6.212858009921428115e-01 0.000000000000000000e+00 -6.979426758572229161e-01 -3.740128101650189163e-01 6.107291655026533261e-01 0.000000000000000000e+00 3.685313742300498630e-02 -8.704181496422203068e-01 -4.909315935719303359e-01 0.000000000000000000e+00 2.124192310918791154e-02 7.838346732174897857e-01 9.618995332989014324e-01 1.000000000000000000e+00
7.231073002853994902e-01 -3.170437503654479627e-01 6.136764594803775230e-01 0.000000000000000000e+00 -6.897722297923072343e-01 -3.783398753998578057e-01 6.173111146651495407e-01 0.000000000000000000e+00 3.646367797668265132e-02 -8.696791309456415320e-01 -4.922685050165627185e-01 0.000000000000000000e+00 2.494599384374625306e-02 7.841600914157483837e-01 9.595185654331772618e-01 1.000000000000000000e+00
7.309466972289210274e-01 -3.138813497914890172e-01 6.059663004714814782e-01 0.000000000000000000e+00 -6.814803285064078286e-01 -3.826559508373158502e-01 6.238257981658479334e-01 0.000000000000000000e+00 3.606931348487482647e-02 -8.689377190417530983e-01 -4.936052184695952083e-01 0.000000000000000000e+00 2.859243373212023293e-02 7.844983214364563695e-01 9.571231663737109763e-01 1.000000000000000000e+00
7.387188185376496463e-01 -3.106478969101220122e-01 5.981572006063233804e-01 0.000000000000000000e+00 -6.730687649463626965e-01 -3.869590793109242699e-01 6.302704960373259890e-01 0.000000000000000000e+00 3.567019697754235386e-02 -8.681936688069568087e-01 -4.949416313466343809e-01 0.000000000000000000e+00 3.217981468482129792e-02 7.848483779017118023e-01 9.547148627631206752e-01 1.000000000000000000e+00
7.464208049128436828e-01 -3.073438369485274602e-01 5.902503527838817154e-01 0.000000000000000000e+00 -6.645388124880160508e-01 -3.912477465058543102e-01 6.366419677757757523e-01 0.000000000000000000e+00 3.526609984847479951e-02 -8.674472232849070874e-01 -4.962775780939214787e-01 0.000000000000000000e+00 3.570727340854166348e-02 7.852102579140658456e-01 9.522942858269203281e-01 1.000000000000000000e+00
7.540487487334320837e-01 -3.039695095559575289e-01 5.822480710053596908e-01 0.000000000000000000e+00 -6.558924594689945486e-01 -3.955198950715831940e-01 6.429376831344395526e-01 0.000000000000000000e+00 3.485727665790622209e-02 -8.666984637806903757e-01 -4.976128637436411095e-01 0.000000000000000000e+00 3.917302099795727521e-02 7.855837477015812365e-01 9.498622677959998040e-01 1.000000000000000000e+00
7.615997051165220855e-01 -3.005253725987800939e-01 5.741516485541972026e-01 0.000000000000000000e+00 -6.471313729413494809e-01 -3.997739321378809829e-01 6.491544619092251001e-01 0.000000000000000000e+00 3.444348664115692848e-02 -8.659475801842376752e-01 -4.989472451145132714e-01 0.000000000000000000e+00 4.257641825494269672e-02 7.859681539411440543e-01 9.474198013168271260e-01 1.000000000000000000e+00
7.690702288423553190e-01 -2.970120246137646913e-01 5.659633604842279064e-01 0.000000000000000000e+00 -6.382575722986753020e-01 -4.040079961212789117e-01 6.552895926996832321e-01 0.000000000000000000e+00 3.402481363304103029e-02 -8.651942494548223728e-01 -5.002809358994717570e-01 0.000000000000000000e+00 4.572727416792451982e-02 7.862808638772013081e-01 9.450814445218236326e-01 1.000000000000000000e+00
7.764573538912736828e-01 -2.934300120314597415e-01 5.576849283008333824e-01 0.000000000000000000e+00 -6.292729013184606979e-01 -4.082205987515937218e-01 6.613405764607254156e-01 0.000000000000000000e+00 3.360127024925414763e-02 -8.644388011427127649e-01 -5.016137344526768738e-01 0.000000000000000000e+00 4.881154505689699191e-02 7.865992734402018627e-01 9.427415481791440177e-01 1.000000000000000000e+00
7.837577807273689023e-01 -2.897800249833017427e-01 5.493185155678911302e-01 0.000000000000000000e+00 -6.201795270373713365e-01 -4.124098052811807080e-01 6.673043694345685006e-01 0.000000000000000000e+00 3.317284614117492481e-02 -8.636812814496482860e-01 -5.029452846540315436e-01 0.000000000000000000e+00 5.183351023598830459e-02 7.869247464686264237e-01 9.403979915510974896e-01 1.000000000000000000e+00
7.909686509483854211e-01 -2.860627984836868754e-01 5.408663415066454760e-01 0.000000000000000000e+00 -6.109798269552817462e-01 -4.165741017320688799e-01 6.731786678204317864e-01 0.000000000000000000e+00 3.273954050695718210e-02 -8.629217400279136641e-01 -5.042757573898616341e-01 0.000000000000000000e+00 5.479220764672135258e-02 7.872568782336720750e-01 9.380521871601781303e-01 1.000000000000000000e+00
7.980868306670759749e-01 -2.822789027372223369e-01 5.323306072381461806e-01 0.000000000000000000e+00 -6.016758151575879454e-01 -4.207115881396517043e-01 6.789609722713243478e-01 0.000000000000000000e+00 3.230127358364173057e-02 -8.621602218899653280e-01 -5.056049466774420464e-01 0.000000000000000000e+00 5.768691753678133194e-02 7.875952835417689979e-01 9.357050375207113246e-01 1.000000000000000000e+00
8.051096666695501947e-01 -2.784290179971807833e-01 5.237132913251815181e-01 0.000000000000000000e+00 -5.922696699587968183e-01 -4.248206151146222131e-01 6.846487246653315539e-01 0.000000000000000000e+00 3.185810927270341097e-02 -8.613967576797449954e-01 -5.069324119215680158e-01 0.000000000000000000e+00 6.051663922002521040e-02 7.879394432835095108e-01 9.333570775281960774e-01 1.000000000000000000e+00
8.120338888597884441e-01 -2.745143958817310992e-01 5.150170369321951380e-01 0.000000000000000000e+00 -5.827640989925868542e-01 -4.288998774752352805e-01 6.902396024540191632e-01 0.000000000000000000e+00 3.141003985211366506e-02 -8.606314590903529904e-01 -5.082585536881110144e-01 0.000000000000000000e+00 6.328076816415140193e-02 7.882887418570573290e-01 9.310102029961885295e-01 1.000000000000000000e+00
8.188570354028911202e-01 -2.705356343952713960e-01 5.062442222768980260e-01 0.000000000000000000e+00 -5.731615500881644953e-01 -4.329474119755262751e-01 6.957313360537390468e-01 0.000000000000000000e+00 3.095699819734767239e-02 -8.598644001092770051e-01 -5.095828826900097308e-01 0.000000000000000000e+00 6.597888478493617315e-02 7.886424063695866016e-01 9.286653227350486484e-01 1.000000000000000000e+00
8.255766985865025109e-01 -2.664935812170717289e-01 4.973971264047213903e-01 0.000000000000000000e+00 -5.634647084548528584e-01 -4.369616957991011019e-01 7.011217783148491201e-01 0.000000000000000000e+00 3.049903959874038228e-02 -8.590956932666401480e-01 -5.109053126014498902e-01 0.000000000000000000e+00 6.860993367996005843e-02 7.890003552412684362e-01 9.263230390956979088e-01 1.000000000000000000e+00
8.321901373543124647e-01 -2.623895208453329020e-01 4.884783872521076264e-01 0.000000000000000000e+00 -5.536760467435498656e-01 -4.409414707386392629e-01 7.064087521415708393e-01 0.000000000000000000e+00 3.003609350788464041e-02 -8.583252455298510109e-01 -5.122260127090567661e-01 0.000000000000000000e+00 7.117362158014160778e-02 7.893615423759859917e-01 9.239850286318452843e-01 1.000000000000000000e+00
8.386946106999092487e-01 -2.582242809060713573e-01 4.794905813473945844e-01 0.000000000000000000e+00 -5.437983280996757651e-01 -4.448848815226226772e-01 7.115901961197290682e-01 0.000000000000000000e+00 2.956823778479703013e-02 -8.575531421027854373e-01 -5.135446805735632836e-01 0.000000000000000000e+00 7.366951557464031242e-02 7.897254165367615375e-01 9.216526713192718656e-01 1.000000000000000000e+00
8.450880666862715662e-01 -2.539990158267466103e-01 4.704364683900613686e-01 0.000000000000000000e+00 -5.338345741224654883e-01 -4.487905245637849871e-01 7.166642893410717363e-01 0.000000000000000000e+00 2.909538950696761300e-02 -8.567796905350359982e-01 -5.148610784223647263e-01 0.000000000000000000e+00 7.609684519881809717e-02 7.900917549568229337e-01 9.193262962757959844e-01 1.000000000000000000e+00
8.513679840776273711e-01 -2.497148766945820608e-01 4.613185851091730627e-01 0.000000000000000000e+00 -5.237875159091285315e-01 -4.526569339723979790e-01 7.216288858001738138e-01 0.000000000000000000e+00 2.861757709505280758e-02 -8.560046814598099019e-01 -5.161752292753755134e-01 0.000000000000000000e+00 7.845536270665549872e-02 7.904594265508583240e-01 9.170076584298347822e-01 1.000000000000000000e+00
8.575323687779107251e-01 -2.453729053012763395e-01 4.521395534845917275e-01 0.000000000000000000e+00 -5.136598707787605189e-01 -4.564827763497209534e-01 7.264825617315114892e-01 0.000000000000000000e+00 2.813478252678862021e-02 -8.552282308579085557e-01 -5.174870759886154303e-01 0.000000000000000000e+00 8.074490611685297692e-02 7.908280365616485730e-01 9.146977724195876069e-01 1.000000000000000000e+00
8.635787511032810837e-01 -2.409744562878856078e-01 4.429025743190112552e-01 0.000000000000000000e+00 -5.034549757381775459e-01 -4.602663876965971124e-01 7.312234584027804685e-01 0.000000000000000000e+00 2.764698509994777814e-02 -8.544506137930566458e-01 -5.187962629274345261e-01 0.000000000000000000e+00 8.296472896122354668e-02 7.911972199719298215e-01 9.123975788593676750e-01 1.000000000000000000e+00
8.695054452136883327e-01 -2.365208915809593748e-01 4.336102551556919038e-01 0.000000000000000000e+00 -4.931759067168282051e-01 -4.640067761182818384e-01 7.358499341854316533e-01 0.000000000000000000e+00 2.715421434572228704e-02 -8.536716161132280600e-01 -5.201030994759553439e-01 0.000000000000000000e+00 8.499973882215210164e-02 7.914870771271691474e-01 9.102223763935497480e-01 1.000000000000000000e+00
8.753103509513066038e-01 -2.320133152182969061e-01 4.242653812168671323e-01 0.000000000000000000e+00 -4.828256498181429657e-01 -4.677023546528978892e-01 7.403605286166001775e-01 0.000000000000000000e+00 2.665642266643590552e-02 -8.528915237132941307e-01 -5.214069271580382692e-01 0.000000000000000000e+00 8.693225361367375170e-02 7.917491867411784456e-01 9.080973825656466492e-01 1.000000000000000000e+00
8.809918386734832962e-01 -2.274531422193973307e-01 4.148711142295335441e-01 0.000000000000000000e+00 -4.724074997049769187e-01 -4.713517992012098978e-01 7.447539563189047307e-01 0.000000000000000000e+00 2.615360534259158695e-02 -8.521104606778832080e-01 -5.227078465299479504e-01 0.000000000000000000e+00 8.879889574292106069e-02 7.920079302457573300e-01 9.059885548304080771e-01 1.000000000000000000e+00
8.865479287267546971e-01 -2.228419865577804526e-01 4.054303677290622132e-01 0.000000000000000000e+00 -4.619248089504231491e-01 -4.749541165992082203e-01 7.490286066780360574e-01 0.000000000000000000e+00 2.564580399368817168e-02 -8.513281909346110954e-01 -5.240060446383779658e-01 0.000000000000000000e+00 9.059997416941233117e-02 7.922620677380607379e-01 9.038972351769637426e-01 1.000000000000000000e+00
8.919772287063078009e-01 -2.181810375452185591e-01 3.959460261990707108e-01 0.000000000000000000e+00 -4.513806184334919758e-01 -4.785079614808292470e-01 7.531835753661846322e-01 0.000000000000000000e+00 2.513293468746521583e-02 -8.505450804532074249e-01 -5.253010623113346655e-01 0.000000000000000000e+00 9.233531152395194064e-02 7.925111577200599777e-01 9.018243043134179793e-01 1.000000000000000000e+00
8.972779538788056009e-01 -2.134719176501808924e-01 3.864214186117649885e-01 0.000000000000000000e+00 -4.407786170403447112e-01 -4.820119974587648293e-01 7.572175974751620409e-01 0.000000000000000000e+00 2.461507111390225447e-02 -8.497610380159652532e-01 -5.265927871214711731e-01 0.000000000000000000e+00 9.400489237768226702e-02 7.927547784123395447e-01 8.997706875251119119e-01 1.000000000000000000e+00
9.024491018299291012e-01 -2.087160211779786334e-01 3.768591974166825564e-01 0.000000000000000000e+00 -4.301218175885388462e-01 -4.854653978392809988e-01 7.611296976659057689e-01 0.000000000000000000e+00 2.409212667256283025e-02 -8.489762615758117414e-01 -5.278813002548273792e-01 0.000000000000000000e+00 9.560884603280894734e-02 7.929921427462669481e-01 8.977375023575060453e-01 1.000000000000000000e+00
9.074889359852805759e-01 -2.039151314527701264e-01 3.672629045223906319e-01 0.000000000000000000e+00 -4.194139835820991924e-01 -4.888669286639830136e-01 7.649188165990831179e-01 0.000000000000000000e+00 2.356414258124605102e-02 -8.481907259509563479e-01 -5.291663866595102128e-01 0.000000000000000000e+00 9.714740661050666470e-02 7.932225613921989327e-01 8.957260962061360798e-01 1.000000000000000000e+00
9.123963349966651704e-01 -1.990707302049093685e-01 3.576355130437097185e-01 0.000000000000000000e+00 -4.086585596249280306e-01 -4.922155691597214222e-01 7.685842881664191051e-01 0.000000000000000000e+00 2.303113005424839085e-02 -8.474044961795184072e-01 -5.304479443272318573e-01 0.000000000000000000e+00 9.862058363360308444e-02 7.934453859142324150e-01 8.937373236655826725e-01 1.000000000000000000e+00
9.171705453235071692e-01 -1.941843740091516168e-01 3.479798995687020113e-01 0.000000000000000000e+00 -3.978587423487384145e-01 -4.955105177698059804e-01 7.721253678564291567e-01 0.000000000000000000e+00 2.249301624445077669e-02 -8.466176238950444688e-01 -5.317258505346229569e-01 0.000000000000000000e+00 1.000287399344344380e-01 7.936598414834099557e-01 8.917720243052431606e-01 1.000000000000000000e+00
9.218102270497688933e-01 -1.892579676782436549e-01 3.382998341067831038e-01 0.000000000000000000e+00 -3.870187151993392805e-01 -4.987505115356224983e-01 7.755412755152930604e-01 0.000000000000000000e+00 2.194982134531203721e-02 -8.458304315934100925e-01 -5.329999297140071146e-01 0.000000000000000000e+00 1.013721666634952584e-01 7.938657652829266276e-01 8.898314400730626961e-01 1.000000000000000000e+00
9.263146441139525900e-01 -1.842930470328245085e-01 3.285980305568333426e-01 0.000000000000000000e+00 -3.761416203831601801e-01 -5.019349554775236477e-01 7.788315887599291942e-01 0.000000000000000000e+00 2.140159493964514242e-02 -8.450426845043473856e-01 -5.342702057731673060e-01 0.000000000000000000e+00 1.026510408684234849e-01 7.940619734721002798e-01 8.879166501570417980e-01 1.000000000000000000e+00
9.306829769450853940e-01 -1.792914018740549564e-01 3.188779738591838719e-01 0.000000000000000000e+00 -3.652312877838502225e-01 -5.050627640152941522e-01 7.819959135274705542e-01 0.000000000000000000e+00 2.084827494638461648e-02 -8.442546449770814698e-01 -5.355363616251472836e-01 0.000000000000000000e+00 1.038656202473315776e-01 7.942481474516916995e-01 8.860281666698841541e-01 1.000000000000000000e+00
9.349147521257843430e-01 -1.742548859056967658e-01 3.091427116028893640e-01 0.000000000000000000e+00 -3.542912207920895784e-01 -5.081334836572398705e-01 7.850336921575188365e-01 0.000000000000000000e+00 2.028979658880206843e-02 -8.434662006333338846e-01 -5.367986437839967762e-01 0.000000000000000000e+00 1.050167379627668929e-01 7.944233745285790294e-01 8.841676595524001758e-01 1.000000000000000000e+00
9.390090788324032545e-01 -1.691852634423398616e-01 2.993957233905871207e-01 0.000000000000000000e+00 -3.433252989033900304e-01 -5.111460659242296201e-01 7.879450091317394822e-01 0.000000000000000000e+00 1.972626415910137473e-02 -8.426777124377622386e-01 -5.380565719802313795e-01 0.000000000000000000e+00 1.061043885461790404e-01 7.945874092086560037e-01 8.823356100754700115e-01 1.000000000000000000e+00
9.429657922211664989e-01 -1.640843030011052694e-01 2.896399866594512873e-01 0.000000000000000000e+00 -3.323370433241025212e-01 -5.140999194962423413e-01 7.907294653412807461e-01 0.000000000000000000e+00 1.915760011272145749e-02 -8.418891010069136094e-01 -5.393101828498215733e-01 0.000000000000000000e+00 1.070432164572036604e-01 7.946402269533464624e-01 8.806764079901836517e-01 1.000000000000000000e+00
9.467845261537992663e-01 -1.589539032648481787e-01 2.798787585025394598e-01 0.000000000000000000e+00 -3.213301309266058392e-01 -5.169946911854140792e-01 7.933872961303817251e-01 0.000000000000000000e+00 1.858380412252073552e-02 -8.411003774138948730e-01 -5.405595454029386016e-01 0.000000000000000000e+00 1.079078536971087715e-01 7.946595978239364699e-01 8.790770365880185011e-01 1.000000000000000000e+00
9.504651034735761561e-01 -1.537960718329696996e-01 2.701155586499694450e-01 0.000000000000000000e+00 -3.103086029597673101e-01 -5.198294316573180973e-01 7.959182142783937097e-01 0.000000000000000000e+00 1.800490941785372334e-02 -8.403117492516395393e-01 -5.418041717025532389e-01 0.000000000000000000e+00 1.087154155890631690e-01 7.946643068048815373e-01 8.775104618057893990e-01 1.000000000000000000e+00
9.540073340493547827e-01 -1.486125325679968079e-01 2.603533351111709249e-01 0.000000000000000000e+00 -2.992758564365997631e-01 -5.226038113398996376e-01 7.983227110383299685e-01 0.000000000000000000e+00 1.742088106317416993e-02 -8.395232611401066691e-01 -5.430442050183097447e-01 0.000000000000000000e+00 1.094666369534213479e-01 7.946537415531982340e-01 8.759775516077585866e-01 1.000000000000000000e+00
9.574112325104694454e-01 -1.434054426165243534e-01 2.505955960496826229e-01 0.000000000000000000e+00 -2.882359085898082984e-01 -5.253173950918885726e-01 8.006008368195685065e-01 0.000000000000000000e+00 1.683170484576942960e-02 -8.387350049880525349e-01 -5.442795359770017383e-01 0.000000000000000000e+00 1.101618128941023872e-01 7.946271485707412374e-01 8.744790799590183017e-01 1.000000000000000000e+00
9.606770309518868345e-01 -1.381764727238838086e-01 2.408452604456625679e-01 0.000000000000000000e+00 -2.771921741396247141e-01 -5.279695358242973979e-01 8.027531075410949679e-01 0.000000000000000000e+00 1.623738149113159931e-02 -8.379469352144681693e-01 -5.455098647640579390e-01 0.000000000000000000e+00 1.108021055865325705e-01 7.945841675413187755e-01 8.730156617257782692e-01 1.000000000000000000e+00
9.638047401442225715e-01 -1.329279414493063916e-01 2.311059306966038451e-01 0.000000000000000000e+00 -2.661488916856409315e-01 -5.305601743513652657e-01 8.047798162716233161e-01 0.000000000000000000e+00 1.563788396606423381e-02 -8.371593701335516835e-01 -5.467352887651797388e-01 0.000000000000000000e+00 1.113877844932475714e-01 7.945241335496767698e-01 8.715882220258911461e-01 1.000000000000000000e+00
9.667950799962043984e-01 -1.276616854669924972e-01 2.213805932070010141e-01 0.000000000000000000e+00 -2.551094539996662802e-01 -5.330890472834373117e-01 8.066816488211944192e-01 0.000000000000000000e+00 1.503322793290026542e-02 -8.363721742681455851e-01 -5.479557455467719551e-01 0.000000000000000000e+00 1.119195326906488319e-01 7.944466616726240105e-01 8.701973577700873319e-01 1.000000000000000000e+00
9.696480866100651852e-01 -1.223797690691837553e-01 2.116725894607615621e-01 0.000000000000000000e+00 -2.440779033863545722e-01 -5.355556040615805369e-01 8.084591070472406660e-01 0.000000000000000000e+00 1.442338728404350331e-02 -8.355855175320007211e-01 -5.491708889973010432e-01 0.000000000000000000e+00 1.123982928740873410e-01 7.943511000381857645e-01 8.688434879157713731e-01 1.000000000000000000e+00
9.723646659130231740e-01 -1.170840710982071348e-01 2.019848264996386422e-01 0.000000000000000000e+00 -2.330576313574861114e-01 -5.379599077896838333e-01 8.101130983217446069e-01 0.000000000000000000e+00 1.380838902051771504e-02 -8.347995367692963020e-01 -5.503807016064410362e-01 0.000000000000000000e+00 1.128246894390696198e-01 7.942371834837220756e-01 8.675274443753627773e-01 1.000000000000000000e+00
9.749451555231563038e-01 -1.117770004703385334e-01 1.923209438773011981e-01 0.000000000000000000e+00 -2.220529065721313644e-01 -5.403018407363452402e-01 8.116442085159312203e-01 0.000000000000000000e+00 1.318820586146596079e-02 -8.340142154047758272e-01 -5.515852502055124118e-01 0.000000000000000000e+00 1.131991064520972284e-01 7.941042058684635307e-01 8.662498837930782125e-01 1.000000000000000000e+00
9.773905629081607316e-01 -1.064602668115704615e-01 1.826837404180316760e-01 0.000000000000000000e+00 -2.110670328927325146e-01 -5.425810886268729316e-01 8.130537756050282283e-01 0.000000000000000000e+00 1.256280720910722855e-02 -8.332296714370439616e-01 -5.527841854960988677e-01 0.000000000000000000e+00 1.135229025432203803e-01 7.939517578795352026e-01 8.650110870490462789e-01 1.000000000000000000e+00
9.797017614652880901e-01 -1.011361113567943032e-01 1.730763511061609305e-01 0.000000000000000000e+00 -2.001038169779438824e-01 -5.447980138201226064e-01 8.143424042462097390e-01 0.000000000000000000e+00 1.193222323482042574e-02 -8.324460621203663147e-01 -5.539774666951058357e-01 0.000000000000000000e+00 1.137965580940749621e-01 7.937794752535113352e-01 8.638117911543640171e-01 1.000000000000000000e+00
9.818798072290745305e-01 -9.580666332548944120e-02 1.635020674947620933e-01 0.000000000000000000e+00 -1.891671915007541172e-01 -5.469523760043533134e-01 8.155113030277267860e-01 0.000000000000000000e+00 1.129641494175818994e-02 -8.316632814822506603e-01 -5.551650586148164646e-01 0.000000000000000000e+00 1.140206577411991690e-01 7.935867282434103664e-01 8.626522639401433823e-01 1.000000000000000000e+00
9.839254027185483364e-01 -9.047384212485735933e-02 1.539636840675183138e-01 0.000000000000000000e+00 -1.782604212101895069e-01 -5.490444276784965938e-01 8.165618842693981305e-01 0.000000000000000000e+00 1.065541298249200741e-02 -8.308817272777158092e-01 -5.563468285530743795e-01 0.000000000000000000e+00 1.141841803770802521e-01 7.933444503882055576e-01 8.615747440517371736e-01 1.000000000000000000e+00
9.858400500612897188e-01 -8.513989840085141314e-02 1.444644304337508456e-01 0.000000000000000000e+00 -1.673875012255971739e-01 -5.510742740918299631e-01 8.174952406662603366e-01 0.000000000000000000e+00 1.000917204232402297e-02 -8.301012033125205747e-01 -5.575227032604462840e-01 0.000000000000000000e+00 1.142619053228481063e-01 7.929829639452417034e-01 8.606774676820824199e-01 1.000000000000000000e+00
9.876250762269376260e-01 -7.980699305065964977e-02 1.350073146176194450e-01 0.000000000000000000e+00 -1.565520816447341090e-01 -5.530423096781859060e-01 8.183126387178569772e-01 0.000000000000000000e+00 9.357682909072417149e-03 -8.293219121168984298e-01 -5.586926069517128557e-01 0.000000000000000000e+00 1.142973526226696013e-01 7.925988188178818561e-01 8.598221906546952287e-01 1.000000000000000000e+00
9.892818328237167336e-01 -7.447705446985110334e-02 1.255951978918726508e-01 0.000000000000000000e+00 -1.457575578877637335e-01 -5.549484566614891756e-01 8.190158675654813925e-01 0.000000000000000000e+00 8.700969717987892468e-03 -8.285439479870453372e-01 -5.598563063232441239e-01 0.000000000000000000e+00 1.142917945095059257e-01 7.921919156285114338e-01 8.590089871767248031e-01 1.000000000000000000e+00
9.908116029710799522e-01 -6.915238638998455478e-02 1.162311416822392057e-01 0.000000000000000000e+00 -1.350077746176958360e-01 -5.567933001359313128e-01 8.196060341488252687e-01 0.000000000000000000e+00 8.039015594537440162e-03 -8.277673886813998738e-01 -5.610136182740848021e-01 0.000000000000000000e+00 1.142457332174451334e-01 7.917617966969180410e-01 8.582380120615462626e-01 1.000000000000000000e+00
9.922163908428414114e-01 -6.383520460218965187e-02 1.069182108349407551e-01 0.000000000000000000e+00 -1.243064474439497386e-01 -5.585772567020589330e-01 8.200848938333359373e-01 0.000000000000000000e+00 7.371792196849384290e-03 -8.269922805659679632e-01 -5.621647649207694997e-01 0.000000000000000000e+00 1.141600731570934918e-01 7.913081069685163893e-01 8.575097153391129101e-01 1.000000000000000000e+00
9.934973544250008670e-01 -5.852730957514536148e-02 9.765883566974388474e-02 0.000000000000000000e+00 -1.136565392026921001e-01 -5.603005949896708859e-01 8.204544332862058198e-01 0.000000000000000000e+00 6.699309641610422424e-03 -8.262187937538444382e-01 -5.633093210512771787e-01 0.000000000000000000e+00 1.140353875593915906e-01 7.908308771526109116e-01 8.568241937766757355e-01 1.000000000000000000e+00
9.946564553857796254e-01 -5.323100383024498977e-02 8.845604444026515523e-02 0.000000000000000000e+00 -1.030618721614262462e-01 -5.619638637194238617e-01 8.207159507605304993e-01 0.000000000000000000e+00 6.021568310932349025e-03 -8.254469752598810883e-01 -5.644473295120242540e-01 0.000000000000000000e+00 1.138729045258031897e-01 7.903296413768825524e-01 8.561816831311674925e-01 1.000000000000000000e+00
9.956956734060107284e-01 -4.794845847152989782e-02 7.931266406280147729e-02 0.000000000000000000e+00 -9.252594480310161185e-02 -5.635677923326284366e-01 8.208715363293491718e-01 0.000000000000000000e+00 5.338534930622499883e-03 -8.246769128801518800e-01 -5.655787494107462621e-01 0.000000000000000000e+00 1.136732357456245318e-01 7.898042336289390342e-01 8.555822891441194900e-01 1.000000000000000000e+00
9.966169487069631572e-01 -4.268171570224477129e-02 7.023134848829795662e-02 0.000000000000000000e+00 -8.205207768754706199e-02 -5.651128548701637166e-01 8.209231621784134347e-01 0.000000000000000000e+00 4.650231627629436600e-03 -8.239086554041019639e-01 -5.667033966170363923e-01 0.000000000000000000e+00 1.134369573220029015e-01 7.892542166545470916e-01 8.550261469032326422e-01 1.000000000000000000e+00
9.974222024104758555e-01 -3.743284470083973331e-02 6.121471347656596423e-02 0.000000000000000000e+00 -7.164357079527845784e-02 -5.665996007307678717e-01 8.208727878038498682e-01 0.000000000000000000e+00 3.956628149912999777e-03 -8.231423445971317587e-01 -5.678211292084468509e-01 0.000000000000000000e+00 1.131653307482527737e-01 7.886798037535829309e-01 8.545132460544389019e-01 1.000000000000000000e+00
9.981136228127871490e-01 -3.220400134423050120e-02 5.226540434154250403e-02 0.000000000000000000e+00 -6.130379628015630855e-02 -5.680289278459694779e-01 8.207221753486136917e-01 0.000000000000000000e+00 3.257721629232792054e-03 -8.223780447463553411e-01 -5.689318208719420511e-01 0.000000000000000000e+00 1.128589194773998022e-01 7.880805527153378343e-01 8.540436015982617590e-01 1.000000000000000000e+00
9.986932448192007428e-01 -2.699740903021246100e-02 4.338621794265728332e-02 0.000000000000000000e+00 -5.103628928511780988e-02 -5.694016256744099946e-01 8.204736395335963106e-01 0.000000000000000000e+00 2.553520545606206144e-03 -8.216158408724508755e-01 -5.700355593709898194e-01 0.000000000000000000e+00 1.125182012376735458e-01 7.874563242654527562e-01 8.536174654653040372e-01 1.000000000000000000e+00
9.991635659098424549e-01 -2.181498526357244366e-02 3.457942745052261513e-02 0.000000000000000000e+00 -4.084395995842167448e-02 -5.707182599827151925e-01 8.201294332907885787e-01 0.000000000000000000e+00 1.843996277378500250e-03 -8.208559289866781405e-01 -5.711320769219044857e-01 0.000000000000000000e+00 1.121447141153426169e-01 7.868071752591805357e-01 8.532346486310611322e-01 1.000000000000000000e+00
9.995268309209787150e-01 -1.665883088667108672e-02 2.584750658554192324e-02 0.000000000000000000e+00 -3.073002941660368109e-02 -5.719798919177291330e-01 8.196917316606391335e-01 0.000000000000000000e+00 1.129148691960821065e-03 -8.200982274372052849e-01 -5.722213481602935747e-01 0.000000000000000000e+00 1.117383399112598513e-01 7.861326729038562444e-01 8.528950781139528203e-01 1.000000000000000000e+00
9.997855879696889714e-01 -1.153135752840795530e-02 1.719339952713926437e-02 0.000000000000000000e+00 -2.069825567162335983e-02 -5.731873758547957332e-01 8.191627946157744589e-01 0.000000000000000000e+00 4.089822789123294389e-04 -8.193430591512694816e-01 -5.733032957052724976e-01 0.000000000000000000e+00 1.112910982262423631e-01 7.857859886759674950e-01 8.531054138965172839e-01 1.000000000000000000e+00
9.999418326635800547e-01 -6.434178172664653007e-03 8.618806279943302603e-03 0.000000000000000000e+00 -1.075091696262348538e-02 -5.743415844255895797e-01 8.185451825508189838e-01 0.000000000000000000e+00 -3.165267231517879883e-04 -8.185902111176301954e-01 -5.743776655459655878e-01 0.000000000000000000e+00 1.108178299664641792e-01 7.854312466663779801e-01 8.533867970190561758e-01 1.000000000000000000e+00
9.999988238003316710e-01 -1.369493668940150507e-03 1.262591233103228750e-04 0.000000000000000000e+00 -8.913269860317863964e-04 -5.754436961869042744e-01 8.178408746327311407e-01 0.000000000000000000e+00 -1.047372763420403906e-03 -8.178400892412006629e-01 -5.754443934439136266e-01 0.000000000000000000e+00 1.103198060580122264e-01 7.850498598482766877e-01 8.537120848184637234e-01 1.000000000000000000e+00
9.999587830239656805e-01 3.660432624367952661e-03 -8.281672808166065658e-03 0.000000000000000000e+00 8.877144708578843177e-03 -5.764946791864974385e-01 8.170526198540493112e-01 0.000000000000000000e+00 -1.783573905143217642e-03 -8.170924942425307202e-01 -5.765036408910616528e-01 0.000000000000000000e+00 1.097969130783420372e-01 7.846414775989130064e-01 8.540814966681190556e-01 1.000000000000000000e+00
9.998244061593255516e-01 8.653973553073826888e-03 -1.660334519698204031e-02 0.000000000000000000e+00 1.855224724409496387e-02 -5.774955721315313539e-01 8.161829883252138540e-01 0.000000000000000000e+00 -2.525131954866230693e-03 -8.163477942521847330e-01 -5.775549605852386970e-01 0.000000000000000000e+00 1.092505811164007912e-01 7.842064775220326522e-01 8.544941710955817893e-01 1.000000000000000000e+00
9.995985768479365152e-01 1.360890214334836180e-02 -2.483629970586367572e-02 0.000000000000000000e+00 2.813071351883418211e-02 -5.784475565539631825e-01 8.152344053553589598e-01 0.000000000000000000e+00 -3.272050863812090305e-03 -8.156058134810552085e-01 -5.785984395338629183e-01 0.000000000000000000e+00 1.086808976982581859e-01 7.837448351372965361e-01 8.549502996236977292e-01 1.000000000000000000e+00
9.992842050332552128e-01 1.852299054638529771e-02 -3.297812379943702160e-02 0.000000000000000000e+00 3.760933181889902777e-02 -5.793518096479018942e-01 8.142093775710790293e-01 0.000000000000000000e+00 -4.024339944546323142e-03 -8.148669392352804186e-01 -5.796339442387808960e-01 0.000000000000000000e+00 1.080885781556095021e-01 7.832564862381317106e-01 8.554493624864982770e-01 1.000000000000000000e+00
9.988838210923973726e-01 2.339465776146539000e-02 -4.102735078975724980e-02 0.000000000000000000e+00 4.698600911524421914e-02 -5.802095542638302517e-01 8.131107639941186349e-01 0.000000000000000000e+00 -4.782015816344494311e-03 -8.141309971884750363e-01 -5.806613433015263004e-01 0.000000000000000000e+00 1.074747411225180221e-01 7.827417069930244775e-01 8.559909839698293110e-01 1.000000000000000000e+00
9.984008574380742740e-01 2.822164366416476250e-02 -4.898160096751752457e-02 0.000000000000000000e+00 5.625754063258063542e-02 -5.810220000079245883e-01 8.119411487391486881e-01 0.000000000000000000e+00 -5.545075195555099028e-03 -8.133982807649473568e-01 -5.816805551429881094e-01 0.000000000000000000e+00 1.068391924033116475e-01 7.822006541221643294e-01 8.565748895243034955e-01 1.000000000000000000e+00
9.978376576584579993e-01 3.300212752697805063e-02 -5.683911536898775957e-02 0.000000000000000000e+00 6.542143509068208684e-02 -5.817904596709880805e-01 8.107033141802491016e-01 0.000000000000000000e+00 -6.313519293354727738e-03 -8.126687189951751211e-01 -5.826915566352844911e-01 0.000000000000000000e+00 1.061824357000780011e-01 7.816332910882227702e-01 8.572007881768928250e-01 1.000000000000000000e+00
9.971974875229977497e-01 3.773400866956000410e-02 -6.459781512429275951e-02 0.000000000000000000e+00 7.447482968042805351e-02 -5.825161716386475508e-01 8.093999512847552813e-01 0.000000000000000000e+00 -7.087367033176511684e-03 -8.119425110755830177e-01 -5.836940909663204113e-01 0.000000000000000000e+00 1.055053082351779109e-01 7.810398906331788016e-01 8.578681249328504732e-01 1.000000000000000000e+00
9.964834603668640822e-01 4.241571181159393272e-02 -7.225636110248642718e-02 0.000000000000000000e+00 8.341574593331341214e-02 -5.832007177549399790e-01 8.080338006126337458e-01 0.000000000000000000e+00 -7.866631415759443163e-03 -8.112197669548396606e-01 -5.846882396128207926e-01 0.000000000000000000e+00 1.048080005976824991e-01 7.804205565700500502e-01 8.585765338574119498e-01 1.000000000000000000e+00
9.956988900413034083e-01 4.704498665980171024e-02 -7.981249262767531327e-02 0.000000000000000000e+00 9.224108386010115845e-02 -5.838453352099877147e-01 8.066077323115696807e-01 0.000000000000000000e+00 -8.651309416023504964e-03 -8.105005105440323820e-01 -5.856738858605865516e-01 0.000000000000000000e+00 1.040909898717598120e-01 7.797756317320473363e-01 8.593257240866590818e-01 1.000000000000000000e+00
9.948465920315918698e-01 5.161998120920569671e-02 -8.726460432915321419e-02 0.000000000000000000e+00 1.009484487751475396e-01 -5.844514369629505435e-01 8.051247722085919101e-01 0.000000000000000000e+00 -9.441392440376256134e-03 -8.097850128318621055e-01 -5.866506558354062095e-01 0.000000000000000000e+00 1.033550419919769953e-01 7.791055162195933415e-01 8.601147915889262308e-01 1.000000000000000000e+00
9.939298893221104603e-01 5.613897878066912567e-02 -9.461122173180597228e-02 0.000000000000000000e+00 1.095356837492715008e-01 -5.850204449460332246e-01 8.035874981551398566e-01 0.000000000000000000e+00 -1.023690872101695043e-02 -8.090730794701571638e-01 -5.876187465074287353e-01 0.000000000000000000e+00 1.026257183526937122e-01 7.783136221944737532e-01 8.610635927786328692e-01 1.000000000000000000e+00
9.929518880241279266e-01 6.060004663669572161e-02 -1.018506226732175113e-01 0.000000000000000000e+00 1.180003076404802370e-01 -5.855540827739539322e-01 8.019989984223269142e-01 0.000000000000000000e+00 -1.103786889605399071e-02 -8.083648560657749060e-01 -5.885780854443423138e-01 0.000000000000000000e+00 1.018925001588771168e-01 7.774527777191899691e-01 8.621057649606239659e-01 1.000000000000000000e+00
9.919159599962282803e-01 6.500160227478452013e-02 -1.089816713039472168e-01 0.000000000000000000e+00 1.263404939144839867e-01 -5.860534941649291341e-01 8.003619781458017890e-01 0.000000000000000000e+00 -1.184427270846451219e-02 -8.076607329600247187e-01 -5.895283402581854570e-01 0.000000000000000000e+00 1.011449581560377176e-01 7.765673662824102985e-01 8.631852356273391758e-01 1.000000000000000000e+00
9.908252322822596048e-01 6.934141766298658471e-02 -1.160022784131855833e-01 0.000000000000000000e+00 1.345532496164592862e-01 -5.865203023605539689e-01 7.986796121679493599e-01 0.000000000000000000e+00 -1.265612185161898127e-02 -8.069605575208571580e-01 -5.904695252232617930e-01 0.000000000000000000e+00 1.003826268235084723e-01 7.756576618483018715e-01 8.643019022414140107e-01 1.000000000000000000e+00
9.896831101531565755e-01 7.361799127126655851e-02 -1.229114231875850644e-01 0.000000000000000000e+00 1.426369042121219122e-01 -5.869562994108458165e-01 7.969547959044832597e-01 0.000000000000000000e+00 -1.347341590727389911e-02 -8.062644902819333659e-01 -5.914015129732509424e-01 0.000000000000000000e+00 9.960638898359715221e-02 7.747240056290157773e-01 8.654549512109829257e-01 1.000000000000000000e+00
9.884928237829252451e-01 7.782936467236406530e-02 -1.297074981821287054e-01 0.000000000000000000e+00 1.505890095595198708e-01 -5.873628011482781019e-01 7.951904475395661365e-01 0.000000000000000000e+00 -1.429618516665408408e-02 -8.055725738894181642e-01 -5.923244506337167481e-01 0.000000000000000000e+00 9.881540133115902791e-02 7.737667476427725344e-01 8.666441033655788440e-01 1.000000000000000000e+00
9.872576984789844801e-01 8.197386978614197572e-02 -1.363892547350950279e-01 0.000000000000000000e+00 1.584076542973952006e-01 -5.877415305243416377e-01 7.933894513530074244e-01 0.000000000000000000e+00 -1.512442611374913495e-02 -8.048850169451360337e-01 -5.932378437282076478e-01 0.000000000000000000e+00 9.801039227693102152e-02 7.727863693084982000e-01 8.678682651470011056e-01 1.000000000000000000e+00
9.859810624795031231e-01 8.604987688041475236e-02 -1.429556212133512583e-01 0.000000000000000000e+00 1.660909708869117429e-01 -5.880940052972811749e-01 7.915548742936426851e-01 0.000000000000000000e+00 -1.595813894286393989e-02 -8.042017981141853511e-01 -5.941418686183085329e-01 0.000000000000000000e+00 9.719098330235444172e-02 7.717831549270837144e-01 8.691271702233904772e-01 1.000000000000000000e+00
9.846662704034948588e-01 9.005545215041650675e-02 -1.494050220058214806e-01 0.000000000000000000e+00 1.736366511295457937e-01 -5.884219938489856361e-01 7.896896922659016882e-01 0.000000000000000000e+00 -1.679733749451607985e-02 -8.035230521080407584e-01 -5.950364132405734363e-01 0.000000000000000000e+00 9.635722513097848274e-02 7.707576333875253427e-01 8.704200331075045982e-01 1.000000000000000000e+00
9.833166779120545709e-01 9.398900388037322029e-02 -1.557365139056467174e-01 0.000000000000000000e+00 1.810429263365650188e-01 -5.887268580849064348e-01 7.877968499377482336e-01 0.000000000000000000e+00 -1.764203397878251131e-02 -8.028489281189820082e-01 -5.959212622335696707e-01 0.000000000000000000e+00 9.550952207558831286e-02 7.697104467304511921e-01 8.717459531433331410e-01 1.000000000000000000e+00
9.819356357764728038e-01 9.784900419242414937e-02 -1.619491353052562033e-01 0.000000000000000000e+00 1.883081915806636142e-01 -5.890104628177960100e-01 7.858794669800215349e-01 0.000000000000000000e+00 -1.849219822439756439e-02 -8.021795146722132674e-01 -5.967962886127655686e-01 0.000000000000000000e+00 9.464716305841222588e-02 7.686418949246601739e-01 8.731044243979366737e-01 1.000000000000000000e+00
9.805265877436629696e-01 1.016332020794096097e-01 -1.680410443371351537e-01 0.000000000000000000e+00 1.954296391580120917e-01 -5.892744276825278016e-01 7.839405092751092763e-01 0.000000000000000000e+00 -1.934789992651896398e-02 -8.015147899819895505e-01 -5.976616287065334987e-01 0.000000000000000000e+00 9.376981722673305431e-02 7.675523437284668127e-01 8.744950250746214016e-01 1.000000000000000000e+00
9.790926268850111969e-01 1.053408498077260391e-01 -1.740124121388683387e-01 0.000000000000000000e+00 2.024069685230367455e-01 -5.895203095170732377e-01 7.819828529239050141e-01 0.000000000000000000e+00 -2.020911712814427164e-02 -8.008550393651112653e-01 -5.985170693914521056e-01 0.000000000000000000e+00 9.287801768907263944e-02 7.664427011729514350e-01 8.759166816196443106e-01 1.000000000000000000e+00
9.776375263967369555e-01 1.089695396223274437e-01 -1.798611464739360843e-01 0.000000000000000000e+00 2.092371590122419356e-01 -5.897499273072832615e-01 7.800094522929958973e-01 0.000000000000000000e+00 -2.107582537780840551e-02 -8.002002202505377193e-01 -5.993623209163814192e-01 0.000000000000000000e+00 9.197074649353562115e-02 7.653132609734860647e-01 8.773685332818713656e-01 1.000000000000000000e+00
9.761642441846806184e-01 1.125181141206639257e-01 -1.855870044479674963e-01 0.000000000000000000e+00 2.159192625358472284e-01 -5.899647608092364326e-01 7.780233845385756686e-01 0.000000000000000000e+00 -2.194805135144791905e-02 -7.995505205417957617e-01 -6.001975386873164009e-01 0.000000000000000000e+00 9.105554582432902333e-02 7.641508317572380804e-01 8.788664226839570937e-01 1.000000000000000000e+00
9.746763215627008980e-01 1.159847602604524019e-01 -1.911887762529632939e-01 0.000000000000000000e+00 2.224512715679429764e-01 -5.901665273567241465e-01 7.760275688038676956e-01 0.000000000000000000e+00 -2.282584460385683051e-02 -7.989059320616962445e-01 -6.010225035649440217e-01 0.000000000000000000e+00 9.019533300408802412e-02 7.628415512954482836e-01 8.805433914891305225e-01 1.000000000000000000e+00
9.731769249140612699e-01 1.193679377912619660e-01 -1.966655963492582593e-01 0.000000000000000000e+00 2.288316104703183862e-01 -5.903569933677796922e-01 7.740249716367894051e-01 0.000000000000000000e+00 -2.370914192353963321e-02 -7.982666509970983704e-01 -6.018372252979823367e-01 0.000000000000000000e+00 8.932160584085424571e-02 7.615143587302588557e-01 8.822472943556030067e-01 1.000000000000000000e+00
9.716695012952555333e-01 1.226661103872427466e-01 -2.020167467585136101e-01 0.000000000000000000e+00 2.350588249668272844e-01 -5.905376665122685775e-01 7.720184011032992233e-01 0.000000000000000000e+00 -2.459799783028426140e-02 -7.976326806781824930e-01 -6.026415081140655827e-01 0.000000000000000000e+00 8.843398105506912465e-02 7.601699482003447805e-01 8.839774442527721376e-01 1.000000000000000000e+00
9.701574523059171007e-01 1.258773422257417063e-01 -2.072408411440318232e-01 0.000000000000000000e+00 2.411306470400668145e-01 -5.907104824701693291e-01 7.700109283708160834e-01 0.000000000000000000e+00 -2.549242441738058459e-02 -7.970041936398211124e-01 -6.034354092936365932e-01 0.000000000000000000e+00 8.753204205464157339e-02 7.588090922471825150e-01 8.857329328932439516e-01 1.000000000000000000e+00
9.686438735596055727e-01 1.290006720599429502e-01 -2.123380246285998529e-01 0.000000000000000000e+00 2.470466103277513537e-01 -5.908767648986955612e-01 7.680055523119885263e-01 0.000000000000000000e+00 -2.639235448055058525e-02 -7.963813546628545348e-01 -6.042185285420602625e-01 0.000000000000000000e+00 8.661502501037250668e-02 7.574323868702343976e-01 8.875127878668989112e-01 1.000000000000000000e+00
9.671318723670655482e-01 1.320341647175005961e-01 -2.173068963736791148e-01 0.000000000000000000e+00 2.528045055918399231e-01 -5.910382832035196987e-01 7.660048564472256016e-01 0.000000000000000000e+00 -2.729787815223351163e-02 -7.957640090282338541e-01 -6.049910340218781490e-01 0.000000000000000000e+00 8.568278847371757490e-02 7.560404882882493238e-01 8.893164403261898387e-01 1.000000000000000000e+00
9.656248526034340030e-01 1.349766838183033557e-01 -2.221473908515853024e-01 0.000000000000000000e+00 2.584035410289087231e-01 -5.911966096842743434e-01 7.640118851010361256e-01 0.000000000000000000e+00 -2.820898603934444276e-02 -7.951524853348649335e-01 -6.057528378949749159e-01 0.000000000000000000e+00 8.473391631726706619e-02 7.546342995202894866e-01 8.911431114433681078e-01 1.000000000000000000e+00
9.641259507014728891e-01 1.378261627110159426e-01 -2.268579493083267007e-01 0.000000000000000000e+00 2.638413466970902510e-01 -5.913534674474532071e-01 7.620293096736375782e-01 0.000000000000000000e+00 -2.912564091150991047e-02 -7.945469745551098084e-01 -6.065036397992411565e-01 0.000000000000000000e+00 8.376805321347975675e-02 7.532145444208039331e-01 8.929916111368454423e-01 1.000000000000000000e+00
9.626383142593558651e-01 1.405814984479029917e-01 -2.314385259091972513e-01 0.000000000000000000e+00 2.691171444258617651e-01 -5.915103902711660311e-01 7.600600481360887395e-01 0.000000000000000000e+00 -3.004790679074377524e-02 -7.939471289814132859e-01 -6.072436851729224871e-01 0.000000000000000000e+00 8.278418602564098505e-02 7.517816989963298502e-01 8.948616837813093694e-01 1.000000000000000000e+00
9.611648863259030229e-01 1.432412814301322890e-01 -2.358886674668421723e-01 0.000000000000000000e+00 2.742298422311731931e-01 -5.916687534713327423e-01 7.581068179243596328e-01 0.000000000000000000e+00 -3.097575930980916992e-02 -7.933535115674492655e-01 -6.079725231562553844e-01 0.000000000000000000e+00 8.178199288905274589e-02 7.503370019572875860e-01 8.967520328085419878e-01 1.000000000000000000e+00
9.597090632121637599e-01 1.458034185441659802e-01 -2.402069108117896590e-01 0.000000000000000000e+00 2.791769699997121990e-01 -5.918303330912663140e-01 7.561725299381391041e-01 0.000000000000000000e+00 -3.190917914404998307e-02 -7.927659616041298207e-01 -6.086900776494202914e-01 0.000000000000000000e+00 8.076023707518201200e-02 7.488810297376059522e-01 8.986615328206313258e-01 1.000000000000000000e+00
9.582736936264847349e-01 1.482668127872741881e-01 -2.443931332112921351e-01 0.000000000000000000e+00 2.839577615816468725e-01 -5.919967409541515568e-01 7.542597488054456623e-01 0.000000000000000000e+00 -3.284823262560789686e-02 -7.921847378919405491e-01 -6.093965596984100008e-01 0.000000000000000000e+00 7.971763261226032238e-02 7.474146563484295180e-01 9.005902290133964705e-01 1.000000000000000000e+00
9.568617032827564373e-01 1.506299467177964480e-01 -2.484467829521434246e-01 0.000000000000000000e+00 2.885709529348108870e-01 -5.921691703948703811e-01 7.523711529232148809e-01 0.000000000000000000e+00 -3.379289826694938104e-02 -7.916097322229810329e-01 -6.100916727790794969e-01 0.000000000000000000e+00 7.865364511857808605e-02 7.459386861646000177e-01 9.025366850563415477e-01 1.000000000000000000e+00
9.554759453955610216e-01 1.528915886764277976e-01 -2.523675656374774201e-01 0.000000000000000000e+00 2.930155212788522201e-01 -5.923492296883678954e-01 7.505093617362837977e-01 0.000000000000000000e+00 -3.474315011428174421e-02 -7.910412774224363508e-01 -6.107753220425141683e-01 0.000000000000000000e+00 7.756742029626131907e-02 7.444542810905060426e-01 9.044997671366736824e-01 1.000000000000000000e+00
9.541194671430556218e-01 1.550498907963841766e-01 -2.561543845283368870e-01 0.000000000000000000e+00 2.972895799577054410e-01 -5.925384292957439625e-01 7.486768518354910418e-01 0.000000000000000000e+00 -3.569905567368409499e-02 -7.904793055091768883e-01 -6.114473779143640986e-01 0.000000000000000000e+00 7.647902644612236678e-02 7.429342793177435844e-01 9.065096017196714318e-01 1.000000000000000000e+00
9.527950292498819085e-01 1.571035858385390893e-01 -2.598070361274020246e-01 0.000000000000000000e+00 3.013921052046378835e-01 -5.927380712416522313e-01 7.468763683077405124e-01 0.000000000000000000e+00 -3.666056004039261462e-02 -7.899238893068987188e-01 -6.121078759981292139e-01 0.000000000000000000e+00 7.545522876370461263e-02 7.412935911157176871e-01 9.086587357000502907e-01 1.000000000000000000e+00
9.515053454264806865e-01 1.590509396841894574e-01 -2.633245989871232928e-01 0.000000000000000000e+00 3.053213864380018849e-01 -5.929495782153336725e-01 7.451103838913926136e-01 0.000000000000000000e+00 -3.762768951531517136e-02 -7.893752730192483691e-01 -6.127566175440696261e-01 0.000000000000000000e+00 7.440721585966156293e-02 7.396473333018771523e-01 9.108210439469088815e-01 1.000000000000000000e+00
9.502532141190380699e-01 1.608906581853031814e-01 -2.667068267286394900e-01 0.000000000000000000e+00 3.090765061556282611e-01 -5.931742065773168981e-01 7.433813536312096071e-01 0.000000000000000000e+00 -3.860047288605258226e-02 -7.888335043359864240e-01 -6.133934847408307744e-01 0.000000000000000000e+00 7.333376516321789274e-02 7.379963832605226370e-01 9.129955049230695785e-01 1.000000000000000000e+00
9.490411714782024388e-01 1.626213945161887886e-01 -2.699531916247250862e-01 0.000000000000000000e+00 3.126561958276835584e-01 -5.934134415823211217e-01 7.416916095004653098e-01 0.000000000000000000e+00 -3.957890537161289080e-02 -7.882985609348248657e-01 -6.140184444616685333e-01 0.000000000000000000e+00 7.223376631009473248e-02 7.363416359507036768e-01 9.151811464698472731e-01 1.000000000000000000e+00
9.478717949689844380e-01 1.642412456714619218e-01 -2.730628071667797752e-01 0.000000000000000000e+00 3.160586411015323116e-01 -5.936682438985142474e-01 7.400437974297824351e-01 0.000000000000000000e+00 -4.056299704331089995e-02 -7.877706010758013244e-01 -6.146315181679915529e-01 0.000000000000000000e+00 7.110584099602934582e-02 7.346844447993294835e-01 9.173770448263733890e-01 1.000000000000000000e+00
9.467243600210933918e-01 1.657932052770716147e-01 -2.760890259456140750e-01 0.000000000000000000e+00 3.193522396302991284e-01 -5.939296307203509873e-01 7.384182935918698343e-01 0.000000000000000000e+00 -4.155272035617996879e-02 -7.872482407091369039e-01 -6.152342940196848797e-01 0.000000000000000000e+00 6.996832707044770006e-02 7.330237172434344028e-01 9.195822443291395976e-01 1.000000000000000000e+00
9.455763831534818031e-01 1.673208601144859919e-01 -2.790852592457252479e-01 0.000000000000000000e+00 3.226057572155774933e-01 -5.941878424963870087e-01 7.367944554297904958e-01 0.000000000000000000e+00 -4.254800191382865360e-02 -7.867300757393176358e-01 -6.158289549481898995e-01 0.000000000000000000e+00 6.884116920834713882e-02 7.313583279910378376e-01 9.217963147360974663e-01 1.000000000000000000e+00
9.444282071375703635e-01 1.688243544518661654e-01 -2.820517814285060654e-01 0.000000000000000000e+00 3.258194240159444366e-01 -5.944431771524258945e-01 7.351727118663919924e-01 0.000000000000000000e+00 -4.354867043065744486e-02 -7.862158641651282309e-01 -6.164154366195010448e-01 0.000000000000000000e+00 6.772342449950280452e-02 7.296881049997261393e-01 9.240191382660595254e-01 1.000000000000000000e+00
9.432802439772227654e-01 1.703037487422685292e-01 -2.849887508452724205e-01 0.000000000000000000e+00 3.289935837737833491e-01 -5.946957102469043743e-01 7.335531148524812028e-01 0.000000000000000000e+00 -4.455473145735450169e-02 -7.857056494836794913e-01 -6.169937212549018168e-01 0.000000000000000000e+00 6.661516571375346307e-02 7.280132877649472256e-01 9.262504649386914535e-01 1.000000000000000000e+00
9.421325558838927750e-01 1.717592056414575241e-01 -2.878965331658157045e-01 0.000000000000000000e+00 3.321284727977956153e-01 -5.949455280787220302e-01 7.319360246855282082e-01 0.000000000000000000e+00 -4.556601378371399891e-02 -7.851995059217480311e-01 -6.175640031170653854e-01 0.000000000000000000e+00 6.551632551988846587e-02 7.263342684602009935e-01 9.284902191740668220e-01 1.000000000000000000e+00
9.409856541649785910e-01 1.731908992435367001e-01 -2.907753564122730339e-01 0.000000000000000000e+00 3.352244504791481727e-01 -5.951930139927928964e-01 7.303216546380096874e-01 0.000000000000000000e+00 -4.658242301946140251e-02 -7.846972776909394431e-01 -6.181262098277970907e-01 0.000000000000000000e+00 6.442698602005363095e-02 7.246510270737935855e-01 9.307380514777355840e-01 1.000000000000000000e+00
9.398397950437467063e-01 1.745989056212318147e-01 -2.936254063548739413e-01 0.000000000000000000e+00 3.382816761506509118e-01 -5.954382732966375658e-01 7.287102638450454473e-01 0.000000000000000000e+00 -4.760378080303771103e-02 -7.841990453904932323e-01 -6.186804102045261322e-01 0.000000000000000000e+00 6.334674997099101756e-02 7.229639357192920723e-01 9.329935675217124746e-01 1.000000000000000000e+00
9.386950857051306052e-01 1.759834558863736520e-01 -2.964469781590620689e-01 0.000000000000000000e+00 3.413004786975442073e-01 -5.956815680163539684e-01 7.271019569052978859e-01 0.000000000000000000e+00 -4.863010525499652376e-02 -7.837047027713847092e-01 -6.192268648623895366e-01 0.000000000000000000e+00 6.227516759978887761e-02 7.212729552713317283e-01 9.352573457676336410e-01 1.000000000000000000e+00
9.375519986339867495e-01 1.773445386521812217e-01 -2.992403458150459383e-01 0.000000000000000000e+00 3.442812911351341154e-01 -5.959228282539384969e-01 7.254972725575768999e-01 0.000000000000000000e+00 -4.966118920848502233e-02 -7.832142125039548430e-01 -6.197652490368900091e-01 0.000000000000000000e+00 6.121229149666809755e-02 7.195783738747640879e-01 9.375286006890056756e-01 1.000000000000000000e+00
9.364105867653057524e-01 1.786824135496147548e-01 -3.020057344699261792e-01 0.000000000000000000e+00 3.472241748945029127e-01 -5.961624136660216289e-01 7.238961792580043131e-01 0.000000000000000000e+00 -5.069692901167217880e-02 -7.827277305782613936e-01 -6.202958786004967306e-01 0.000000000000000000e+00 6.015881066113510506e-02 7.178798956856682345e-01 9.398081057762549539e-01 1.000000000000000000e+00
9.352711166396000531e-01 1.799971652306023018e-01 -3.047433526692144290e-01 0.000000000000000000e+00 3.501294488961319562e-01 -5.964004352032364897e-01 7.222989413726643715e-01 0.000000000000000000e+00 -5.173731476005630908e-02 -7.822449753883734536e-01 -6.208187844810284517e-01 0.000000000000000000e+00 5.924858455927487638e-02 7.160382526248636470e-01 9.422370220051518031e-01 1.000000000000000000e+00
9.341339724314776660e-01 1.812888934431994281e-01 -3.074533685669972871e-01 0.000000000000000000e+00 3.529974699924657289e-01 -5.966370292906216788e-01 7.207057683772312151e-01 0.000000000000000000e+00 -5.278211186065592114e-02 -7.817661228880437019e-01 -6.213337270953877001e-01 0.000000000000000000e+00 5.834801051786089182e-02 7.141937555562629658e-01 9.446714349948301948e-01 1.000000000000000000e+00
9.329992443718010398e-01 1.825578691331154468e-01 -3.101362005776126529e-01 0.000000000000000000e+00 3.558285340426496912e-01 -5.968724198551662585e-01 7.191169152602541192e-01 0.000000000000000000e+00 -5.383126766352484133e-02 -7.812910301364250909e-01 -6.218410599519638149e-01 0.000000000000000000e+00 5.745645150920508648e-02 7.123463728990037103e-01 9.471120426858399277e-01 1.000000000000000000e+00
9.318673342065307841e-01 1.838040874838131888e-01 -3.127919344950540470e-01 0.000000000000000000e+00 3.586228212438205554e-01 -5.971066985298735252e-01 7.175326124839249697e-01 0.000000000000000000e+00 -5.488470663687598089e-02 -7.808197223884167926e-01 -6.223407786944112896e-01 0.000000000000000000e+00 5.657366802155620877e-02 7.104962653940162243e-01 9.495585588016068890e-01 1.000000000000000000e+00
9.307383572321220599e-01 1.850277829932900631e-01 -3.154209360273864671e-01 0.000000000000000000e+00 3.613806940846541749e-01 -5.973399373247759714e-01 7.159530970149088347e-01 0.000000000000000000e+00 -5.594231215277876285e-02 -7.803520626695736873e-01 -6.228328774572382542e-01 0.000000000000000000e+00 5.569965145617523233e-02 7.086435957578310907e-01 9.520106410583544232e-01 1.000000000000000000e+00
9.296125060702834508e-01 1.862290552714668257e-01 -3.180233093022707958e-01 0.000000000000000000e+00 3.641024011030197793e-01 -5.975724209764919914e-01 7.143784727011535107e-01 0.000000000000000000e+00 -5.700390233649483412e-02 -7.798882461358501716e-01 -6.233174616030947579e-01 0.000000000000000000e+00 5.483429791938459336e-02 7.067887475711991385e-01 9.544681526326760368e-01 1.000000000000000000e+00
9.284900726833786866e-01 1.874081014655702981e-01 -3.205993771278948246e-01 0.000000000000000000e+00 3.667882797316812660e-01 -5.978041164325945678e-01 7.128088517620922993e-01 0.000000000000000000e+00 -5.806950201028610037e-02 -7.794281489849159694e-01 -6.237944967763634496e-01 0.000000000000000000e+00 5.397713474447143195e-02 7.049317287196763537e-01 9.569309882842421677e-01 1.000000000000000000e+00
9.273711663346612122e-01 1.885650452699750568e-01 -3.231493630475803513e-01 0.000000000000000000e+00 3.694385414132076995e-01 -5.980352028644381202e-01 7.112446207410606513e-01 0.000000000000000000e+00 -5.913880605749530228e-02 -7.789715939366724795e-01 -6.242640456264660909e-01 0.000000000000000000e+00 5.312836789535479304e-02 7.030725566508010393e-01 9.593987784994242318e-01 1.000000000000000000e+00
9.262560352827776677e-01 1.897000553921971699e-01 -3.256734282179444273e-01 0.000000000000000000e+00 3.720534130115731863e-01 -5.982659915866367362e-01 7.096858035452063840e-01 0.000000000000000000e+00 -6.021185986155436903e-02 -7.785188370164211058e-01 -6.247262648998137546e-01 0.000000000000000000e+00 5.228723447713671396e-02 7.012117416809083847e-01 9.618718054024056885e-01 1.000000000000000000e+00
9.251448947820551938e-01 1.908132370305349601e-01 -3.281718312556681227e-01 0.000000000000000000e+00 3.746333177181229712e-01 -5.984963893153365522e-01 7.081326488438564049e-01 0.000000000000000000e+00 -6.128857959449701687e-02 -7.780694707052951964e-01 -6.251810526519547828e-01 0.000000000000000000e+00 5.145370986173367772e-02 6.993488824468195864e-01 9.643498177128072557e-01 1.000000000000000000e+00
9.240378976607598327e-01 1.919047595771560533e-01 -3.306448738274150312e-01 0.000000000000000000e+00 3.771784406285479396e-01 -5.987265136025220480e-01 7.065854124462347396e-01 0.000000000000000000e+00 -6.236874100503816271e-02 -7.776239234317401383e-01 -6.256285291289630512e-01 0.000000000000000000e+00 5.062763106840717509e-02 6.974847390002157921e-01 9.668326773518167716e-01 1.000000000000000000e+00
9.229352628646784185e-01 1.929747826820270851e-01 -3.330926983277104902e-01 0.000000000000000000e+00 3.796890154607710510e-01 -5.989564947113285021e-01 7.050441375103355668e-01 0.000000000000000000e+00 -6.345228212930958955e-02 -7.771817557599235426e-01 -6.260686886427280218e-01 0.000000000000000000e+00 4.980877623355763062e-02 6.956191388816785892e-01 9.693199597166752834e-01 1.000000000000000000e+00
9.218371353094064746e-01 1.940234672259312232e-01 -3.355155139810194753e-01 0.000000000000000000e+00 3.821654079148759098e-01 -5.991865214299844089e-01 7.035089579880593469e-01 0.000000000000000000e+00 -6.453909869146144673e-02 -7.767432810318313230e-01 -6.265017379345226844e-01 0.000000000000000000e+00 4.899716044743063215e-02 6.937525235787764810e-01 9.718117871549404319e-01 1.000000000000000000e+00
9.207437154226414400e-01 1.950510155015285629e-01 -3.379135941051105152e-01 0.000000000000000000e+00 3.846079537977762919e-01 -5.994167651467974256e-01 7.019801501526690135e-01 0.000000000000000000e+00 -6.562913772969752868e-02 -7.763081901446151623e-01 -6.269275526764602757e-01 0.000000000000000000e+00 4.819199196123784973e-02 6.918844248241794448e-01 9.743080863734115971e-01 1.000000000000000000e+00
9.196551491114234311e-01 1.960574375404071090e-01 -3.402872082279219668e-01 0.000000000000000000e+00 3.870167745960140793e-01 -5.996469843220298968e-01 7.004579444508023389e-01 0.000000000000000000e+00 -6.672219154660116724e-02 -7.758767171374958416e-01 -6.273462444263309123e-01 0.000000000000000000e+00 4.739353793204689053e-02 6.900157296034236110e-01 9.768087590650869068e-01 1.000000000000000000e+00
9.185716303722737397e-01 1.970430728771492557e-01 -3.426365088225572508e-01 0.000000000000000000e+00 3.893923168648475430e-01 -5.998776238197666144e-01 6.989422921780409359e-01 0.000000000000000000e+00 -6.781819105054137653e-02 -7.754486836122727045e-01 -6.277578100293195185e-01 0.000000000000000000e+00 4.668775185127404387e-02 6.880709755623182211e-01 9.793838008824472530e-01 1.000000000000000000e+00
9.174932113104117271e-01 1.980078613149262590e-01 -3.449616572944578796e-01 0.000000000000000000e+00 3.917345789875339435e-01 -6.001085409140222149e-01 6.974335986768362972e-01 0.000000000000000000e+00 -6.891706497708219303e-02 -7.750240177560261401e-01 -6.281623858629019619e-01 0.000000000000000000e+00 4.606061207307923094e-02 6.860630249767678546e-01 9.820203033463328346e-01 1.000000000000000000e+00
9.164201722330912459e-01 1.989521912879224641e-01 -3.472628975031020193e-01 0.000000000000000000e+00 3.940441986956064180e-01 -6.003400517869388331e-01 6.959315915805037722e-01 0.000000000000000000e+00 -7.001870286777582553e-02 -7.746028069498638313e-01 -6.285599826346145447e-01 0.000000000000000000e+00 4.544066363376855766e-02 6.840548834201535255e-01 9.846594605944818390e-01 1.000000000000000000e+00
9.153526927159277848e-01 1.998761370242459201e-01 -3.495405217120332586e-01 0.000000000000000000e+00 3.963212109360577662e-01 -6.005721000653835295e-01 6.944367847634177471e-01 0.000000000000000000e+00 -7.112292456535683483e-02 -7.741849970084538901e-01 -6.289505976821133659e-01 0.000000000000000000e+00 4.482690501078606671e-02 6.820463686785780411e-01 9.873015330789491895e-01 1.000000000000000000e+00
9.142907544520463281e-01 2.007797488258302177e-01 -3.517947395469837035e-01 0.000000000000000000e+00 3.985660487398925422e-01 -6.008046766168080310e-01 6.929493786459508531e-01 0.000000000000000000e+00 -7.222972351245950107e-02 -7.737705338999769644e-01 -6.293344382325681829e-01 0.000000000000000000e+00 4.421935214224854971e-02 6.800375544498441505e-01 9.899465215169181986e-01 1.000000000000000000e+00
9.132344955638206363e-01 2.016633240600065602e-01 -3.540255837095152014e-01 0.000000000000000000e+00 4.007786919251485336e-01 -6.010380570658009347e-01 6.914691297448126717e-01 0.000000000000000000e+00 -7.333887683552467451e-02 -7.733594505180346745e-01 -6.297113332322433754e-01 0.000000000000000000e+00 4.361786214318442295e-02 6.780288952067169417e-01 9.925938685716836352e-01 1.000000000000000000e+00
9.121842847323442527e-01 2.025269811648319207e-01 -3.562334901177464652e-01 0.000000000000000000e+00 4.029598019948731347e-01 -6.012721560424570955e-01 6.899965108394623403e-01 0.000000000000000000e+00 -7.445035121590543037e-02 -7.729516839512736714e-01 -6.300814677766287675e-01 0.000000000000000000e+00 4.302200394732959288e-02 6.760202870578800871e-01 9.952439350719293198e-01 1.000000000000000000e+00
9.111398461294029083e-01 2.033709344517995454e-01 -3.584184950509464174e-01 0.000000000000000000e+00 4.051093242785336890e-01 -6.015071783582212062e-01 6.885313544007699571e-01 0.000000000000000000e+00 -7.556402998944529437e-02 -7.725471732446175244e-01 -6.304448145556444949e-01 0.000000000000000000e+00 4.243193233768129818e-02 6.740119427431007226e-01 9.978959749978102423e-01 1.000000000000000000e+00
9.101018154271771632e-01 2.041952161765894780e-01 -3.605809003095923893e-01 0.000000000000000000e+00 4.072277090967704183e-01 -6.017429969267529266e-01 6.870740012781939576e-01 0.000000000000000000e+00 -7.667977974833226074e-02 -7.721459935242841466e-01 -6.308015504112474137e-01 0.000000000000000000e+00 4.184683765518416865e-02 6.720039713464601716e-01 1.000550834916619003e+00 1.000000000000000000e+00
9.090698486547583723e-01 2.050000462894452091e-01 -3.627208708896958456e-01 0.000000000000000000e+00 4.093152032653038508e-01 -6.019798114245167309e-01 6.856246858618831874e-01 0.000000000000000000e+00 -7.779753994479135515e-02 -7.717480124427748001e-01 -6.311516201035262119e-01 0.000000000000000000e+00 4.126693624346700062e-02 6.699965168801784721e-01 1.003207876128017206e+00 1.000000000000000000e+00
9.080443833907007045e-01 2.057856938507422462e-01 -3.648386447758514839e-01 0.000000000000000000e+00 4.113721115234842962e-01 -6.022177617369457447e-01 6.841831907877713448e-01 0.000000000000000000e+00 -7.891717630794678473e-02 -7.713532222992669496e-01 -6.314951253160981937e-01 0.000000000000000000e+00 4.069161931594479642e-02 6.679895285930403936e-01 1.005867016476663878e+00 1.000000000000000000e+00
9.070253721355004961e-01 2.065521587088321176e-01 -3.669343404556221211e-01 0.000000000000000000e+00 4.133985822595341308e-01 -6.024566510758752047e-01 6.827498859916921736e-01 0.000000000000000000e+00 -8.003854925364742301e-02 -7.709616952243167898e-01 -6.318320505801547915e-01 0.000000000000000000e+00 4.012090938381025762e-02 6.659835606166006894e-01 1.008528246349370550e+00 1.000000000000000000e+00
9.060128012425131550e-01 2.072997343944848192e-01 -3.690082468892979528e-01 0.000000000000000000e+00 4.153949731426496150e-01 -6.026967432141963066e-01 6.813247946641517450e-01 0.000000000000000000e+00 -8.116161492340225048e-02 -7.705732848486971376e-01 -6.321625074816680234e-01 0.000000000000000000e+00 3.955440214925122488e-02 6.639783119382741683e-01 1.011191636872023958e+00 1.000000000000000000e+00
9.050070842441263474e-01 2.080285139588129717e-01 -3.710604876643719963e-01 0.000000000000000000e+00 4.173615555535403199e-01 -6.029380180456203053e-01 6.799080446257291799e-01 0.000000000000000000e+00 -8.228617499947446512e-02 -7.701880589509004782e-01 -6.324864724764071022e-01 0.000000000000000000e+00 3.899214160848903793e-02 6.619741859478087687e-01 1.013856603260736122e+00 1.000000000000000000e+00
9.040081078440620477e-01 2.087386997562169777e-01 -3.730912925018524673e-01 0.000000000000000000e+00 4.192985674676109054e-01 -6.031804816034731509e-01 6.784996354467262014e-01 0.000000000000000000e+00 -8.341224900451579827e-02 -7.698058962937477379e-01 -6.328041294772430714e-01 0.000000000000000000e+00 3.843342450496778362e-02 6.599710631132071903e-01 1.016523824207650195e+00 1.000000000000000000e+00
9.030159111637422464e-01 2.094304268660460155e-01 -3.751008275807528047e-01 0.000000000000000000e+00 4.212062884856972445e-01 -6.034242347503238069e-01 6.770998224164842538e-01 0.000000000000000000e+00 -8.453961775210223906e-02 -7.694268823151002579e-01 -6.331154342601256202e-01 0.000000000000000000e+00 3.787834762438649361e-02 6.579693176382118702e-01 1.019192744246789850e+00 1.000000000000000000e+00
9.020307960788006563e-01 2.101039722987893543e-01 -3.770893287381240633e-01 0.000000000000000000e+00 4.230850041777886594e-01 -6.036694338400226956e-01 6.757086844456255958e-01 0.000000000000000000e+00 -8.566818477894501405e-02 -7.690509011720653154e-01 -6.334204671523498975e-01 0.000000000000000000e+00 3.747774519964253148e-02 6.558555216439114766e-01 1.021958346269471241e+00 1.000000000000000000e+00
9.010525969732715579e-01 2.107593784828196426e-01 -3.790570033512927206e-01 0.000000000000000000e+00 4.249350111920190409e-01 -6.039157931476482055e-01 6.743262115785993993e-01 0.000000000000000000e+00 -8.679791735363581728e-02 -7.686779978302032967e-01 -6.337191778594070124e-01 0.000000000000000000e+00 3.710832408647134900e-02 6.537228495395543959e-01 1.024741770068946289e+00 1.000000000000000000e+00
9.000816501336491582e-01 2.113968247726034089e-01 -3.810039356352123430e-01 0.000000000000000000e+00 4.267564570984884176e-01 -6.041636245142343320e-01 6.729525893332288788e-01 0.000000000000000000e+00 -8.792864484016103821e-02 -7.683081908653299763e-01 -6.340117723925906557e-01 0.000000000000000000e+00 3.674252103053239626e-02 6.515918972198134762e-01 1.027525591745032774e+00 1.000000000000000000e+00
8.991178867868386826e-01 2.120165032847700359e-01 -3.829303169621187108e-01 0.000000000000000000e+00 4.285497024726183102e-01 -6.044127834951910083e-01 6.715878143580101822e-01 0.000000000000000000e+00 -8.906028613444007258e-02 -7.679412896857908954e-01 -6.342981918399975827e-01 0.000000000000000000e+00 3.637980820807681231e-02 6.494625967181103521e-01 1.030310070015814983e+00 1.000000000000000000e+00
8.981613109306115783e-01 2.126186337750936572e-01 -3.848364269532690285e-01 0.000000000000000000e+00 4.303149575053523690e-01 -6.046634159749335602e-01 6.702319968256008620e-01 0.000000000000000000e+00 -9.019272427031006789e-02 -7.675774541379822846e-01 -6.345785016582561333e-01 0.000000000000000000e+00 3.601985187006322142e-02 6.473351118364971679e-01 1.033095150302539622e+00 1.000000000000000000e+00
8.972121127884403746e-01 2.132033247975936019e-01 -3.867223989771386150e-01 0.000000000000000000e+00 4.320525671495014097e-01 -6.049155327915960445e-01 6.688853463984292258e-01 0.000000000000000000e+00 -9.132581216404211943e-02 -7.672165058913911206e-01 -6.348529046407428433e-01 0.000000000000000000e+00 3.566264354990302671e-02 6.452094968447668055e-01 1.035880813957594571e+00 1.000000000000000000e+00
8.962703657078875397e-01 2.137707264597682733e-01 -3.885883499331645452e-01 0.000000000000000000e+00 4.337626260302789305e-01 -6.051691420396319021e-01 6.675478360039530656e-01 0.000000000000000000e+00 -9.245946679881367203e-02 -7.668585882750765803e-01 -6.351212251033730993e-01 0.000000000000000000e+00 3.530763290203729754e-02 6.430860344160941322e-01 1.038666769364554820e+00 1.000000000000000000e+00
8.953361406253009802e-01 2.143210813242976409e-01 -3.904346283430684683e-01 0.000000000000000000e+00 4.354456460027799070e-01 -6.054241605046999375e-01 6.662195694652381928e-01 0.000000000000000000e+00 -9.359363341045665030e-02 -7.665035319262062385e-01 -6.353835661529704248e-01 0.000000000000000000e+00 3.495509204422858618e-02 6.409646762478463655e-01 1.041452832740241918e+00 1.000000000000000000e+00
8.944094262904138670e-01 2.148546268381885671e-01 -3.922612505273513905e-01 0.000000000000000000e+00 4.371016871189333242e-01 -6.056808585135149414e-01 6.649004544593303256e-01 0.000000000000000000e+00 -9.472819972760318508e-02 -7.661514165339396998e-01 -6.356402097001169205e-01 0.000000000000000000e+00 3.460425181495375979e-02 6.388453976000398882e-01 1.044239755458332031e+00 1.000000000000000000e+00
8.934902464793199606e-01 2.153713220519010152e-01 -3.940684739604012332e-01 0.000000000000000000e+00 4.387310161650022078e-01 -6.059389080753516676e-01 6.635909153058802135e-01 0.000000000000000000e+00 -9.586295602107344771e-02 -7.658021039286765363e-01 -6.358909202285791817e-01 0.000000000000000000e+00 3.425498609141082451e-02 6.367286717534665907e-01 1.047026657733907573e+00 1.000000000000000000e+00
8.925787635090308703e-01 2.158714935910172050e-01 -3.958563438385670485e-01 0.000000000000000000e+00 4.403340524769090991e-01 -6.061986340874123691e-01 6.622906808794210010e-01 0.000000000000000000e+00 -9.699787394337489044e-02 -7.654556722196377283e-01 -6.361357910046194775e-01 0.000000000000000000e+00 3.390710117151239655e-02 6.346141343949500691e-01 1.049813945580435615e+00 1.000000000000000000e+00
8.916749566498314294e-01 2.163553212170813145e-01 -3.976251717949707554e-01 0.000000000000000000e+00 4.419109202419001514e-01 -6.064598974615190707e-01 6.609999232205227004e-01 0.000000000000000000e+00 -9.813286650624260254e-02 -7.651120619648994481e-01 -6.363751236910411002e-01 0.000000000000000000e+00 3.356041605077667023e-02 6.325021933730337054e-01 1.052601367828624790e+00 1.000000000000000000e+00
8.907788754377211626e-01 2.168229200327098649e-01 -3.993750872732195756e-01 0.000000000000000000e+00 4.434619292907556187e-01 -6.067227112865635208e-01 6.597188240033264872e-01 0.000000000000000000e+00 -9.926778132822865197e-02 -7.647712771930456066e-01 -6.366086406278740339e-01 0.000000000000000000e+00 3.321477341387436832e-02 6.303930220505369331e-01 1.055388846934343761e+00 1.000000000000000000e+00
8.898905202737474873e-01 2.172744511222690633e-01 -4.011062393153442263e-01 0.000000000000000000e+00 4.449872253144576684e-01 -6.069870690221245146e-01 6.584473395117980132e-01 0.000000000000000000e+00 -1.004024989394651651e-01 -7.644333148345581197e-01 -6.368366156988946036e-01 0.000000000000000000e+00 3.286950293771297854e-02 6.282864306168828294e-01 1.058176812333388561e+00 1.000000000000000000e+00
8.890100575327173349e-01 2.177100767428946926e-01 -4.028188046003209344e-01 0.000000000000000000e+00 4.464872043937088697e-01 -6.072529197926516131e-01 6.571855869896928715e-01 0.000000000000000000e+00 -1.015369461889713137e-01 -7.640981115692339065e-01 -6.370589780729224438e-01 0.000000000000000000e+00 3.252454519784898912e-02 6.261826839327161442e-01 1.060964849108476216e+00 1.000000000000000000e+00
8.881374138557692755e-01 2.181301224347589329e-01 -4.045129220907143774e-01 0.000000000000000000e+00 4.479620692079911426e-01 -6.075204590879007549e-01 6.559334637281101221e-01 0.000000000000000000e+00 -1.026710308617658496e-01 -7.637656089469142540e-01 -6.372759003886133700e-01 0.000000000000000000e+00 3.217996333156455946e-02 6.240816602320341522e-01 1.063752850880079537e+00 1.000000000000000000e+00
8.872726846370285747e-01 2.185346254290082280e-01 -4.061887992421740479e-01 0.000000000000000000e+00 4.494121059344557967e-01 -6.077895257222450942e-01 6.546911820266041460e-01 0.000000000000000000e+00 -1.038045731017734202e-01 -7.634357928745946209e-01 -6.374873718385862809e-01 0.000000000000000000e+00 3.201829995085950925e-02 6.218634386247677837e-01 1.066629402799036175e+00 1.000000000000000000e+00
8.864158203811928205e-01 2.189237475609907280e-01 -4.078465325336138592e-01 0.000000000000000000e+00 4.508374855918391155e-01 -6.080601059226363736e-01 6.534586913030057120e-01 0.000000000000000000e+00 -1.049375574450105431e-01 -7.631087789085568840e-01 -6.376933817668437587e-01 0.000000000000000000e+00 3.186996319987322329e-02 6.196398391437801800e-01 1.069511220769742588e+00 1.000000000000000000e+00
8.855670133189178506e-01 2.192978281722529066e-01 -4.094863781977306494e-01 0.000000000000000000e+00 4.522385807956420534e-01 -6.083323051188700425e-01 6.522360833486100518e-01 0.000000000000000000e+00 -1.060698292890895483e-01 -7.627843626874183380e-01 -6.378942034267931493e-01 0.000000000000000000e+00 3.172150643006380055e-02 6.174192889130918349e-01 1.072392027432820027e+00 1.000000000000000000e+00
8.847261885646751089e-01 2.196567793792622014e-01 -4.111083952270492281e-01 0.000000000000000000e+00 4.536154929347677167e-01 -6.086059153034991676e-01 6.510235276722629028e-01 0.000000000000000000e+00 -1.072012503206789397e-01 -7.624627427485328734e-01 -6.380895652547686758e-01 0.000000000000000000e+00 3.157233061364601856e-02 6.152019755726566563e-01 1.075272209614040575e+00 1.000000000000000000e+00
8.838932099655910646e-01 2.200010954943882879e-01 -4.127127854093616821e-01 0.000000000000000000e+00 4.549686147404355951e-01 -6.088812347806020764e-01 6.498207636538250176e-01 0.000000000000000000e+00 -1.083317630626617623e-01 -7.621436238279222231e-01 -6.382798106663213344e-01 0.000000000000000000e+00 3.142255774738792612e-02 6.129876860443230768e-01 1.078151511457859035e+00 1.000000000000000000e+00
8.830683365455580525e-01 2.203306959999762338e-01 -4.142996630213290898e-01 0.000000000000000000e+00 4.562981035873344138e-01 -6.091580085149939094e-01 6.486280590724675665e-01 0.000000000000000000e+00 -1.094612860377301433e-01 -7.618271487290995125e-01 -6.384648561735150052e-01 0.000000000000000000e+00 3.127198883131974971e-02 6.107767779342627712e-01 1.081029694138105235e+00 1.000000000000000000e+00
8.822515064650623406e-01 2.206458717086963173e-01 -4.158692879621906369e-01 0.000000000000000000e+00 4.576042605900250693e-01 -6.094362046802895838e-01 6.474454438322735372e-01 0.000000000000000000e+00 -1.105895881163520000e-01 -7.615133699161165115e-01 -6.386446679841120133e-01 0.000000000000000000e+00 3.112009098414487626e-02 6.085693812064569830e-01 1.083907081197965638e+00 1.000000000000000000e+00
8.814426862572699584e-01 2.209467230388940384e-01 -4.174216646440082612e-01 0.000000000000000000e+00 4.588873465728843248e-01 -6.097159188605529856e-01 6.462729195820194894e-01 0.000000000000000000e+00 -1.117167092235057252e-01 -7.612022004785455875e-01 -6.388195423552539554e-01 0.000000000000000000e+00 3.096705224782947408e-02 6.063657038170029434e-01 1.086783388316899135e+00 1.000000000000000000e+00
8.806419563289122898e-01 2.212336030204211657e-01 -4.189570712973916256e-01 0.000000000000000000e+00 4.601475720326621000e-01 -6.099971443129943438e-01 6.451104265830409634e-01 0.000000000000000000e+00 -1.128424938273698275e-01 -7.608934683639003715e-01 -6.389894492187265795e-01 0.000000000000000000e+00 3.081227048943967900e-02 6.041651677225399197e-01 1.089658872278642221e+00 1.000000000000000000e+00
8.798493290616441476e-01 2.215065357817770642e-01 -4.204754847509004634e-01 0.000000000000000000e+00 4.613851707768710786e-01 -6.102798582734093591e-01 6.439580827859748835e-01 0.000000000000000000e+00 -1.139667969851348300e-01 -7.605872714826443781e-01 -6.391543497832113951e-01 0.000000000000000000e+00 3.065540278545167766e-02 6.019682253660297855e-01 1.092533540800126657e+00 1.000000000000000000e+00
8.790646756972111397e-01 2.217657191677243900e-01 -4.219772622768178660e-01 0.000000000000000000e+00 4.626004235453569091e-01 -6.105639068620368759e-01 6.428159101777306539e-01 0.000000000000000000e+00 -1.150894933188207209e-01 -7.602838031024071741e-01 -6.393143264486894628e-01 0.000000000000000000e+00 3.049638640515851123e-02 5.997751776240687338e-01 1.095407333755882506e+00 1.000000000000000000e+00
8.782881918678439037e-01 2.220113490717367799e-01 -4.234623991115412101e-01 0.000000000000000000e+00 4.637935356968766465e-01 -6.108493885330853468e-01 6.416839528746418608e-01 0.000000000000000000e+00 -1.162105877997470504e-01 -7.599827244602251897e-01 -6.394694719458012822e-01 0.000000000000000000e+00 3.033516823750333560e-02 5.975858745205246958e-01 1.098279989353189379e+00 1.000000000000000000e+00
8.775197230102570467e-01 2.222436823968197417e-01 -4.249311745394825923e-01 0.000000000000000000e+00 4.649647901849106590e-01 -6.111362571062924909e-01 6.405622717752395001e-01 0.000000000000000000e+00 -1.173298816421423640e-01 -7.596840991626974127e-01 -6.396199266140437656e-01 0.000000000000000000e+00 3.017145765544548483e-02 5.954002374099113259e-01 1.101151737587846569e+00 1.000000000000000000e+00
8.767593080062595634e-01 2.224627785643708000e-01 -4.263834892677332289e-01 0.000000000000000000e+00 4.661144825572036687e-01 -6.114244516463365198e-01 6.394506653888891723e-01 0.000000000000000000e+00 -1.184472617560295288e-01 -7.593879772576194176e-01 -6.397654639491973105e-01 0.000000000000000000e+00 3.000468855562552981e-02 5.932184144142778059e-01 1.104022581387166912e+00 1.000000000000000000e+00
8.760070658016825274e-01 2.226689806331826893e-01 -4.278196890363974436e-01 0.000000000000000000e+00 4.672427735337511545e-01 -6.117140653795996030e-01 6.383492891008041292e-01 0.000000000000000000e+00 -1.195627256117151871e-01 -7.590942608277198023e-01 -6.399065292707748487e-01 0.000000000000000000e+00 2.983500249667968285e-02 5.910404882423774264e-01 1.106892591906895484e+00 1.000000000000000000e+00
8.752628531647328458e-01 2.228622764931379729e-01 -4.292399750653506652e-01 0.000000000000000000e+00 4.683499625245515774e-01 -6.120048554668932050e-01 6.372584168126713688e-01 0.000000000000000000e+00 -1.206760526466448824e-01 -7.588031220762505580e-01 -6.400429642632344818e-01 0.000000000000000000e+00 2.966192686310718807e-02 5.888666548683904045e-01 1.109761929596504437e+00 1.000000000000000000e+00
8.745267003791430405e-01 2.230429999974744559e-01 -4.306441327877513214e-01 0.000000000000000000e+00 4.694362137527296475e-01 -6.122969484863561851e-01 6.361774880518134001e-01 0.000000000000000000e+00 -1.217871858210749919e-01 -7.585142981985221189e-01 -6.401747814786938884e-01 0.000000000000000000e+00 2.966230740185354584e-02 5.865934160565433597e-01 1.112694201127621518e+00 1.000000000000000000e+00
8.737987487240983508e-01 2.232112592863806644e-01 -4.320327570742818479e-01 0.000000000000000000e+00 4.705019088210721234e-01 -6.125902264749613080e-01 6.351070555143881746e-01 0.000000000000000000e+00 -1.228959991248541328e-01 -7.582279653553214427e-01 -6.403021035430649377e-01 0.000000000000000000e+00 2.969319773197770518e-02 5.843046388815492653e-01 1.115637126577225358e+00 1.000000000000000000e+00
8.730786584584935284e-01 2.233672256329255201e-01 -4.334055560576731136e-01 0.000000000000000000e+00 4.715470182241460195e-01 -6.128847762021655265e-01 6.340468377325908511e-01 0.000000000000000000e+00 -1.240023430898286733e-01 -7.579439821433189284e-01 -6.404249845923094542e-01 0.000000000000000000e+00 2.972037494082336792e-02 5.820199506774832443e-01 1.118578103643707911e+00 1.000000000000000000e+00
8.723666132395019313e-01 2.235111738671431425e-01 -4.347629539754515049e-01 0.000000000000000000e+00 4.725721065904870954e-01 -6.131805050705274596e-01 6.329969595280138250e-01 0.000000000000000000e+00 -1.251062416914660580e-01 -7.576623396232389229e-01 -6.405435361452879173e-01 0.000000000000000000e+00 2.974356624060079876e-02 5.797391139675258653e-01 1.121517736217799044e+00 1.000000000000000000e+00
8.716626465495311837e-01 2.236431924610880750e-01 -4.361049734101626330e-01 0.000000000000000000e+00 4.735772107907065820e-01 -6.134772391875409348e-01 6.319573217817845423e-01 0.000000000000000000e+00 -1.262075100955706020e-01 -7.573830765313694924e-01 -6.406577479727681990e-01 0.000000000000000000e+00 2.976250240715576714e-02 5.774625719377621813e-01 1.124455752935134001e+00 1.000000000000000000e+00
8.709668494996997135e-01 2.237634995633609458e-01 -4.374317600647677495e-01 0.000000000000000000e+00 4.745626947302484799e-01 -6.137750504557537568e-01 6.309280740617539962e-01 0.000000000000000000e+00 -1.273060290902113811e-01 -7.571061773727956190e-01 -6.407676685849732490e-01 0.000000000000000000e+00 2.977707667173451131e-02 5.751902192051667750e-01 1.127391943064817603e+00 1.000000000000000000e+00
8.702788927894306026e-01 2.238722874142242691e-01 -4.387433933275941000e-01 0.000000000000000000e+00 4.755287335031897489e-01 -6.140739458605850576e-01 6.299090683639384514e-01 0.000000000000000000e+00 -1.284016709907265796e-01 -7.568315737995279235e-01 -6.408733407857466480e-01 0.000000000000000000e+00 2.978696352804927061e-02 5.729219300162652351e-01 1.130326558966276318e+00 1.000000000000000000e+00
8.695987078722947627e-01 2.239697397071740703e-01 -4.400401143348269262e-01 0.000000000000000000e+00 4.764753964569083955e-01 -6.143738105032856556e-01 6.289004515476188661e-01 0.000000000000000000e+00 -1.294944213135824362e-01 -7.565593679776553282e-01 -6.409749593572985349e-01 0.000000000000000000e+00 2.979229895000182551e-02 5.706582920939068382e-01 1.133259365554253995e+00 1.000000000000000000e+00
8.689266359850835730e-01 2.240560772993221705e-01 -4.413219026175870252e-01 0.000000000000000000e+00 4.774031667625779352e-01 -6.146747253657175447e-01 6.279020701904503010e-01 0.000000000000000000e+00 -1.305841118687420810e-01 -7.562893385988397332e-01 -6.410725319963573865e-01 0.000000000000000000e+00 2.979244345003585412e-02 5.683986128473090815e-01 1.136190796274547443e+00 1.000000000000000000e+00
8.682625144954051466e-01 2.241314801054365424e-01 -4.425889743426964507e-01 0.000000000000000000e+00 4.783122649553585570e-01 -6.149765524339850797e-01 6.269139991042305127e-01 0.000000000000000000e+00 -1.316706252369911345e-01 -7.560215984493157126e-01 -6.411661309622493921e-01 0.000000000000000000e+00 2.978719898870661395e-02 5.661432415424814124e-01 1.139120992531882370e+00 1.000000000000000000e+00
8.676062429130528830e-01 2.241960373742833135e-01 -4.438414080656800653e-01 0.000000000000000000e+00 4.792028145163978459e-01 -6.152791298164485001e-01 6.259361526983442392e-01 0.000000000000000000e+00 -1.327539287527021439e-01 -7.557562377273363552e-01 -6.412555807021569354e-01 0.000000000000000000e+00 2.977648733602433415e-02 5.638923910938745676e-01 1.142049304701853618e+00 1.000000000000000000e+00
8.669578965035745766e-01 2.242500394225142024e-01 -4.450793286564251328e-01 0.000000000000000000e+00 4.800750725777394590e-01 -6.155826237072636875e-01 6.249686292896018402e-01 0.000000000000000000e+00 -1.338338322121422619e-01 -7.554930190274695700e-01 -6.413411618532776082e-01 0.000000000000000000e+00 2.976011759961273706e-02 5.616458430021747938e-01 1.144976068192829821e+00 1.000000000000000000e+00
8.663172678530709492e-01 2.242936545800221226e-01 -4.463028839976287965e-01 0.000000000000000000e+00 4.809293119623858082e-01 -6.158868359288769412e-01 6.240113850185351474e-01 0.000000000000000000e+00 -1.349102719481394819e-01 -7.552321005509238239e-01 -6.414230916028977880e-01 0.000000000000000000e+00 2.973803300477700917e-02 5.594039448267658088e-01 1.147901426164501304e+00 1.000000000000000000e+00
8.656847587625200457e-01 2.243270579938604625e-01 -4.475122504901170584e-01 0.000000000000000000e+00 4.817658679101052277e-01 -6.161918335308587125e-01 6.230644286686641831e-01 0.000000000000000000e+00 -1.359831623891931685e-01 -7.549733401284519640e-01 -6.415010998317051127e-01 0.000000000000000000e+00 2.970964011828439513e-02 5.571662415741769347e-01 1.150825463758845757e+00 1.000000000000000000e+00
8.650596059896695778e-01 2.243504163080921876e-01 -4.487073286232556857e-01 0.000000000000000000e+00 4.825846427152555851e-01 -6.164974326980939834e-01 6.221276360414960127e-01 0.000000000000000000e+00 -1.370523261070986654e-01 -7.547168303156905900e-01 -6.415753282437116622e-01 0.000000000000000000e+00 2.967508010386397596e-02 5.549332835628182359e-01 1.153747910157131740e+00 1.000000000000000000e+00
8.644425012156599086e-01 2.243639809675266328e-01 -4.498884468536523129e-01 0.000000000000000000e+00 4.833861848578491771e-01 -6.168036685660591711e-01 6.212010598111445958e-01 0.000000000000000000e+00 -1.381177156581692989e-01 -7.544625275773801931e-01 -6.416459821620441595e-01 0.000000000000000000e+00 2.963382346190895564e-02 5.527046374017313690e-01 1.156669184888273527e+00 1.000000000000000000e+00
8.638329382461125139e-01 2.243679234681729695e-01 -4.510557036072872505e-01 0.000000000000000000e+00 4.841706562445315942e-01 -6.171104697765782410e-01 6.202846974852631590e-01 0.000000000000000000e+00 -1.391791588864404738e-01 -7.542104589475562282e-01 -6.417129925625550957e-01 0.000000000000000000e+00 2.971912473081717715e-02 5.504110017169784319e-01 1.159623771996317387e+00 1.000000000000000000e+00
8.632312185451231912e-01 2.243624144296946787e-01 -4.522090799639711944e-01 0.000000000000000000e+00 4.849382304066674476e-01 -6.174179719772507902e-01 6.193785669824156681e-01 0.000000000000000000e+00 -1.402366929992477917e-01 -7.539603570580922787e-01 -6.417765725726398696e-01 0.000000000000000000e+00 2.988743097740657190e-02 5.480749570390711645e-01 1.162599590315608777e+00 1.000000000000000000e+00
8.626370569039002456e-01 2.243476472592486615e-01 -4.533487905789392314e-01 0.000000000000000000e+00 4.856891803703496935e-01 -6.177257415613821578e-01 6.184825128536401984e-01 0.000000000000000000e+00 -1.412901347809329688e-01 -7.537125865616172149e-01 -6.418365185509024018e-01 0.000000000000000000e+00 3.004877484030151966e-02 5.457435232466549824e-01 1.165573375300092751e+00 1.000000000000000000e+00
8.620504602158429730e-01 2.243238466684196186e-01 -4.544749145513815036e-01 0.000000000000000000e+00 4.864237016082222365e-01 -6.180340732586009356e-01 6.175966887391264315e-01 0.000000000000000000e+00 -1.423392828322332104e-01 -7.534669340310750085e-01 -6.418931510650645045e-01 0.000000000000000000e+00 3.020276702454398679e-02 5.434163191401711890e-01 1.168545556672219599e+00 1.000000000000000000e+00
8.614715829767688460e-01 2.242911224760963940e-01 -4.555875563217202107e-01 0.000000000000000000e+00 4.871421392994843558e-01 -6.183426910381319974e-01 6.167209221025732324e-01 0.000000000000000000e+00 -1.433842174549780912e-01 -7.532233928009550716e-01 -6.419464649481740892e-01 0.000000000000000000e+00 3.034956191083884591e-02 5.410937943726835675e-01 1.171515641977871391e+00 1.000000000000000000e+00
8.609000066480527735e-01 2.242497778705412892e-01 -4.566868296143946071e-01 0.000000000000000000e+00 4.878444770015516463e-01 -6.186516744984855709e-01 6.158552057254422785e-01 0.000000000000000000e+00 -1.444246559728017687e-01 -7.529819524429259836e-01 -6.419964887162115108e-01 0.000000000000000000e+00 3.048872605391441185e-02 5.387755801729154914e-01 1.174484001368051311e+00 1.000000000000000000e+00
8.603360969270413827e-01 2.241998957620957300e-01 -4.577729392936846220e-01 0.000000000000000000e+00 4.885312389109701114e-01 -6.189609137353477841e-01 6.149997140018453878e-01 0.000000000000000000e+00 -1.454606743172100203e-01 -7.527427486757780617e-01 -6.420432381414300504e-01 0.000000000000000000e+00 3.062022534767809209e-02 5.364621386132840675e-01 1.177450684186438057e+00 1.000000000000000000e+00
8.597794332661234940e-01 2.241417745447720211e-01 -4.588457568421007160e-01 0.000000000000000000e+00 4.892023893448585459e-01 -6.192702975673648469e-01 6.141540137310207426e-01 0.000000000000000000e+00 -1.464919628700120102e-01 -7.525054550652086061e-01 -6.420867596716085535e-01 0.000000000000000000e+00 3.074385529782297163e-02 5.341531939196443313e-01 1.180414932500892133e+00 1.000000000000000000e+00
8.592302743306798885e-01 2.240755689283993879e-01 -4.599055872955548629e-01 0.000000000000000000e+00 4.898583348402823501e-01 -6.195798837013538618e-01 6.133183612904075099e-01 0.000000000000000000e+00 -1.475185553696913565e-01 -7.522703972512327919e-01 -6.421272497491788966e-01 0.000000000000000000e+00 3.085933739946791765e-02 5.318487903029999186e-01 1.183377756867043828e+00 1.000000000000000000e+00
8.586884542808236320e-01 2.240014175888486447e-01 -4.609525075548390749e-01 0.000000000000000000e+00 4.904991866873771866e-01 -6.198894797444470806e-01 6.124927659653461864e-01 0.000000000000000000e+00 -1.485403214707726183e-01 -7.520372885907296023e-01 -6.421647475184339982e-01 0.000000000000000000e+00 3.096642623207773726e-02 5.295488162470083360e-01 1.186339044744233684e+00 1.000000000000000000e+00
8.581539042598481659e-01 2.239195802583052730e-01 -4.619864005902272752e-01 0.000000000000000000e+00 4.911252107067484163e-01 -6.201992826765506672e-01 6.116769919105350395e-01 0.000000000000000000e+00 -1.495571587051656437e-01 -7.518062715656852468e-01 -6.421992403391617588e-01 0.000000000000000000e+00 3.106514817324958211e-02 5.272534153345419528e-01 1.189298434572217067e+00 1.000000000000000000e+00
8.576268066912795529e-01 2.238303163648406036e-01 -4.630077125981563180e-01 0.000000000000000000e+00 4.917368451674444807e-01 -6.205089506957631729e-01 6.108710351585963094e-01 0.000000000000000000e+00 -1.505689760702717261e-01 -7.515772312161900226e-01 -6.422308008942757551e-01 0.000000000000000000e+00 3.115522328565229968e-02 5.249623970083512337e-01 1.192256352905746830e+00 1.000000000000000000e+00
8.571067238536869137e-01 2.237336219836805751e-01 -4.640163091650936211e-01 0.000000000000000000e+00 4.923338820210395039e-01 -6.208184349808725244e-01 6.100750284738217788e-01 0.000000000000000000e+00 -1.515755708751469755e-01 -7.513503524812465972e-01 -6.422594639734062749e-01 0.000000000000000000e+00 3.123650337019862749e-02 5.226763342102477283e-01 1.195212439447690622e+00 1.000000000000000000e+00
8.565938655175704408e-01 2.236299201010537585e-01 -4.650124056654805771e-01 0.000000000000000000e+00 4.929168910291094052e-01 -6.211279789846605448e-01 6.092888079621445740e-01 0.000000000000000000e+00 -1.525769990460163206e-01 -7.511254548552125376e-01 -6.422854137301012845e-01 0.000000000000000000e+00 3.130884174847555629e-02 5.203944438470561318e-01 1.198167350344486737e+00 1.000000000000000000e+00
8.560880080517332402e-01 2.235192029694357818e-01 -4.659960826398530376e-01 0.000000000000000000e+00 4.934859618710583096e-01 -6.214371821430521026e-01 6.085124458715069906e-01 0.000000000000000000e+00 -1.535730513514712015e-01 -7.509026201474250373e-01 -6.423087157939149083e-01 0.000000000000000000e+00 3.137211767516541461e-02 5.181174121410396793e-01 1.201120725114107612e+00 1.000000000000000000e+00
8.555891048367353369e-01 2.234018379533752874e-01 -4.669672738511044807e-01 0.000000000000000000e+00 4.940412722573012116e-01 -6.217461894920645049e-01 6.077455855335475166e-01 0.000000000000000000e+00 -1.545636340829438238e-01 -7.506816742197309766e-01 -6.423292754341290989e-01 0.000000000000000000e+00 3.142597871406815208e-02 5.158445724327131998e-01 1.204072633642307544e+00 1.000000000000000000e+00
8.550975618963750913e-01 2.232779397798712318e-01 -4.679263166221331316e-01 0.000000000000000000e+00 4.945833112520633956e-01 -6.220548634405559385e-01 6.069884832696750276e-01 0.000000000000000000e+00 -1.555487104532069786e-01 -7.504629194674713455e-01 -6.423472005266944729e-01 0.000000000000000000e+00 3.152717047683478713e-02 5.135500850313792220e-01 1.207032697703581681e+00 1.000000000000000000e+00
8.546125905505649323e-01 2.231477448753751980e-01 -4.688732278510877594e-01 0.000000000000000000e+00 4.951119446277206793e-01 -6.223630617119818575e-01 6.062409640016559464e-01 0.000000000000000000e+00 -1.565280725066900691e-01 -7.502459739342340894e-01 -6.423626660087830009e-01 0.000000000000000000e+00 3.179447560955165480e-02 5.111772869680488718e-01 1.210020912794039782e+00 1.000000000000000000e+00
8.541346525311824811e-01 2.230113236567538293e-01 -4.698079202170176161e-01 0.000000000000000000e+00 4.956275394913599586e-01 -6.226709165782798872e-01 6.055031390885763365e-01 0.000000000000000000e+00 -1.575016430556379354e-01 -7.500310623737342919e-01 -6.423756115321240800e-01 0.000000000000000000e+00 3.205172459217882353e-02 5.088087737747012396e-01 1.213007561465087036e+00 1.000000000000000000e+00
8.536636353304359881e-01 2.228690860796036510e-01 -4.707307226339383366e-01 0.000000000000000000e+00 4.961303958375019585e-01 -6.229782560770433797e-01 6.047747563415507566e-01 0.000000000000000000e+00 -1.584693797056915543e-01 -7.498181250516841034e-01 -6.423862063069746275e-01 0.000000000000000000e+00 3.229909196482091960e-02 5.064444941614844042e-01 1.215992340966045360e+00 1.000000000000000000e+00
8.531993029783399018e-01 2.227211594480451307e-01 -4.716417105839570412e-01 0.000000000000000000e+00 4.966207714195855494e-01 -6.232849873031791610e-01 6.040559039612284353e-01 0.000000000000000000e+00 -1.594311337737904233e-01 -7.496071590731324674e-01 -6.423945636123464809e-01 0.000000000000000000e+00 3.253664811169684062e-02 5.040847917739657014e-01 1.218975385638467746e+00 1.000000000000000000e+00
8.527417433956617776e-01 2.225676739912258173e-01 -4.725407523369380969e-01 0.000000000000000000e+00 4.970985697711442497e-01 -6.235912409839202697e-01 6.033464061425659608e-01 0.000000000000000000e+00 -1.603867492183649879e-01 -7.493981838882243229e-01 -6.424005501499600035e-01 0.000000000000000000e+00 3.276367489625404278e-02 5.017292465651209676e-01 1.221956519772358085e+00 1.000000000000000000e+00
8.522909020666209479e-01 2.224088052679146776e-01 -4.734281531670328502e-01 0.000000000000000000e+00 4.975643955112370453e-01 -6.238965418606302604e-01 6.026462527947187287e-01 0.000000000000000000e+00 -1.613363229549849287e-01 -7.491909822352379456e-01 -6.424042523207599276e-01 0.000000000000000000e+00 3.298063980699171560e-02 4.993780213280289426e-01 1.224935799156380511e+00 1.000000000000000000e+00
8.518465181480692205e-01 2.222449164211268979e-01 -4.743039388754173857e-01 0.000000000000000000e+00 4.980183317123658138e-01 -6.242012935588551192e-01 6.019554718814315031e-01 0.000000000000000000e+00 -1.622795461378181980e-01 -7.489859846660180676e-01 -6.424059002502343629e-01 0.000000000000000000e+00 3.318715710569161703e-02 4.970314081306531073e-01 1.227913584368222955e+00 1.000000000000000000e+00
8.514088673227915294e-01 2.220760265048545568e-01 -4.751682329431443641e-01 0.000000000000000000e+00 4.984605193755757280e-01 -6.245051024484673530e-01 6.012739704945807562e-01 0.000000000000000000e+00 -1.632164165248152499e-01 -7.487827569958931395e-01 -6.424054696815585386e-01 0.000000000000000000e+00 3.338290991378144862e-02 4.946888747405118192e-01 1.230889764028851863e+00 1.000000000000000000e+00
8.509777980590749191e-01 2.219025264890095439e-01 -4.760209897141660096e-01 0.000000000000000000e+00 4.988912348830745747e-01 -6.248081005607081240e-01 6.006015197441911813e-01 0.000000000000000000e+00 -1.641467564542926638e-01 -7.485813629821542747e-01 -6.424031455515333278e-01 0.000000000000000000e+00 3.356776495665295124e-02 4.923503520328817440e-01 1.233864712297834343e+00 1.000000000000000000e+00
8.505528100357830912e-01 2.217245095825096934e-01 -4.768624561224167335e-01 0.000000000000000000e+00 4.993107039766834232e-01 -6.251101387364486062e-01 5.999383474411020822e-01 0.000000000000000000e+00 -1.650704734168098597e-01 -7.483819904704822612e-01 -6.423986940147673463e-01 0.000000000000000000e+00 3.374193862368279201e-02 4.900162689490527579e-01 1.236837767091131246e+00 1.000000000000000000e+00
8.501343948206659951e-01 2.215420462858198880e-01 -4.776926484090932012e-01 0.000000000000000000e+00 4.997190764795673701e-01 -6.254110041415700261e-01 5.992842166754948074e-01 0.000000000000000000e+00 -1.659875362614101624e-01 -7.481844361083486161e-01 -6.423924649052868974e-01 0.000000000000000000e+00 3.390496562954097709e-02 4.876863625322373497e-01 1.239809769052786281e+00 1.000000000000000000e+00
8.497221871507555369e-01 2.213556690363955026e-01 -4.785116626618885483e-01 0.000000000000000000e+00 5.001167349731685530e-01 -6.257109528831170664e-01 5.986391183865346077e-01 0.000000000000000000e+00 -1.668978372402570021e-01 -7.479887291233338065e-01 -6.423843960250342766e-01 0.000000000000000000e+00 3.405708084222907467e-02 4.853605419653261865e-01 1.242780019300552929e+00 1.000000000000000000e+00
8.493163387006799070e-01 2.211652485213929653e-01 -4.793195739523009036e-01 0.000000000000000000e+00 5.005036911341014250e-01 -6.260097348462152489e-01 5.980030605151389622e-01 0.000000000000000000e+00 -1.678011938449145424e-01 -7.477950857495351267e-01 -6.423745905984953319e-01 0.000000000000000000e+00 3.419759494225370344e-02 4.830389720679203469e-01 1.245749253687453484e+00 1.000000000000000000e+00
8.489167448365773083e-01 2.209712469529173939e-01 -4.801164120082340170e-01 0.000000000000000000e+00 5.008803293268555556e-01 -6.263073757242509920e-01 5.973756980399363981e-01 0.000000000000000000e+00 -1.686975271367697760e-01 -7.476032383359473288e-01 -6.423631337788894280e-01 0.000000000000000000e+00 3.432673290374863018e-02 4.807215265451955100e-01 1.248717090923853412e+00 1.000000000000000000e+00
8.485231888156377078e-01 2.207737715661381439e-01 -4.809023718892949661e-01 0.000000000000000000e+00 5.012467773793681802e-01 -6.266037487303317555e-01 5.967573240118269062e-01 0.000000000000000000e+00 -1.695867946153090389e-01 -7.474133420760369351e-01 -6.423500452864506771e-01 0.000000000000000000e+00 3.444441126699990946e-02 4.784079806448513494e-01 1.251683920269896610e+00 1.000000000000000000e+00
8.481355630696141290e-01 2.205730413951685898e-01 -4.816774425110144087e-01 0.000000000000000000e+00 5.016032957313417695e-01 -6.268987943224924031e-01 5.961476121990576527e-01 0.000000000000000000e+00 -1.704688426946482926e-01 -7.472251639814492252e-01 -6.423354129018973291e-01 0.000000000000000000e+00 3.455052828042792790e-02 4.760985196663526930e-01 1.254649444101423317e+00 1.000000000000000000e+00
8.477542298987581493e-01 2.203691285832923841e-01 -4.824417448620192950e-01 0.000000000000000000e+00 5.019500729956037910e-01 -6.271923495354962963e-01 5.955466115902394719e-01 0.000000000000000000e+00 -1.713436874603680993e-01 -7.470389342468354288e-01 -6.423193187245510583e-01 0.000000000000000000e+00 3.484024992305296414e-02 4.737106111181142998e-01 1.257630989982327474e+00 1.000000000000000000e+00
8.473784914366366827e-01 2.201623656802158269e-01 -4.831953517023270250e-01 0.000000000000000000e+00 5.022872499506334520e-01 -6.274843821345403860e-01 5.949543659222713554e-01 0.000000000000000000e+00 -1.722109361071756661e-01 -7.468544769604968936e-01 -6.423017683175261672e-01 0.000000000000000000e+00 3.516176394987020198e-02 4.713076789163965219e-01 1.260615428921793901e+00 1.000000000000000000e+00
8.470088253926711941e-01 2.199531111016489460e-01 -4.839383871384281832e-01 0.000000000000000000e+00 5.026152594159932763e-01 -6.277751101360733443e-01 5.943703767557960704e-01 0.000000000000000000e+00 -1.730708091642836899e-01 -7.466720151075939560e-01 -6.422829121238157191e-01 0.000000000000000000e+00 3.547147780925835603e-02 4.689083381361154323e-01 1.263598273992891041e+00 1.000000000000000000e+00
8.466448742964448604e-01 2.197412835311283730e-01 -4.846708238357273490e-01 0.000000000000000000e+00 5.029340790862948385e-01 -6.280641118561770542e-01 5.937950854494812303e-01 0.000000000000000000e+00 -1.739230081601755573e-01 -7.464911536646458012e-01 -6.422628829455722110e-01 0.000000000000000000e+00 3.576897212779833052e-02 4.665127256022195135e-01 1.266579688607843091e+00 1.000000000000000000e+00
8.462868727546563052e-01 2.195272471615360710e-01 -4.853927942942784513e-01 0.000000000000000000e+00 5.032441481810422390e-01 -6.283514499096680694e-01 5.932281312820716357e-01 0.000000000000000000e+00 -1.747675605526587961e-01 -7.463122531598842535e-01 -6.422415181558343011e-01 0.000000000000000000e+00 3.605420389812645510e-02 4.641208902240448464e-01 1.269559786552399983e+00 1.000000000000000000e+00
8.459342071324313928e-01 2.193112240979088468e-01 -4.861044275298160855e-01 0.000000000000000000e+00 5.035454329833760623e-01 -6.286371616583440458e-01 5.926695440796255765e-01 0.000000000000000000e+00 -1.756042257585157806e-01 -7.461353007755801015e-01 -6.422190272769688901e-01 0.000000000000000000e+00 3.632731785205314118e-02 4.617328496828546069e-01 1.272538276793354184e+00 1.000000000000000000e+00
8.455873477841836516e-01 2.190933250737668592e-01 -4.868057077978661384e-01 0.000000000000000000e+00 5.038382769443775500e-01 -6.289210666022140295e-01 5.921192170192796089e-01 0.000000000000000000e+00 -1.764329518333678792e-01 -7.459600830754358203e-01 -6.421953990191167083e-01 0.000000000000000000e+00 3.658779211286682098e-02 4.593482014593651686e-01 1.275515579113580378e+00 1.000000000000000000e+00
8.452459250733685980e-01 2.188738379451510008e-01 -4.874967724995016849e-01 0.000000000000000000e+00 5.041228751114845696e-01 -6.292030349730736161e-01 5.915770814855541015e-01 0.000000000000000000e+00 -1.772536840056498364e-01 -7.457866049290091670e-01 -6.421708687501319623e-01 0.000000000000000000e+00 3.683571549257105837e-02 4.569670292326067917e-01 1.278492021944203305e+00 1.000000000000000000e+00
8.449100838010970005e-01 2.186530533460125658e-01 -4.881777093265108336e-01 0.000000000000000000e+00 5.043995699474908001e-01 -6.294832148639737390e-01 5.910429730955725214e-01 0.000000000000000000e+00 -1.780662651387993900e-01 -7.456148596835624476e-01 -6.421453396668383995e-01 0.000000000000000000e+00 3.707101897773905363e-02 4.545890493362959583e-01 1.281467129047154874e+00 1.000000000000000000e+00
8.445795560510570565e-01 2.184309770457178446e-01 -4.888485407069214639e-01 0.000000000000000000e+00 5.046682755991775959e-01 -6.297613488637561208e-01 5.905170477556949127e-01 0.000000000000000000e+00 -1.788706285485044956e-01 -7.454451095743444000e-01 -6.421190585790128580e-01 0.000000000000000000e+00 3.729364732743171290e-02 4.522148566033585837e-01 1.284441266771865431e+00 1.000000000000000000e+00
8.442544110948086988e-01 2.182080064771434735e-01 -4.895094004437672841e-01 0.000000000000000000e+00 5.049296054824957691e-01 -6.300374337886454068e-01 5.899989567950515434e-01 0.000000000000000000e+00 -1.796667073985874497e-01 -7.452770585582116913e-01 -6.420917847279058455e-01 0.000000000000000000e+00 3.750359367315394404e-02 4.498438589735391790e-01 1.287414326054673763e+00 1.000000000000000000e+00
8.439344671158409694e-01 2.179842187769176209e-01 -4.901602718599725739e-01 0.000000000000000000e+00 5.051834973677873375e-01 -6.303114268195025849e-01 5.894887133288929659e-01 0.000000000000000000e+00 -1.804543414242368027e-01 -7.451108565687962759e-01 -6.420638053732331541e-01 0.000000000000000000e+00 3.770064569699570212e-02 4.474764386826707296e-01 1.290386009042239879e+00 1.000000000000000000e+00
8.436197904377948920e-01 2.177599630257497365e-01 -4.908012582255934508e-01 0.000000000000000000e+00 5.054301713716118361e-01 -6.305833364096460336e-01 5.889862703896412421e-01 0.000000000000000000e+00 -1.812334435629848473e-01 -7.449463390239735583e-01 -6.420352681049875665e-01 0.000000000000000000e+00 3.788471580854256560e-02 4.451119318165402405e-01 1.293357033597947847e+00 1.000000000000000000e+00
8.433102619916237330e-01 2.175352655003072733e-01 -4.914324535024672258e-01 0.000000000000000000e+00 5.056697619700720736e-01 -6.308529703945859879e-01 5.884915900301459502e-01 0.000000000000000000e+00 -1.820038768753187985e-01 -7.447836687239274278e-01 -6.420060131414448978e-01 0.000000000000000000e+00 3.805554140103595967e-02 4.427506821665802006e-01 1.296327384203826538e+00 1.000000000000000000e+00
8.430058261149280252e-01 2.173106444101048917e-01 -4.920540671902545737e-01 0.000000000000000000e+00 5.059029354807964562e-01 -6.311203229358492983e-01 5.880044525158215629e-01 0.000000000000000000e+00 -1.827656878450836797e-01 -7.446227452122238244e-01 -6.419762869550248441e-01 0.000000000000000000e+00 3.821359017359741289e-02 4.403922944233830683e-01 1.299296954183039476e+00 1.000000000000000000e+00
8.427061226169084707e-01 2.170859423070035377e-01 -4.926659031854935811e-01 0.000000000000000000e+00 5.061292650860257369e-01 -6.313852351844599919e-01 5.875250076456040027e-01 0.000000000000000000e+00 -1.835185195481841003e-01 -7.444636281576663128e-01 -6.419459794807568231e-01 0.000000000000000000e+00 3.835815960395941304e-02 4.380373320042942886e-01 1.302265435176296782e+00 1.000000000000000000e+00
8.424115551019936143e-01 2.168617186956885434e-01 -4.932681938577592740e-01 0.000000000000000000e+00 5.063493822698754698e-01 -6.316479448174696643e-01 5.870528292269096005e-01 0.000000000000000000e+00 -1.842624868508271341e-01 -7.443063329518899707e-01 -6.419154665597388565e-01 0.000000000000000000e+00 3.857558667094500293e-02 4.356527327049071197e-01 1.305234613183163139e+00 1.000000000000000000e+00
8.421218332629175629e-01 2.166379344648840244e-01 -4.938610331439289292e-01 0.000000000000000000e+00 5.065635195595551421e-01 -6.319080027673359412e-01 5.865881187241455130e-01 0.000000000000000000e+00 -1.849974602373155863e-01 -7.441507218063959650e-01 -6.418844592169918872e-01 0.000000000000000000e+00 3.893790905876444441e-02 4.332107155669612797e-01 1.308205503829388050e+00 1.000000000000000000e+00
8.418367466864427051e-01 2.164147912774898597e-01 -4.944443300997671265e-01 0.000000000000000000e+00 5.067714978117728863e-01 -6.321655260352209149e-01 5.861307541802975862e-01 0.000000000000000000e+00 -1.857232562471240744e-01 -7.439969042604559490e-01 -6.418531958473162602e-01 0.000000000000000000e+00 3.928664622185077532e-02 4.307715888989955832e-01 1.311175254605108087e+00 1.000000000000000000e+00
8.415563585919552114e-01 2.161927947394282346e-01 -4.950183617796509172e-01 0.000000000000000000e+00 5.069739178676639924e-01 -6.324204526180404740e-01 5.856805600909854581e-01 0.000000000000000000e+00 -1.864397748382255471e-01 -7.438446514775231000e-01 -6.418218392475727452e-01 0.000000000000000000e+00 3.962185140700476282e-02 4.283345908457143469e-01 1.314144424822729196e+00 1.000000000000000000e+00
8.412807146656017254e-01 2.159719454665824379e-01 -4.955830682230720763e-01 0.000000000000000000e+00 5.071709177922806289e-01 -6.326726411813593520e-01 5.852373529438008593e-01 0.000000000000000000e+00 -1.871470000552139801e-01 -7.436943046309625327e-01 -6.417901496950483287e-01 0.000000000000000000e+00 3.994362977787185159e-02 4.259003842849308774e-01 1.317112342271991476e+00 1.000000000000000000e+00
8.410096352272284914e-01 2.157524584113524047e-01 -4.961384661210373470e-01 0.000000000000000000e+00 5.073625364102880564e-01 -6.329223301816914171e-01 5.848012571554730421e-01 0.000000000000000000e+00 -1.878447629397081153e-01 -7.435457134775249610e-01 -6.417585841944084546e-01 0.000000000000000000e+00 4.025168422881771069e-02 4.234688079488000967e-01 1.320079362363715925e+00 1.000000000000000000e+00
8.407430255759756887e-01 2.155345420302469950e-01 -4.966846909785589959e-01 0.000000000000000000e+00 5.075490175983926600e-01 -6.331690096551676472e-01 5.843721160298824824e-01 0.000000000000000000e+00 -1.885329350131181025e-01 -7.433987201660134936e-01 -6.417269280816717547e-01 0.000000000000000000e+00 4.054598286955170272e-02 4.210394418859960686e-01 1.323045672203357004e+00 1.000000000000000000e+00
8.404807816553823141e-01 2.153185657109559503e-01 -4.972220104294247101e-01 0.000000000000000000e+00 5.077308614792177544e-01 -6.334128014557485198e-01 5.839497724858206951e-01 0.000000000000000000e+00 -1.892115121531844357e-01 -7.432535944161684505e-01 -6.416953609999817010e-01 0.000000000000000000e+00 4.082684288228745351e-02 4.186123276209250399e-01 1.326011533667672770e+00 1.000000000000000000e+00
8.402229716748259580e-01 2.151045373092039803e-01 -4.977501337447170493e-01 0.000000000000000000e+00 5.079080087282674683e-01 -6.336538575672965301e-01 5.835342546341272252e-01 0.000000000000000000e+00 -1.898804112901602004e-01 -7.431102708504401244e-01 -6.416639081525802313e-01 0.000000000000000000e+00 4.109385242065868166e-02 4.161876782633346927e-01 1.328976449890097333e+00 1.000000000000000000e+00
8.399693222639145196e-01 2.148928203094579437e-01 -4.982693108202689847e-01 0.000000000000000000e+00 5.080805331514292034e-01 -6.338918793483032665e-01 5.831253380261582908e-01 0.000000000000000000e+00 -1.905393781385173735e-01 -7.429685217453313451e-01 -6.416326632509674610e-01 0.000000000000000000e+00 4.134689790455616659e-02 4.137648079093494413e-01 1.331940962658562322e+00 1.000000000000000000e+00
8.397198492142744497e-01 2.146836345799942314e-01 -4.987797245775503208e-01 0.000000000000000000e+00 5.082490289954504359e-01 -6.341267643395336329e-01 5.827229879864032069e-01 0.000000000000000000e+00 -1.911884437041133922e-01 -7.428285043678142241e-01 -6.416017947619871986e-01 0.000000000000000000e+00 4.158643661270544634e-02 4.113441098874278667e-01 1.334905158877351727e+00 1.000000000000000000e+00
8.394747168890307476e-01 2.144770978138240691e-01 -4.992811186215396768e-01 0.000000000000000000e+00 5.084134791272264531e-01 -6.343585995239473529e-01 5.823270394956380214e-01 0.000000000000000000e+00 -1.918274518044596755e-01 -7.426901010789048740e-01 -6.415711621624848870e-01 0.000000000000000000e+00 4.181190827909150864e-02 4.089254044266853461e-01 1.337868064934630841e+00 1.000000000000000000e+00
8.392333307611692383e-01 2.142735381448939991e-01 -4.997738207499430874e-01 0.000000000000000000e+00 5.085739847662488211e-01 -6.345872154446767777e-01 5.819375551571727145e-01 0.000000000000000000e+00 -1.924562686565380043e-01 -7.425535218842036489e-01 -6.415408812388295745e-01 0.000000000000000000e+00 4.202343868863982201e-02 4.065086401942269445e-01 1.340830828040943556e+00 1.000000000000000000e+00
8.389961146710459561e-01 2.140730657962711392e-01 -5.002578069279204342e-01 0.000000000000000000e+00 5.087309155682137041e-01 -6.348127632682314392e-01 5.815544140613955193e-01 0.000000000000000000e+00 -1.930748566350728446e-01 -7.424186732821335122e-01 -6.415111197071255988e-01 0.000000000000000000e+00 4.222108917232843955e-02 4.040936195915131868e-01 1.343793432473305849e+00 1.000000000000000000e+00
8.387627430758675118e-01 2.138759288186622420e-01 -5.007332143397111857e-01 0.000000000000000000e+00 5.088844206539839821e-01 -6.350348422622381639e-01 5.811774681023578193e-01 0.000000000000000000e+00 -1.936831003480065927e-01 -7.422854044145003050e-01 -6.414820415666547815e-01 0.000000000000000000e+00 4.240473557710262159e-02 4.016801746163012332e-01 1.346755822736936503e+00 1.000000000000000000e+00
8.385332191705899829e-01 2.136825695408725023e-01 -5.011999841533586464e-01 0.000000000000000000e+00 5.090348118103095176e-01 -6.352536597170392874e-01 5.808063712232994780e-01 0.000000000000000000e+00 -1.942809311466071887e-01 -7.421538146228215949e-01 -6.414533799627755162e-01 0.000000000000000000e+00 4.257443938926083055e-02 3.992682923522634098e-01 1.349717360957714662e+00 1.000000000000000000e+00
8.383075061235111258e-01 2.134928270254484173e-01 -5.016582886746203673e-01 0.000000000000000000e+00 5.091822010642093055e-01 -6.354690358035322006e-01 5.804415593856373512e-01 0.000000000000000000e+00 -1.948681505653175605e-01 -7.420239980351573950e-01 -6.414254349893507845e-01 0.000000000000000000e+00 4.273017327115865432e-02 3.968582711176972810e-01 1.352678663170896911e+00 1.000000000000000000e+00
8.380854363657124217e-01 2.133071448660804337e-01 -5.021080444179989444e-01 0.000000000000000000e+00 5.093267019696259279e-01 -6.356809554460647327e-01 5.800825534121947236e-01 0.000000000000000000e+00 -1.954447146020860115e-01 -7.418959128057894814e-01 -6.413981593144478799e-01 0.000000000000000000e+00 4.309144922831662644e-02 3.943756353332833475e-01 1.355627988872876610e+00 1.000000000000000000e+00
8.378669398602115459e-01 2.131257911237192104e-01 -5.025494841409375857e-01 0.000000000000000000e+00 5.094686775993094718e-01 -6.358893920335479955e-01 5.797293572703107190e-01 0.000000000000000000e+00 -1.960105937154185407e-01 -7.417694285226432704e-01 -6.413718594251160976e-01 0.000000000000000000e+00 4.346591055144014004e-02 3.918844686316602655e-01 1.358575960632199875e+00 1.000000000000000000e+00
8.376521008944077806e-01 2.129489869893377019e-01 -5.029826937510804008e-01 0.000000000000000000e+00 5.096084456966627485e-01 -6.360941358542150370e-01 5.793817557883063074e-01 0.000000000000000000e+00 -1.965655961058398182e-01 -7.416445771111838114e-01 -6.413463955364806512e-01 0.000000000000000000e+00 4.382643248149733356e-02 3.893947046032679715e-01 1.361523163531795699e+00 1.000000000000000000e+00
8.374405589335874867e-01 2.127767729166630539e-01 -5.034075364216687998e-01 0.000000000000000000e+00 5.097458693837629840e-01 -6.362954203098828421e-01 5.790399075885126479e-01 0.000000000000000000e+00 -1.971096435758627197e-01 -7.415214421402450684e-01 -6.413218319325950656e-01 0.000000000000000000e+00 4.417262154901226839e-02 3.869059698105467016e-01 1.364469972575004686e+00 1.000000000000000000e+00
8.372323748721210990e-01 2.126095445937029593e-01 -5.038241818546720374e-01 0.000000000000000000e+00 5.098812501217053761e-01 -6.364929011221133193e-01 5.787035234851590770e-01 0.000000000000000000e+00 -1.976425750891449284e-01 -7.414000020057178730e-01 -6.412982412891164996e-01 0.000000000000000000e+00 4.450480127317649193e-02 3.844181318319974672e-01 1.367416354070605689e+00 1.000000000000000000e+00
8.370275232784587516e-01 2.124474427480336491e-01 -5.042327507570001366e-01 0.000000000000000000e+00 5.100150094664972489e-01 -6.366864700059942095e-01 5.783724543649342298e-01 0.000000000000000000e+00 -1.981643516775327962e-01 -7.412801105791794187e-01 -6.412756738934433098e-01 0.000000000000000000e+00 4.482284726808154207e-02 3.819310621811295436e-01 1.370362356793960901e+00 1.000000000000000000e+00
8.368260621798587762e-01 2.122906386753914132e-01 -5.046331773597269033e-01 0.000000000000000000e+00 5.101471852442002186e-01 -6.368764719926094386e-01 5.780468557555479281e-01 0.000000000000000000e+00 -1.986750234002220283e-01 -7.411619650620506761e-01 -6.412543977033149378e-01 0.000000000000000000e+00 4.512685371638996273e-02 3.794445413416387969e-01 1.373308297913028220e+00 1.000000000000000000e+00
8.366275662890649834e-01 2.121395320484051605e-01 -5.050256647441894176e-01 0.000000000000000000e+00 5.102780735794184563e-01 -6.370622981184361766e-01 5.777263555973449760e-01 0.000000000000000000e+00 -1.991742013595270977e-01 -7.410452897522489257e-01 -6.412342147195992936e-01 0.000000000000000000e+00 4.541663119277676575e-02 3.769583612973111952e-01 1.376254244530015436e+00 1.000000000000000000e+00
8.364320832973013431e-01 2.119942327610029320e-01 -5.054101018009665713e-01 0.000000000000000000e+00 5.104076036240422498e-01 -6.372443754268291016e-01 5.774109936987438241e-01 0.000000000000000000e+00 -1.996619114309701182e-01 -7.409303567728844353e-01 -6.412153632440302786e-01 0.000000000000000000e+00 4.569238850318839418e-02 3.744728796530437109e-01 1.379199739741957087e+00 1.000000000000000000e+00
8.362397633645314299e-01 2.118549505605213656e-01 -5.057866723349678795e-01 0.000000000000000000e+00 5.105362877270830380e-01 -6.374223776387932805e-01 5.771006044785647049e-01 0.000000000000000000e+00 -2.001380952609685959e-01 -7.408170644136270466e-01 -6.411978042443784442e-01 0.000000000000000000e+00 4.595387622614765383e-02 3.719878099564188356e-01 1.382145110361499896e+00 1.000000000000000000e+00
8.360503755235444423e-01 2.117220147437146316e-01 -5.061555390362516560e-01 0.000000000000000000e+00 5.106644460160026933e-01 -6.375963202198117186e-01 5.767951441688958791e-01 0.000000000000000000e+00 -2.006026798463892424e-01 -7.407054562389667751e-01 -6.411816651695456670e-01 0.000000000000000000e+00 4.620160539067009325e-02 3.695029444391907392e-01 1.385090339968270579e+00 1.000000000000000000e+00
8.358636139064486992e-01 2.115955008481550104e-01 -5.065164952721371572e-01 0.000000000000000000e+00 5.107917466367164483e-01 -6.377661160105201343e-01 5.764944986446168818e-01 0.000000000000000000e+00 -2.010554013797867245e-01 -7.405953436688401670e-01 -6.411670011786103629e-01 0.000000000000000000e+00 4.643502184080863793e-02 3.670181735089061981e-01 1.388035596848846476e+00 1.000000000000000000e+00
8.356799497941068688e-01 2.114757073426832279e-01 -5.068697032791505963e-01 0.000000000000000000e+00 5.109188376968855083e-01 -6.379318522808730130e-01 5.761985619693094085e-01 0.000000000000000000e+00 -2.014963020309945285e-01 -7.404867808108275273e-01 -6.411539272620396801e-01 0.000000000000000000e+00 4.665450905841415224e-02 3.645332606179170765e-01 1.390980841525922829e+00 1.000000000000000000e+00
8.354985986244367613e-01 2.113629839496631302e-01 -5.072154036829977786e-01 0.000000000000000000e+00 5.110458039073872971e-01 -6.380933062103630871e-01 5.759071112041928009e-01 0.000000000000000000e+00 -2.019252408580256286e-01 -7.403800660449189053e-01 -6.411423820025112796e-01 0.000000000000000000e+00 4.686001426117877150e-02 3.620481909395855125e-01 1.393926437309897182e+00 1.000000000000000000e+00
8.353200334661191606e-01 2.112572768243470012e-01 -5.075533564173430046e-01 0.000000000000000000e+00 5.111727694709629066e-01 -6.382503894728054350e-01 5.756202611681496828e-01 0.000000000000000000e+00 -2.023421173188511835e-01 -7.402748179357252489e-01 -6.411324990287564640e-01 0.000000000000000000e+00 4.705140645933389432e-02 3.595631470227149684e-01 1.396871743014475697e+00 1.000000000000000000e+00
8.351440366556162065e-01 2.111590110178929169e-01 -5.078838389475536230e-01 0.000000000000000000e+00 5.113000418736839414e-01 -6.384030650382832572e-01 5.753378136214455374e-01 0.000000000000000000e+00 -2.027467950670554242e-01 -7.401710292285474946e-01 -6.411242736500931683e-01 0.000000000000000000e+00 4.722885204903580492e-02 3.570776118872581728e-01 1.399817081357738413e+00 1.000000000000000000e+00
8.349704503750793316e-01 2.110683803976152462e-01 -5.082069010223895233e-01 0.000000000000000000e+00 5.114277349329682254e-01 -6.385514532103173657e-01 5.750597119685308956e-01 0.000000000000000000e+00 -2.031392028352732304e-01 -7.400690740331408168e-01 -6.411180378944006941e-01 0.000000000000000000e+00 4.750852488160074022e-02 3.545577367156023119e-01 1.402749200236074856e+00 1.000000000000000000e+00
8.347992819966556510e-01 2.109856433349666938e-01 -5.085224741930247649e-01 0.000000000000000000e+00 5.115562859847636590e-01 -6.386951436994844356e-01 5.747854982213029817e-01 0.000000000000000000e+00 -2.035193507738898011e-01 -7.399684004798894321e-01 -6.411134828071561875e-01 0.000000000000000000e+00 4.790616117631295301e-02 3.519983646370202224e-01 1.405665517398990039e+00 1.000000000000000000e+00
8.346303557965824016e-01 2.109109184836885920e-01 -5.088306008489538179e-01 0.000000000000000000e+00 5.116854951740588131e-01 -6.388346258515155141e-01 5.745155988348059628e-01 0.000000000000000000e+00 -2.038869577664006172e-01 -7.398695252710122405e-01 -6.411109545114237473e-01 0.000000000000000000e+00 4.828981812477552843e-02 3.494383314313069810e-01 1.408581973132849274e+00 1.000000000000000000e+00
8.344635002708827853e-01 2.108444952516414506e-01 -5.091314742584146513e-01 0.000000000000000000e+00 5.118157564685901217e-01 -6.389692386983819583e-01 5.742496721363425927e-01 0.000000000000000000e+00 -2.042418889293438067e-01 -7.397720696958356434e-01 -6.411102819509115758e-01 0.000000000000000000e+00 4.865948910530129567e-02 3.468770438700748415e-01 1.411498748116823965e+00 1.000000000000000000e+00
8.342988620276186040e-01 2.107868023318899275e-01 -5.094252159015739689e-01 0.000000000000000000e+00 5.119475072610678579e-01 -6.390993345765062505e-01 5.739875218347509911e-01 0.000000000000000000e+00 -2.045842759552620183e-01 -7.396762584526725970e-01 -6.411116810373208574e-01 0.000000000000000000e+00 4.901577016057919595e-02 3.443152159760120012e-01 1.414414871415995423e+00 1.000000000000000000e+00
8.341362855287954847e-01 2.107376252521417637e-01 -5.097116132606139827e-01 0.000000000000000000e+00 5.120804732512350688e-01 -6.392246250726716372e-01 5.737291514528021219e-01 0.000000000000000000e+00 -2.049138700324807383e-01 -7.395818050845914815e-01 -6.411153284951801590e-01 0.000000000000000000e+00 4.935786967725014351e-02 3.417516923409085194e-01 1.417331832187276985e+00 1.000000000000000000e+00
8.339757408006246431e-01 2.106976342672385594e-01 -5.099910669803915386e-01 0.000000000000000000e+00 5.122154320496313806e-01 -6.393452223285289726e-01 5.734744651350180966e-01 0.000000000000000000e+00 -2.052305996297988100e-01 -7.394890274224665827e-01 -6.411212037684550502e-01 0.000000000000000000e+00 4.968662141325552728e-02 3.391871016657770355e-01 1.420248783737904086e+00 1.000000000000000000e+00
8.338169675426075900e-01 2.106666478865171221e-01 -5.102632089079506272e-01 0.000000000000000000e+00 5.123519110709119362e-01 -6.394609354450085936e-01 5.732233283923426903e-01 0.000000000000000000e+00 -2.055342864537733349e-01 -7.393977835628563477e-01 -6.411289750608920590e-01 0.000000000000000000e+00 5.000147736892094491e-02 3.366213027119386858e-01 1.423165301185316478e+00 1.000000000000000000e+00
8.336599885114576169e-01 2.106451671630445444e-01 -5.105283446627679744e-01 0.000000000000000000e+00 5.124905443468296129e-01 -6.395717925825535888e-01 5.729757182478349975e-01 0.000000000000000000e+00 -2.058248898511720326e-01 -7.393080515313235068e-01 -6.411392586716412323e-01 0.000000000000000000e+00 5.030278747599829792e-02 3.340538414113785604e-01 1.426082364528628688e+00 1.000000000000000000e+00
8.335047312084068460e-01 2.106334956079234932e-01 -5.107867418934560755e-01 0.000000000000000000e+00 5.126316375317805374e-01 -6.396776039311709017e-01 5.727312637525286965e-01 0.000000000000000000e+00 -2.061024322422706778e-01 -7.392196774866215403e-01 -6.411519356199877340e-01 0.000000000000000000e+00 5.059086133344903313e-02 3.314845545089226131e-01 1.428999623275871267e+00 1.000000000000000000e+00
8.333511604731074218e-01 2.106315949482702454e-01 -5.110381064568395582e-01 0.000000000000000000e+00 5.127750240171261575e-01 -6.397785559404384204e-01 5.724901907400499201e-01 0.000000000000000000e+00 -2.063665882583784472e-01 -7.391331252217422376e-01 -6.411669981054539669e-01 0.000000000000000000e+00 5.086517506830513097e-02 3.289138104067489410e-01 1.431917109977173475e+00 1.000000000000000000e+00
8.331991829403058158e-01 2.106398752820842213e-01 -5.112824964432747255e-01 0.000000000000000000e+00 5.129211462454215109e-01 -6.398744694040091607e-01 5.722521101374566932e-01 0.000000000000000000e+00 -2.066174507578578401e-01 -7.390477028344988319e-01 -6.411845891994619739e-01 0.000000000000000000e+00 5.112628261324929368e-02 3.263402963330326312e-01 1.434835130063568887e+00 1.000000000000000000e+00
8.330485032821820512e-01 2.106584296591262340e-01 -5.115201259772211850e-01 0.000000000000000000e+00 5.130699710310543393e-01 -6.399651127435294073e-01 5.720172329032360281e-01 0.000000000000000000e+00 -2.068547333768560870e-01 -7.389639370297405030e-01 -6.412046771170534232e-01 0.000000000000000000e+00 5.137400805806481563e-02 3.237653480086589153e-01 1.437752970845863176e+00 1.000000000000000000e+00
8.328994304791959014e-01 2.106876637240883698e-01 -5.117510984458485401e-01 0.000000000000000000e+00 5.132221805502861223e-01 -6.400506300526394021e-01 5.717850847440263395e-01 0.000000000000000000e+00 -2.070785413244926876e-01 -7.388815393400682829e-01 -6.412273353416596544e-01 0.000000000000000000e+00 5.160863254761193647e-02 3.211880330296125741e-01 1.440671132939027599e+00 1.000000000000000000e+00
8.327512931021668896e-01 2.107276304527332667e-01 -5.119753762365653049e-01 0.000000000000000000e+00 5.133773360251850937e-01 -6.401307379879515036e-01 5.715558954940155312e-01 0.000000000000000000e+00 -2.072885333541258368e-01 -7.388005931759066280e-01 -6.412527368921090432e-01 0.000000000000000000e+00 5.183001897812648806e-02 3.186084762284392968e-01 1.443589823148694107e+00 1.000000000000000000e+00
8.326045753876823996e-01 2.107787102111827182e-01 -5.121929821515981418e-01 0.000000000000000000e+00 5.135359966337315063e-01 -6.402056642677383946e-01 5.713293331595994395e-01 0.000000000000000000e+00 -2.074847862505057317e-01 -7.387210715529958227e-01 -6.412808855745613101e-01 0.000000000000000000e+00 5.203832397353707478e-02 3.160263269467222247e-01 1.446508729619469413e+00 1.000000000000000000e+00
8.324588429514341303e-01 2.108410736686018028e-01 -5.124040445141959665e-01 0.000000000000000000e+00 5.136984193249687358e-01 -6.402752555437100090e-01 5.711053340660534605e-01 0.000000000000000000e+00 -2.076671256992205505e-01 -7.386429402109789821e-01 -6.413118300097329083e-01 0.000000000000000000e+00 5.226479061857551567e-02 3.134337954132569437e-01 1.449422510952782739e+00 1.000000000000000000e+00
8.323144785424623215e-01 2.109148575315228924e-01 -5.126084922283733469e-01 0.000000000000000000e+00 5.138646647227440578e-01 -6.403394082813484989e-01 5.708838381460737965e-01 0.000000000000000000e+00 -2.078354934314109170e-01 -7.385663034192847531e-01 -6.413455743717579871e-01 0.000000000000000000e+00 5.269435963379472121e-02 3.107848199971043335e-01 1.452298330043740204e+00 1.000000000000000000e+00
8.321706868852373207e-01 2.110003829916450857e-01 -5.128065007578233025e-01 0.000000000000000000e+00 5.140348126854521471e-01 -6.403980590934819084e-01 5.706647950063816754e-01 0.000000000000000000e+00 -2.079897565433905526e-01 -7.384910196795643200e-01 -6.413822685991097394e-01 0.000000000000000000e+00 5.311128626626113874e-02 3.081332099338864317e-01 1.455174104482215514e+00 1.000000000000000000e+00
8.320279134515339292e-01 2.110979055958366324e-01 -5.129981283069864340e-01 0.000000000000000000e+00 5.142094039624162116e-01 -6.404511159679511234e-01 5.704480096204985751e-01 0.000000000000000000e+00 -2.081298364468617823e-01 -7.384171092571681916e-01 -6.414218884696601952e-01 0.000000000000000000e+00 5.351561410781343481e-02 3.054784648216091192e-01 1.458050158698073417e+00 1.000000000000000000e+00
8.318857592346919905e-01 2.112075372695501052e-01 -5.131833117640858255e-01 0.000000000000000000e+00 5.143881998401996780e-01 -6.404985963666303128e-01 5.702334092468217541e-01 0.000000000000000000e+00 -2.082555379897693404e-01 -7.383446038389929189e-01 -6.414645521440637266e-01 0.000000000000000000e+00 5.390702581605809340e-02 3.028206497195536362e-01 1.460926451864741349e+00 1.000000000000000000e+00
8.317443174559024932e-01 2.113296863524262714e-01 -5.133622378999198599e-01 0.000000000000000000e+00 5.145717437527338456e-01 -6.405404558898142309e-01 5.700208234195920376e-01 0.000000000000000000e+00 -2.083668353725495193e-01 -7.382734778811103071e-01 -6.415103858484204613e-01 0.000000000000000000e+00 5.428620249859576058e-02 3.001593951350869927e-01 1.463803104247700215e+00 1.000000000000000000e+00
8.316035285491026885e-01 2.114643576618504273e-01 -5.135348906874026564e-01 0.000000000000000000e+00 5.147601137901146595e-01 -6.405763820727414792e-01 5.698101624158417033e-01 0.000000000000000000e+00 -2.084637854268409640e-01 -7.382035211581383649e-01 -6.415592395609843734e-01 0.000000000000000000e+00 5.465302203940927694e-02 2.974947453284872978e-01 1.466679838581428807e+00 1.000000000000000000e+00
8.314633470236505453e-01 2.116118620911705273e-01 -5.137012408741075120e-01 0.000000000000000000e+00 5.149534690076299492e-01 -6.406066817453248685e-01 5.696015360074485612e-01 0.000000000000000000e+00 -2.085459872500353418e-01 -7.381350019466721424e-01 -6.416112888656817503e-01 0.000000000000000000e+00 5.500730267920858618e-02 2.948261577494428187e-01 1.469557359999940083e+00 1.000000000000000000e+00
8.313232348679951977e-01 2.117725595089471335e-01 -5.138615808433729670e-01 0.000000000000000000e+00 5.151520443038978270e-01 -6.406309950966349032e-01 5.693945228115300239e-01 0.000000000000000000e+00 -2.086134858198234188e-01 -7.380678497312761488e-01 -6.416666704552808076e-01 0.000000000000000000e+00 5.534965466191828914e-02 2.921542770775258924e-01 1.472434865315147778e+00 1.000000000000000000e+00
8.311836407408659255e-01 2.119464371121801693e-01 -5.140156926029316731e-01 0.000000000000000000e+00 5.153558990481462709e-01 -6.406493359119395103e-01 5.691892519801724504e-01 0.000000000000000000e+00 -2.086661354658853051e-01 -7.380019130958818119e-01 -6.417253613223774522e-01 0.000000000000000000e+00 5.567966743833703547e-02 2.894788038827196819e-01 1.475312383661121496e+00 1.000000000000000000e+00
8.310441959638792397e-01 2.121339924296739010e-01 -5.141637830182742563e-01 0.000000000000000000e+00 5.155654784221574971e-01 -6.406617953160768097e-01 5.689854052539297102e-01 0.000000000000000000e+00 -2.087038916425560664e-01 -7.379372868425309040e-01 -6.417874475453204663e-01 0.000000000000000000e+00 5.599800143215277748e-02 2.867985524824563925e-01 1.478190897861664688e+00 1.000000000000000000e+00
8.309049425650547605e-01 2.123352470341167419e-01 -5.143058688258985711e-01 0.000000000000000000e+00 5.157808682631179753e-01 -6.406681368186263326e-01 5.687830877684330044e-01 0.000000000000000000e+00 -2.087267138334324978e-01 -7.378737785909929014e-01 -6.418529917553855713e-01 0.000000000000000000e+00 5.630459475036005135e-02 2.841143639083704153e-01 1.481069493848983232e+00 1.000000000000000000e+00
8.307655057467900894e-01 2.125505202741073685e-01 -5.144419116369467471e-01 0.000000000000000000e+00 5.160020372135568634e-01 -6.406684302059544311e-01 5.685821373715795879e-01 0.000000000000000000e+00 -2.087342551423610748e-01 -7.378116384844756181e-01 -6.419220049684580820e-01 0.000000000000000000e+00 5.659926225365626701e-02 2.814258337385420194e-01 1.483948340872226712e+00 1.000000000000000000e+00
8.306263352618422635e-01 2.127805748878922043e-01 -5.145716330297762653e-01 0.000000000000000000e+00 5.162296253207100394e-01 -6.406621033530892628e-01 5.683827152022288276e-01 0.000000000000000000e+00 -2.087257246363811991e-01 -7.377508439107282046e-01 -6.419946376228750085e-01 0.000000000000000000e+00 5.688138728328283322e-02 2.787327672222135178e-01 1.486827905719551257e+00 1.000000000000000000e+00
8.304873820024252229e-01 2.130258840709284840e-01 -5.146944133485743533e-01 0.000000000000000000e+00 5.164634298133463641e-01 -6.406488614006294879e-01 5.681851957235336537e-01 0.000000000000000000e+00 -2.087001792600074179e-01 -7.376915441814941854e-01 -6.420711052921392881e-01 0.000000000000000000e+00 5.714987339551174522e-02 2.760358347223717534e-01 1.489707349309113749e+00 1.000000000000000000e+00
8.303486983571075619e-01 2.132864795332859720e-01 -5.148103156102230571e-01 0.000000000000000000e+00 5.167035480264559055e-01 -6.406287622080762967e-01 5.679894722673264340e-01 0.000000000000000000e+00 -2.086577531178002987e-01 -7.376336666166514178e-01 -6.421512985321566891e-01 0.000000000000000000e+00 5.740480639365783816e-02 2.733341800768662178e-01 1.492587330377683097e+00 1.000000000000000000e+00
8.302101640804946392e-01 2.135621102539628224e-01 -5.149194234611796928e-01 0.000000000000000000e+00 5.169499003416003768e-01 -6.406019079737196309e-01 5.677956488007184221e-01 0.000000000000000000e+00 -2.085986860186268832e-01 -7.375772815753127709e-01 -6.422353623001284539e-01 0.000000000000000000e+00 5.764659325877893176e-02 2.706278296925365145e-01 1.495468257067224194e+00 1.000000000000000000e+00
8.300720619056128902e-01 2.138526286344330785e-01 -5.150216711678526904e-01 0.000000000000000000e+00 5.172024407435695803e-01 -6.405682334100204489e-01 5.676035026062207223e-01 0.000000000000000000e+00 -2.085230206369707295e-01 -7.375222615044154661e-01 -6.423230038112361928e-01 0.000000000000000000e+00 5.809528556065891858e-02 2.678737304438945643e-01 1.498296869062706094e+00 1.000000000000000000e+00
8.299340681531782726e-01 2.141578575001163443e-01 -5.151171703974091187e-01 0.000000000000000000e+00 5.174609052701137912e-01 -6.405279988689592807e-01 5.674133851593187172e-01 0.000000000000000000e+00 -2.084309292009255132e-01 -7.374687037327841699e-01 -6.424144866880567850e-01 0.000000000000000000e+00 5.855592798580725594e-02 2.651105352097313794e-01 1.501119978652320830e+00 1.000000000000000000e+00
8.297961669769259307e-01 2.144778498621739693e-01 -5.152059887663750226e-01 0.000000000000000000e+00 5.177253946421622732e-01 -6.404810873921944481e-01 5.672248964908721547e-01 0.000000000000000000e+00 -2.083225088545684056e-01 -7.374164154428906048e-01 -6.425096338309593813e-01 0.000000000000000000e+00 5.900394310110097101e-02 2.623425763906387931e-01 1.503943523035374374e+00 1.000000000000000000e+00
8.296586730625505890e-01 2.148124662959330078e-01 -5.152881727246778620e-01 0.000000000000000000e+00 5.179960213178051998e-01 -6.404277253909415046e-01 5.670382494278289887e-01 0.000000000000000000e+00 -2.081979389925162627e-01 -7.373655441701066904e-01 -6.426084449925613118e-01 0.000000000000000000e+00 5.943934887629392927e-02 2.595708393774868172e-01 1.506766684330562489e+00 1.000000000000000000e+00
8.295213614240792843e-01 2.151613584225898768e-01 -5.153637809505133838e-01 0.000000000000000000e+00 5.182724085662795410e-01 -6.403677424905402926e-01 5.668534531488932382e-01 0.000000000000000000e+00 -2.080573311433098482e-01 -7.373159164268117127e-01 -6.427108839171077337e-01 0.000000000000000000e+00 5.986226399949531873e-02 2.567947412765231863e-01 1.509590267440240385e+00 1.000000000000000000e+00
8.293840154885308014e-01 2.155245567363361092e-01 -5.154328447923938183e-01 0.000000000000000000e+00 5.185546110945215004e-01 -6.403012360866228159e-01 5.666703791250234934e-01 0.000000000000000000e+00 -2.079008265065634686e-01 -7.372674445950776478e-01 -6.428171577808262649e-01 0.000000000000000000e+00 6.027325210582399478e-02 2.540138894729137564e-01 1.512414596152161561e+00 1.000000000000000000e+00
8.292470681477636107e-01 2.159018822414811023e-01 -5.154952526222912335e-01 0.000000000000000000e+00 5.188426140268551645e-01 -6.402283718418541048e-01 5.664888849208211674e-01 0.000000000000000000e+00 -2.077286677958750105e-01 -7.372202727197300076e-01 -6.429267880826713411e-01 0.000000000000000000e+00 6.067212446933775705e-02 2.512291701368620234e-01 1.515238154841988427e+00 1.000000000000000000e+00
8.291102335126835365e-01 2.162932358161288871e-01 -5.155512977875649216e-01 0.000000000000000000e+00 5.191363506898563074e-01 -6.401491895078835759e-01 5.663093380687586054e-01 0.000000000000000000e+00 -2.075408180324564977e-01 -7.371743962141972251e-01 -6.430401424237753849e-01 0.000000000000000000e+00 6.105921875317230074e-02 2.484402373474174364e-01 1.518062189111348825e+00 1.000000000000000000e+00
8.289735751946307740e-01 2.166984823671782856e-01 -5.156009446087851389e-01 0.000000000000000000e+00 5.194357385459841270e-01 -6.400636715507109775e-01 5.661314724368027296e-01 0.000000000000000000e+00 -2.073375436739412769e-01 -7.371296022964309858e-01 -6.431571116431545887e-01 0.000000000000000000e+00 6.143464011903493338e-02 2.456469875888259713e-01 1.520886331278481052e+00 1.000000000000000000e+00
8.288370563889774223e-01 2.171175239218397501e-01 -5.156441377888437705e-01 0.000000000000000000e+00 5.197407576523773720e-01 -6.399719186700482121e-01 5.659551671270108830e-01 0.000000000000000000e+00 -2.071189181177242877e-01 -7.370858597619214247e-01 -6.432775810538730044e-01 0.000000000000000000e+00 6.179857229154855219e-02 2.428493298519190935e-01 1.523710337175790075e+00 1.000000000000000000e+00
8.287006117245896419e-01 2.175502390238971961e-01 -5.156809462770486352e-01 0.000000000000000000e+00 5.200512989352239490e-01 -6.398740958095522346e-01 5.657805717300602444e-01 0.000000000000000000e+00 -2.068851377656442114e-01 -7.370434362839077824e-01 -6.434014961244236552e-01 0.000000000000000000e+00 6.215144474449454254e-02 2.400475300030410764e-01 1.526534224612775326e+00 1.000000000000000000e+00
8.285644385431411019e-01 2.179963701221534211e-01 -5.157115091266573081e-01 0.000000000000000000e+00 5.203673344271187995e-01 -6.397700445264109526e-01 5.656076892818735491e-01 0.000000000000000000e+00 -2.066363177745610402e-01 -7.370019486452361601e-01 -6.435289512240134346e-01 0.000000000000000000e+00 6.249315075790931595e-02 2.372411550035247452e-01 1.529358538565321890e+00 1.000000000000000000e+00
8.284281902923594787e-01 2.184559390230661202e-01 -5.157358654938030140e-01 0.000000000000000000e+00 5.206886382689503989e-01 -6.396598756362174010e-01 5.654365350874673846e-01 0.000000000000000000e+00 -2.063724943135210321e-01 -7.369613861696849844e-01 -6.436600066216198179e-01 0.000000000000000000e+00 6.282384791335517138e-02 2.344306867887377133e-01 1.532182688438471496e+00 1.000000000000000000e+00
8.282921363647033353e-01 2.189286571843637175e-01 -5.157539171636601472e-01 0.000000000000000000e+00 5.210153358290687819e-01 -6.395436202030293504e-01 5.652669799973584208e-01 0.000000000000000000e+00 -2.060939346955381335e-01 -7.369219344118138615e-01 -6.437943537033293806e-01 0.000000000000000000e+00 6.314378217372122737e-02 2.316161778662778614e-01 1.535006522481458191e+00 1.000000000000000000e+00
8.281562394881809563e-01 2.194146126125282592e-01 -5.157657601479335163e-01 0.000000000000000000e+00 5.213473633603767921e-01 -6.394216517681651224e-01 5.650989824711705189e-01 0.000000000000000000e+00 -2.058007821732129594e-01 -7.368834509777897335e-01 -6.439322416809823979e-01 0.000000000000000000e+00 6.345328249210836769e-02 2.287970990218422540e-01 1.537830323029964585e+00 1.000000000000000000e+00
8.280201566161070614e-01 2.199134226087220978e-01 -5.157716326083622294e-01 0.000000000000000000e+00 5.216844542583344291e-01 -6.392935355778056605e-01 5.649328380241166458e-01 0.000000000000000000e+00 -2.054930715209299374e-01 -7.368459022617342979e-01 -6.440735914064833478e-01 0.000000000000000000e+00 6.375224319669525741e-02 2.259739435406072916e-01 1.540654317848826560e+00 1.000000000000000000e+00
8.278842108289399260e-01 2.204251535407467377e-01 -5.157712912852869813e-01 0.000000000000000000e+00 5.220268104683384314e-01 -6.391595715129017030e-01 5.647680305053351946e-01 0.000000000000000000e+00 -2.051710192325958693e-01 -7.368092006715756259e-01 -6.442181692753738975e-01 0.000000000000000000e+00 6.423939104534551192e-02 2.231178363267883880e-01 1.543419828752216505e+00 1.000000000000000000e+00
8.277483354440730023e-01 2.209496579643807912e-01 -5.157650190866759354e-01 0.000000000000000000e+00 5.223742490707364849e-01 -6.390197873722384125e-01 5.646049588596607771e-01 0.000000000000000000e+00 -2.048347247886859457e-01 -7.367732531060285917e-01 -6.443662542985609809e-01 0.000000000000000000e+00 6.475953763810721187e-02 2.202509824038110520e-01 1.546173212360026916e+00 1.000000000000000000e+00
8.276126847673805909e-01 2.214866280079296201e-01 -5.157526480030055760e-01 0.000000000000000000e+00 5.227266543407310673e-01 -6.388742621105237829e-01 5.644434794497453778e-01 0.000000000000000000e+00 -2.044843540746814625e-01 -7.367382181657768925e-01 -6.445175881924645189e-01 0.000000000000000000e+00 6.526959496201396871e-02 2.173807028633385485e-01 1.548926002083734321e+00 1.000000000000000000e+00
8.274767040492947423e-01 2.220361521240453440e-01 -5.157343239762246512e-01 0.000000000000000000e+00 5.230839676597484056e-01 -6.387230663290887067e-01 5.642834492416251013e-01 0.000000000000000000e+00 -2.041200340206235919e-01 -7.367040615477239429e-01 -6.446721945599233061e-01 0.000000000000000000e+00 6.577017599679242654e-02 2.145063757897520129e-01 1.551678349068134288e+00 1.000000000000000000e+00
8.273407837418461641e-01 2.225979929946842462e-01 -5.157102095724527269e-01 0.000000000000000000e+00 5.234462685214903432e-01 -6.385660503840741020e-01 5.641251866601117992e-01 0.000000000000000000e+00 -2.037418563406763472e-01 -7.366703855549625590e-01 -6.448300754711507876e-01 0.000000000000000000e+00 6.626127922830582495e-02 2.116279951683509575e-01 1.554430758256480472e+00 1.000000000000000000e+00
8.272049213353780406e-01 2.231720026475417784e-01 -5.156800960601822803e-01 0.000000000000000000e+00 5.238132577005988333e-01 -6.384035873170079700e-01 5.639683938920039274e-01 0.000000000000000000e+00 -2.033500232448094414e-01 -7.366375254221313451e-01 -6.449912314847986439e-01 0.000000000000000000e+00 6.674294542946465625e-02 2.087455576879092001e-01 1.557182723454636264e+00 1.000000000000000000e+00
8.270690766244260805e-01 2.237581914027195196e-01 -5.156442831228533752e-01 0.000000000000000000e+00 5.241851571017162037e-01 -6.382356050567199457e-01 5.638131714053283838e-01 0.000000000000000000e+00 -2.029446744044929585e-01 -7.366054685932299506e-01 -6.451557300794599215e-01 0.000000000000000000e+00 6.721555197972697848e-02 2.058592632983246573e-01 1.559934610484573270e+00 1.000000000000000000e+00
8.269328593943439110e-01 2.243561956787489264e-01 -5.156025906299875894e-01 0.000000000000000000e+00 5.245615611849798743e-01 -6.380619235689226620e-01 5.636594424821370630e-01 0.000000000000000000e+00 -2.025258524045932540e-01 -7.365738458893216212e-01 -6.453232475726096151e-01 0.000000000000000000e+00 6.767933231845676967e-02 2.029688361510098571e-01 1.562686250326189352e+00 1.000000000000000000e+00
8.267967602690142748e-01 2.249660425313897705e-01 -5.155550962405622828e-01 0.000000000000000000e+00 5.249426138307244916e-01 -6.378829827205253489e-01 5.635071361274222035e-01 0.000000000000000000e+00 -2.020938072460379820e-01 -7.365429564237612192e-01 -6.454940379217029012e-01 0.000000000000000000e+00 6.813403664776740420e-02 2.000749824384685238e-01 1.565436853392168537e+00 1.000000000000000000e+00
8.266604931789680588e-01 2.255875837792545302e-01 -5.155019192658167881e-01 0.000000000000000000e+00 5.253281853240483468e-01 -6.376986629347017876e-01 5.633565459513264484e-01 0.000000000000000000e+00 -2.016485604438368329e-01 -7.365125111270987013e-01 -6.456679077022737800e-01 0.000000000000000000e+00 6.858029493122463904e-02 1.971764668738044679e-01 1.568187792824982330e+00 1.000000000000000000e+00
8.265241084824009876e-01 2.262206916447090377e-01 -5.154431864204621627e-01 0.000000000000000000e+00 5.257183417164867922e-01 -6.375088109301912942e-01 5.632073044907464077e-01 0.000000000000000000e+00 -2.011904098278906317e-01 -7.364825356855905225e-01 -6.458449475112704175e-01 0.000000000000000000e+00 6.901813534162742902e-02 1.942744885007136046e-01 1.570938181484706986e+00 1.000000000000000000e+00
8.263875643925584491e-01 2.268652068678686518e-01 -5.153788067150724128e-01 0.000000000000000000e+00 5.261128710684646048e-01 -6.373137947157334615e-01 5.630596582214278945e-01 0.000000000000000000e+00 -2.007193753869853936e-01 -7.364531650363944637e-01 -6.460251040518670829e-01 0.000000000000000000e+00 6.944761238171034967e-02 1.913685738711976836e-01 1.573688190140958287e+00 1.000000000000000000e+00
8.262509686970294087e-01 2.275209779193942961e-01 -5.153089005055834226e-01 0.000000000000000000e+00 5.265117875191015484e-01 -6.371133868810675560e-01 5.629134274716082187e-01 0.000000000000000000e+00 -2.002355612599396317e-01 -7.364240738219473004e-01 -6.462082723907377479e-01 0.000000000000000000e+00 6.986888548763665885e-02 1.884586844150966389e-01 1.576437738333153149e+00 1.000000000000000000e+00
8.261140200975175540e-01 2.281879794171759734e-01 -5.152333860594877635e-01 0.000000000000000000e+00 5.269149404658861613e-01 -6.369079921258270494e-01 5.627687047250442554e-01 0.000000000000000000e+00 -1.997391780185036880e-01 -7.363954417351641357e-01 -6.463944910210636108e-01 0.000000000000000000e+00 7.028227129108242932e-02 1.855449287404385417e-01 1.579186853393608425e+00 1.000000000000000000e+00
8.259770733828595279e-01 2.288659757669194716e-01 -5.151525048753680114e-01 0.000000000000000000e+00 5.273224401409241091e-01 -6.366972990587025372e-01 5.626254343807924885e-01 0.000000000000000000e+00 -1.992304105472491316e-01 -7.363671801813191919e-01 -6.465837433380690058e-01 0.000000000000000000e+00 7.068791544231606272e-02 1.826273355234241669e-01 1.581935579991184726e+00 1.000000000000000000e+00
8.258396682374415931e-01 2.295548642534250283e-01 -5.150661318875464634e-01 0.000000000000000000e+00 5.277338512802959292e-01 -6.364816382701278252e-01 5.624836939523801815e-01 0.000000000000000000e+00 -1.987092095679135195e-01 -7.363391922236061093e-01 -6.467759747275273474e-01 0.000000000000000000e+00 7.108592740269602250e-02 1.797053957399312174e-01 1.584684191352002447e+00 1.000000000000000000e+00
8.257020689815915970e-01 2.302545941837762233e-01 -5.149742793271752106e-01 0.000000000000000000e+00 5.281494645346420658e-01 -6.362610377487454283e-01 5.623432598797220017e-01 0.000000000000000000e+00 -1.981758865239295342e-01 -7.363116064351543644e-01 -6.469710729028775864e-01 0.000000000000000000e+00 7.169578628288682254e-02 1.767609186937264543e-01 1.587355772779404095e+00 1.000000000000000000e+00
8.255643101493996827e-01 2.309649111381609499e-01 -5.148771372554127312e-01 0.000000000000000000e+00 5.285690925172941146e-01 -6.360353170265343747e-01 5.622042629204984099e-01 0.000000000000000000e+00 -1.976305286336388634e-01 -7.362841247616609408e-01 -6.471691378316205556e-01 0.000000000000000000e+00 7.231501043836950637e-02 1.738113975833641134e-01 1.590021198406618597e+00 1.000000000000000000e+00
8.254261450332475158e-01 2.316857016467657460e-01 -5.147747055777671665e-01 0.000000000000000000e+00 5.289926565431670724e-01 -6.358045804632102005e-01 5.620667583149532298e-01 0.000000000000000000e+00 -1.970732303545637831e-01 -7.362567111547329013e-01 -6.473700702599420875e-01 0.000000000000000000e+00 7.292706757664281503e-02 1.708584134076323313e-01 1.592686112799277964e+00 1.000000000000000000e+00
8.252879433486187688e-01 2.324169067748074191e-01 -5.146669017513817446e-01 0.000000000000000000e+00 5.294201493651491397e-01 -6.355691542849194464e-01 5.619305848774399648e-01 0.000000000000000000e+00 -1.965041981731770471e-01 -7.362296304377671241e-01 -6.475739040738797136e-01 0.000000000000000000e+00 7.353207256730753816e-02 1.679019841018726811e-01 1.595350599646842005e+00 1.000000000000000000e+00
8.251490581022031812e-01 2.331583864746374080e-01 -5.145539699387402521e-01 0.000000000000000000e+00 5.298513452223512221e-01 -6.353288125882385895e-01 5.617958824435601572e-01 0.000000000000000000e+00 -1.959235185879808494e-01 -7.362024982228012604e-01 -6.477805462944795645e-01 0.000000000000000000e+00 7.413047394447587479e-02 1.649419902101313951e-01 1.598014425002378669e+00 1.000000000000000000e+00
8.250100490698469846e-01 2.339099781370944930e-01 -5.144358158299682238e-01 0.000000000000000000e+00 5.302863557310377729e-01 -6.350837615128369640e-01 5.616624397151763759e-01 0.000000000000000000e+00 -1.953313663235915487e-01 -7.361755766646561616e-01 -6.479900392254573926e-01 0.000000000000000000e+00 7.472240016558376330e-02 1.619783648887008487e-01 1.600677893198920732e+00 1.000000000000000000e+00
8.248706005065469249e-01 2.346715051494925319e-01 -5.143124515626424920e-01 0.000000000000000000e+00 5.307249275234470209e-01 -6.348340245510869506e-01 5.615304936616460907e-01 0.000000000000000000e+00 -1.947278295047114860e-01 -7.361486070254518177e-01 -6.482022617490578176e-01 0.000000000000000000e+00 7.530766981456329945e-02 1.590114829868395641e-01 1.603340533030702231e+00 1.000000000000000000e+00
8.247309083568858945e-01 2.354429570155721907e-01 -5.141840127424124329e-01 0.000000000000000000e+00 5.311671821622285794e-01 -6.345796774792477057e-01 5.613998726233181413e-01 0.000000000000000000e+00 -1.941130739100136726e-01 -7.361217136327831145e-01 -6.484172576814702937e-01 0.000000000000000000e+00 7.588650641891642179e-02 1.560412663457728388e-01 1.606002540545149015e+00 1.000000000000000000e+00
8.245907032035854067e-01 2.362241751132699019e-01 -5.140506767746843009e-01 0.000000000000000000e+00 5.316130855297938052e-01 -6.343206794906813828e-01 5.612706820811446118e-01 0.000000000000000000e+00 -1.934871952612095269e-01 -7.360946948400262091e-01 -6.486350119392250146e-01 0.000000000000000000e+00 7.645944751249422744e-02 1.530676422960777494e-01 1.608664227192344587e+00 1.000000000000000000e+00
8.244501207588780245e-01 2.370148967670847873e-01 -5.139120624949994331e-01 0.000000000000000000e+00 5.320622981009849317e-01 -6.340570667117735315e-01 5.611427141446251321e-01 0.000000000000000000e+00 -1.928503552579388935e-01 -7.360675321213482336e-01 -6.488553025422590936e-01 0.000000000000000000e+00 7.702621051202854230e-02 1.500906105645613831e-01 1.611324717154608122e+00 1.000000000000000000e+00
8.243090505330116224e-01 2.378151491755418068e-01 -5.137686645752603809e-01 0.000000000000000000e+00 5.325149623275752253e-01 -6.337890292226125988e-01 5.610161391692228827e-01 0.000000000000000000e+00 -1.922027595923501142e-01 -7.360402264647233350e-01 -6.490784959735381721e-01 0.000000000000000000e+00 7.758730012543627041e-02 1.471100908607258506e-01 1.613985015922627886e+00 1.000000000000000000e+00
8.241676004532958455e-01 2.386247022957891373e-01 -5.136201979461978429e-01 0.000000000000000000e+00 5.329709509551621149e-01 -6.335165320241963327e-01 5.608908501958527193e-01 0.000000000000000000e+00 -1.915444664283167675e-01 -7.360128249444725101e-01 -6.493040605448795466e-01 0.000000000000000000e+00 7.814268002947467873e-02 1.441260781251694767e-01 1.616644489352397907e+00 1.000000000000000000e+00
8.240256570645040357e-01 2.394434806662605331e-01 -5.134669477415551020e-01 0.000000000000000000e+00 5.334302161314039559e-01 -6.332396582096815330e-01 5.607669196007977197e-01 0.000000000000000000e+00 -1.908756348170304318e-01 -7.359851137615016636e-01 -6.495324378829674394e-01 0.000000000000000000e+00 7.869266072796388123e-02 1.411388470892437630e-01 1.619303306936320963e+00 1.000000000000000000e+00
8.238832038244587874e-01 2.402713010025957496e-01 -5.133087056699711104e-01 0.000000000000000000e+00 5.338926585775002343e-01 -6.329584973871263953e-01 5.606442712344978929e-01 0.000000000000000000e+00 -1.901963154071811546e-01 -7.359572356931087800e-01 -6.497631713939715503e-01 0.000000000000000000e+00 7.923689837687100668e-02 1.381487489335494756e-01 1.621960872241978047e+00 1.000000000000000000e+00
8.237402264648101546e-01 2.411081643788579587e-01 -5.131457714528353531e-01 0.000000000000000000e+00 5.343582695026375395e-01 -6.326730159671549725e-01 5.605228887674494898e-01 0.000000000000000000e+00 -1.895067968259350755e-01 -7.359289710656190531e-01 -6.499965618860195082e-01 0.000000000000000000e+00 7.977632763115856396e-02 1.351545316587795531e-01 1.624618379290613923e+00 1.000000000000000000e+00
8.235967802217001310e-01 2.419538743425079241e-01 -5.129779578301437715e-01 0.000000000000000000e+00 5.348268497279429212e-01 -6.323834992859574955e-01 5.604027289459507788e-01 0.000000000000000000e+00 -1.888071344884828251e-01 -7.359004260332387970e-01 -6.502325096786536474e-01 0.000000000000000000e+00 8.036833002131522907e-02 1.321556531534245904e-01 1.627251603207873654e+00 1.000000000000000000e+00
8.234528547835311407e-01 2.428080731684433557e-01 -5.128055179952231146e-01 0.000000000000000000e+00 5.352985409492837521e-01 -6.320895613855490591e-01 5.602839957963575701e-01 0.000000000000000000e+00 -1.880975008198872700e-01 -7.358714908410913802e-01 -6.504707929971240699e-01 0.000000000000000000e+00 8.112671630857923311e-02 1.291497014215306771e-01 1.629815750945114328e+00 1.000000000000000000e+00
8.233082095253463351e-01 2.436709701866431876e-01 -5.126283259349411203e-01 0.000000000000000000e+00 5.357729785271914125e-01 -6.317916961541606424e-01 5.601664516293173302e-01 0.000000000000000000e+00 -1.873779512921432411e-01 -7.358421765314747676e-01 -6.507116546547832003e-01 0.000000000000000000e+00 8.188047386117432158e-02 1.261403778035204704e-01 1.632379493607982068e+00 1.000000000000000000e+00
8.231629648946552358e-01 2.445422155553871879e-01 -5.124464968295339151e-01 0.000000000000000000e+00 5.362502938041746603e-01 -6.314896017384634685e-01 5.600501277822536039e-01 0.000000000000000000e+00 -1.866487181656456273e-01 -7.358122503136820258e-01 -6.509549515924822893e-01 0.000000000000000000e+00 8.262935806967917907e-02 1.231287350114546597e-01 1.634941870346900084e+00 1.000000000000000000e+00
8.230171884715759001e-01 2.454218348345308942e-01 -5.122601549880864136e-01 0.000000000000000000e+00 5.367305983801790026e-01 -6.311836788847663415e-01 5.599350834900495011e-01 0.000000000000000000e+00 -1.859099213403297701e-01 -7.357820850386064260e-01 -6.512005872541983820e-01 0.000000000000000000e+00 8.337421043173540158e-02 1.201142112548554408e-01 1.637503828469280220e+00 1.000000000000000000e+00
8.228708712624999144e-01 2.463096468469580524e-01 -5.120691749557493289e-01 0.000000000000000000e+00 5.372134344582574217e-01 -6.308738630330762431e-01 5.598211897758392785e-01 0.000000000000000000e+00 -1.851616163426010597e-01 -7.357511661221916022e-01 -6.514487679596625558e-01 0.000000000000000000e+00 8.411453081807394871e-02 1.170963180504621531e-01 1.640065381443999826e+00 1.000000000000000000e+00
8.227238609085147925e-01 2.472053948241628996e-01 -5.118736080543421219e-01 0.000000000000000000e+00 5.376989633939783797e-01 -6.305600496565167967e-01 5.597085242238972747e-01 0.000000000000000000e+00 -1.844040288717974374e-01 -7.357195851653872687e-01 -6.516990630693239028e-01 0.000000000000000000e+00 8.485071115546673204e-02 1.140759004943391469e-01 1.642625499503981512e+00 1.000000000000000000e+00
8.225762619959288147e-01 2.481091367556929050e-01 -5.116736797450098795e-01 0.000000000000000000e+00 5.381871332551172449e-01 -6.302424266107705675e-01 5.595970784798407482e-01 0.000000000000000000e+00 -1.836372789945290296e-01 -7.356874860106438208e-01 -6.519517635334107775e-01 0.000000000000000000e+00 8.558293898135405087e-02 1.110528546363549196e-01 1.645185098538483937e+00 1.000000000000000000e+00
8.224279103672560431e-01 2.490206371656867590e-01 -5.114692137329022170e-01 0.000000000000000000e+00 5.386775779557402277e-01 -6.299212207171319688e-01 5.594868526389777941e-01 0.000000000000000000e+00 -1.828614409909550265e-01 -7.356548342868226564e-01 -6.522067737208944171e-01 0.000000000000000000e+00 8.631110441386152798e-02 1.080270404012801527e-01 1.647743856920258709e+00 1.000000000000000000e+00
8.222788845783338685e-01 2.499398292420222378e-01 -5.112604179445565666e-01 0.000000000000000000e+00 5.391706922852643746e-01 -6.295960982051552746e-01 5.593776613654374286e-01 0.000000000000000000e+00 -1.820767823797701801e-01 -7.356212077896433499e-01 -6.524639966681317071e-01 0.000000000000000000e+00 8.703584298046113110e-02 1.049982950898243339e-01 1.650301505801379687e+00 1.000000000000000000e+00
8.221291785899407234e-01 2.508664984510406981e-01 -5.110472609927729781e-01 0.000000000000000000e+00 5.396660885229703775e-01 -6.292674045591299947e-01 5.592697937121342555e-01 0.000000000000000000e+00 -1.812832699873516973e-01 -7.355870606263789080e-01 -6.527234686343017511e-01 0.000000000000000000e+00 8.775686032943633141e-02 1.019671009901280678e-01 1.652858576482446606e+00 1.000000000000000000e+00
8.219788401159954239e-01 2.518005961071189680e-01 -5.108297787103989185e-01 0.000000000000000000e+00 5.401639217932550086e-01 -6.289352380353960825e-01 5.591630583764368723e-01 0.000000000000000000e+00 -1.804812271019546333e-01 -7.355521316060030790e-01 -6.529851006558833326e-01 0.000000000000000000e+00 8.847462317198674653e-02 9.893265486461404190e-02 1.655414983853056965e+00 1.000000000000000000e+00
8.218276966271903516e-01 2.527419044712326257e-01 -5.106080349694600562e-01 0.000000000000000000e+00 5.406639051324972911e-01 -6.285993704122362358e-01 5.590573886749454768e-01 0.000000000000000000e+00 -1.796706938121901131e-01 -7.355161995339938308e-01 -6.532490018829875122e-01 0.000000000000000000e+00 8.918897885278706528e-02 9.589592728044216141e-02 1.657970283260852051e+00 1.000000000000000000e+00
8.216758041673158930e-01 2.536904114516095321e-01 -5.103820817600763782e-01 0.000000000000000000e+00 5.411660396494755165e-01 -6.282601234359744824e-01 5.589529233334746827e-01 0.000000000000000000e+00 -1.788516677756124829e-01 -7.354794961125215025e-01 -6.535148894878893833e-01 0.000000000000000000e+00 8.990003237852960127e-02 9.285645075297929707e-02 1.660524621715117721e+00 1.000000000000000000e+00
8.215230507023321138e-01 2.546459558115833355e-01 -5.101520130779264584e-01 0.000000000000000000e+00 5.416702800092485504e-01 -6.279175733496583645e-01 5.588495586773118973e-01 0.000000000000000000e+00 -1.780245332804190617e-01 -7.354420212756928033e-01 -6.537831151609148073e-01 0.000000000000000000e+00 9.060829869391782976e-02 8.981425551395469387e-02 1.663078243384668253e+00 1.000000000000000000e+00
8.213698792564019246e-01 2.556082651966679609e-01 -5.099175743312133191e-01 0.000000000000000000e+00 5.421765581984342441e-01 -6.275715368061497434e-01 5.587472059399093416e-01 0.000000000000000000e+00 -1.771893459820017558e-01 -7.354034032214918915e-01 -6.540531796206954240e-01 0.000000000000000000e+00 9.131338638770351845e-02 8.676947799667339423e-02 1.665630472742042345e+00 1.000000000000000000e+00
8.212154528563934131e-01 2.565774101150074538e-01 -5.096792864074969343e-01 0.000000000000000000e+00 5.426847826602437808e-01 -6.272221740580181670e-01 5.586460357123138598e-01 0.000000000000000000e+00 -1.763461415796855614e-01 -7.353638982231142096e-01 -6.543255127681690819e-01 0.000000000000000000e+00 9.219706077179655457e-02 8.372913877495505308e-02 1.668100452702057535e+00 1.000000000000000000e+00
8.210605459719381161e-01 2.575531322392161093e-01 -5.094366746360646792e-01 0.000000000000000000e+00 5.431949353614637932e-01 -6.268697132886933421e-01 5.585457970398499672e-01 0.000000000000000000e+00 -1.754952178157646869e-01 -7.353233197086743722e-01 -6.545997000951785383e-01 0.000000000000000000e+00 9.311809685462248132e-02 8.068780600911068523e-02 1.670551239718096381e+00 1.000000000000000000e+00
8.209048235356520840e-01 2.585353898863807509e-01 -5.091901691318582168e-01 0.000000000000000000e+00 5.437069162967684832e-01 -6.265141063260338816e-01 5.584467102317669518e-01 0.000000000000000000e+00 -1.746365616153243427e-01 -7.352819543903632571e-01 -6.548759874284090232e-01 0.000000000000000000e+00 9.403635972433632695e-02 7.764483226043658592e-02 1.673001067285299293e+00 1.000000000000000000e+00
8.207480144615668660e-01 2.595239812591130790e-01 -5.089397543547691249e-01 0.000000000000000000e+00 5.442206371758857575e-01 -6.261552923846757102e-01 5.583486857831940764e-01 0.000000000000000000e+00 -1.737703659235520226e-01 -7.352392012116164555e-01 -6.551542252391411303e-01 0.000000000000000000e+00 9.495250505926673690e-02 7.459956733875620916e-02 1.675450153579339130e+00 1.000000000000000000e+00
8.205904886950144972e-01 2.605188575726977152e-01 -5.086853231799586261e-01 0.000000000000000000e+00 5.447360513251274794e-01 -6.257935497377192791e-01 5.582516819544213194e-01 0.000000000000000000e+00 -1.728968451039153142e-01 -7.351954739830579566e-01 -6.554344263450212482e-01 0.000000000000000000e+00 9.586647921778478076e-02 7.155225493322950325e-02 1.677898253284016983e+00 1.000000000000000000e+00
8.204322780437813822e-01 2.615196951287980798e-01 -5.084269793522827596e-01 0.000000000000000000e+00 5.452530610392456456e-01 -6.254286943763718298e-01 5.581557631091460525e-01 0.000000000000000000e+00 -1.720160671890795800e-01 -7.351503840845672322e-01 -6.557165479749919035e-01 0.000000000000000000e+00 9.677819812129660748e-02 6.850277471417881570e-02 1.680345409173145788e+00 1.000000000000000000e+00
8.202731484298538822e-01 2.625266950862718551e-01 -5.081648313183275700e-01 0.000000000000000000e+00 5.457717634377396987e-01 -6.250611017711052986e-01 5.580607395553468519e-01 0.000000000000000000e+00 -1.711281844411370046e-01 -7.351043649866532137e-01 -6.560005708827564286e-01 0.000000000000000000e+00 9.768822049654783679e-02 6.545104881230787153e-02 1.682791949204873072e+00 1.000000000000000000e+00
8.201131645234268630e-01 2.635394964794327555e-01 -5.078988550298341176e-01 0.000000000000000000e+00 5.462919839184889881e-01 -6.246904672441251360e-01 5.579666777481940843e-01 0.000000000000000000e+00 -1.702333246804537958e-01 -7.350567641359487814e-01 -6.562864305030884360e-01 0.000000000000000000e+00 9.859631623871660533e-02 6.239724509018526599e-02 1.685237136276845016e+00 1.000000000000000000e+00
8.199521923766149856e-01 2.645580022204309656e-01 -5.076291365366213393e-01 0.000000000000000000e+00 5.468135695676260566e-01 -6.243171188442105946e-01 5.578736156308309324e-01 0.000000000000000000e+00 -1.693316353003422869e-01 -7.350081770052258046e-01 -6.565742159289253976e-01 0.000000000000000000e+00 9.950264099043884536e-02 5.934205108439902232e-02 1.687681300490949887e+00 1.000000000000000000e+00
8.197903759398231793e-01 2.655820269342367701e-01 -5.073556168994598492e-01 0.000000000000000000e+00 5.473364235008750800e-01 -6.239410153676404613e-01 5.577815252100754018e-01 0.000000000000000000e+00 -1.684232169489121855e-01 -7.349581918742459363e-01 -6.568636943190945265e-01 0.000000000000000000e+00 1.004075487441371956e-01 5.628423496069127202e-02 1.690124870899787579e+00 1.000000000000000000e+00
8.196275774086738686e-01 2.666116658778246995e-01 -5.070784349320865969e-01 0.000000000000000000e+00 5.478605257825893693e-01 -6.235623920373578599e-01 5.576903852895849223e-01 0.000000000000000000e+00 -1.675082776590957889e-01 -7.349069095448136357e-01 -6.571551353404216922e-01 0.000000000000000000e+00 1.013108445669303609e-01 5.322442629089126770e-02 1.692567317916769509e+00 1.000000000000000000e+00
8.194639153774820883e-01 2.676465027772381156e-01 -5.067975984954316004e-01 0.000000000000000000e+00 5.483859639328759750e-01 -6.231810405155158161e-01 5.576002549427305777e-01 0.000000000000000000e+00 -1.665868774658871565e-01 -7.348541083278673502e-01 -6.574481291306236708e-01 0.000000000000000000e+00 1.022128469089786801e-01 5.016270863331850904e-02 1.695008743475449942e+00 1.000000000000000000e+00
8.192993821697615031e-01 2.686866212607560422e-01 -5.065131953715844570e-01 0.000000000000000000e+00 5.489125410455352183e-01 -6.227972174379015069e-01 5.575110183120006724e-01 0.000000000000000000e+00 -1.656591914387042508e-01 -7.348000866255691710e-01 -6.577430650553067748e-01 0.000000000000000000e+00 1.031138473800909672e-01 4.709876896098616483e-02 1.697449540697416603e+00 1.000000000000000000e+00
8.191338978424347328e-01 2.697318842293744412e-01 -5.062252599965535449e-01 0.000000000000000000e+00 5.494403530970957128e-01 -6.224107954930176989e-01 5.574225001904701271e-01 0.000000000000000000e+00 -1.647254403952995161e-01 -7.347443412480408886e-01 -6.580395747767913139e-01 0.000000000000000000e+00 1.040138081434239525e-01 4.403294269854055726e-02 1.699888856870231058e+00 1.000000000000000000e+00
8.189676277300812490e-01 2.707820583792672764e-01 -5.059337717419623015e-01 0.000000000000000000e+00 5.499691367518450003e-01 -6.220221945611051906e-01 5.573350348134713528e-01 0.000000000000000000e+00 -1.637856613863631905e-01 -7.346873606625939912e-01 -6.583379142203408252e-01 0.000000000000000000e+00 1.049124825628124230e-01 4.096552778451337251e-02 1.702327163429281365e+00 1.000000000000000000e+00
8.188002059883340289e-01 2.718370099094267744e-01 -5.056387534001196560e-01 0.000000000000000000e+00 5.504988074611286697e-01 -6.216310804142084478e-01 5.572483848151513763e-01 0.000000000000000000e+00 -1.628399627297971997e-01 -7.346287972078087147e-01 -6.586376990493970629e-01 0.000000000000000000e+00 1.059491179391702786e-01 3.791058653982177368e-02 1.704694626257433843e+00 1.000000000000000000e+00
8.186319979770217969e-01 2.728967124113345077e-01 -5.053403595183697528e-01 0.000000000000000000e+00 5.510294882868728150e-01 -6.212376560437544715e-01 5.571625804444989560e-01 0.000000000000000000e+00 -1.618885944441489921e-01 -7.345685594962515497e-01 -6.589392806631907407e-01 0.000000000000000000e+00 1.070579858587273059e-01 3.486204217116910253e-02 1.707024026484270429e+00 1.000000000000000000e+00
8.184627356068625570e-01 2.739609610985132560e-01 -5.050384389853497247e-01 0.000000000000000000e+00 5.515608244228178414e-01 -6.208421534924891683e-01 5.570775880157475823e-01 0.000000000000000000e+00 -1.609315634374398618e-01 -7.345067260238249407e-01 -6.592424738932579631e-01 0.000000000000000000e+00 1.081660190034234720e-01 3.181196988966448341e-02 1.709352535785127802e+00 1.000000000000000000e+00
8.182924626614498376e-01 2.750297555028311525e-01 -5.047334117355108951e-01 0.000000000000000000e+00 5.520931111075318976e-01 -6.204444700490310272e-01 5.569934556350015775e-01 0.000000000000000000e+00 -1.599692294837438689e-01 -7.344433810453356859e-01 -6.595473756811364163e-01 0.000000000000000000e+00 1.092742334558015199e-01 2.876032612561487539e-02 1.711680669977609037e+00 1.000000000000000000e+00
8.181213506839053462e-01 2.761028582142056043e-01 -5.044249097699027296e-01 0.000000000000000000e+00 5.526260465022048152e-01 -6.200448103206143147e-01 5.569100463708255289e-01 0.000000000000000000e+00 -1.590015350833310637e-01 -7.343784088620780581e-01 -6.598537564486274265e-01 0.000000000000000000e+00 1.103814676745637907e-01 2.570780076205264608e-02 1.714006985171768749e+00 1.000000000000000000e+00
8.179491909116270998e-01 2.771800611542620252e-01 -5.041130578359628300e-01 0.000000000000000000e+00 5.531596465558007436e-01 -6.196429808844423626e-01 5.568274157882916464e-01 0.000000000000000000e+00 -1.580286241733129537e-01 -7.343116186405409529e-01 -6.601614936253273891e-01 0.000000000000000000e+00 1.114885565798291039e-01 2.265364430814199859e-02 1.716332372192800326e+00 1.000000000000000000e+00
8.177761221975656802e-01 2.782613911225959580e-01 -5.037980849516672244e-01 0.000000000000000000e+00 5.536937709219398318e-01 -6.192393503302144886e-01 5.567455858805213653e-01 0.000000000000000000e+00 -1.570507226148521729e-01 -7.342433445403102610e-01 -6.604709067902342357e-01 0.000000000000000000e+00 1.125957555171821500e-01 1.959790223639337053e-02 1.718657317472249924e+00 1.000000000000000000e+00
8.176020749144425892e-01 2.793466079486977560e-01 -5.034799055991282524e-01 0.000000000000000000e+00 5.542284373289839694e-01 -6.188337071709665294e-01 5.566645439424531272e-01 0.000000000000000000e+00 -1.560679331597111252e-01 -7.341730008795663842e-01 -6.607818394211156798e-01 0.000000000000000000e+00 1.137027057687686471e-01 1.654078689797259041e-02 1.720981158223827467e+00 1.000000000000000000e+00
8.174270369220335564e-01 2.804358839604534359e-01 -5.031585686113260181e-01 0.000000000000000000e+00 5.547636353509550755e-01 -6.184265506047336158e-01 5.565840070761589597e-01 0.000000000000000000e+00 -1.550804051345387180e-01 -7.341011049647363507e-01 -6.610943291150067624e-01 0.000000000000000000e+00 1.148098189319886470e-01 1.348216484752689376e-02 1.723303764447682962e+00 1.000000000000000000e+00
8.172509671844825352e-01 2.815286264456995369e-01 -5.028341569067025230e-01 0.000000000000000000e+00 5.552992024267459081e-01 -6.180173581738220845e-01 5.565043695386098221e-01 0.000000000000000000e+00 -1.540883035466490969e-01 -7.340272149366136034e-01 -6.614081203314546853e-01 0.000000000000000000e+00 1.159172288507080012e-01 1.042244578431110458e-02 1.725625369406452947e+00 1.000000000000000000e+00
8.170739421921319190e-01 2.826250348993629147e-01 -5.025066772381584501e-01 0.000000000000000000e+00 5.558350717163689225e-01 -6.176066560407738049e-01 5.564252900310469041e-01 0.000000000000000000e+00 -1.530917424532645676e-01 -7.339515720921975239e-01 -6.617234495155877028e-01 0.000000000000000000e+00 1.170249176280228343e-01 7.361130180143288758e-03 1.727946036020899578e+00 1.000000000000000000e+00
8.168960810323449007e-01 2.837248408121387788e-01 -5.021761270349890394e-01 0.000000000000000000e+00 5.563712076531984740e-01 -6.171943766068042070e-01 5.563469833858482039e-01 0.000000000000000000e+00 -1.520908211967891832e-01 -7.338740190886454684e-01 -6.620401345543697191e-01 0.000000000000000000e+00 1.181328443341130990e-01 4.298503012471463491e-03 1.730265578076285227e+00 1.000000000000000000e+00
8.167170419374290002e-01 2.848279722244534962e-01 -5.018426085181469931e-01 0.000000000000000000e+00 5.569074612601631058e-01 -6.167806243821037926e-01 5.562692366077159889e-01 0.000000000000000000e+00 -1.510856684732932997e-01 -7.337947800765807216e-01 -6.623582479015438507e-01 0.000000000000000000e+00 1.192414610715748363e-01 1.234367671543592972e-03 1.732584364028763035e+00 1.000000000000000000e+00
8.165371023741971879e-01 2.859343101811379073e-01 -5.015062535228236307e-01 0.000000000000000000e+00 5.574441100709884855e-01 -6.163652758726135827e-01 5.561922331771831374e-01 0.000000000000000000e+00 -1.500765864812267369e-01 -7.337133263808789385e-01 -6.626776688223011691e-01 0.000000000000000000e+00 1.203507462041441961e-01 -1.831127041765837418e-03 1.734901875692694828e+00 1.000000000000000000e+00
8.163560935573969113e-01 2.870436682414822527e-01 -5.011668459156206623e-01 0.000000000000000000e+00 5.579804695289559691e-01 -6.159486510006373372e-01 5.561158146725657669e-01 0.000000000000000000e+00 -1.490635020395107146e-01 -7.336299585704326720e-01 -6.629984570267810629e-01 0.000000000000000000e+00 1.214603077265919290e-01 -4.897565379624539694e-03 1.737218068188890907e+00 1.000000000000000000e+00
8.161743082138037675e-01 2.881560852889689661e-01 -5.008247079148028247e-01 0.000000000000000000e+00 5.585171741867044348e-01 -6.155307860754438698e-01 5.560398359953510061e-01 0.000000000000000000e+00 -1.480467398409098523e-01 -7.335446223908063113e-01 -6.633207169062621533e-01 0.000000000000000000e+00 1.227283659158524692e-01 -7.938053909967797764e-03 1.739445691437518704e+00 1.000000000000000000e+00
8.159913255917106145e-01 2.892712595300767076e-01 -5.004797455440596066e-01 0.000000000000000000e+00 5.590535871892426956e-01 -6.151116666343874329e-01 5.559645826809594960e-01 0.000000000000000000e+00 -1.470263193794785761e-01 -7.334572679543114315e-01 -6.636442225650659443e-01 0.000000000000000000e+00 1.240410232415772168e-01 -1.097105395232882315e-02 1.741647707160366876e+00 1.000000000000000000e+00
8.158075088576048906e-01 2.903891946031636473e-01 -5.001318986212408557e-01 0.000000000000000000e+00 5.595900356978658063e-01 -6.146913364514676736e-01 5.558896015017130710e-01 0.000000000000000000e+00 -1.460023941520822710e-01 -7.333678699744519136e-01 -6.639688689135248012e-01 0.000000000000000000e+00 1.253546156261415856e-01 -1.400490461847193370e-02 1.743848075251168250e+00 1.000000000000000000e+00
8.156226684874883226e-01 2.915096268406113800e-01 -4.997814251710552824e-01 0.000000000000000000e+00 5.601262443729142504e-01 -6.142700260753503061e-01 5.558153882248363375e-01 0.000000000000000000e+00 -1.449751786277055088e-01 -7.332764990884355072e-01 -6.642949902830673770e-01 0.000000000000000000e+00 1.266696223230148466e-01 -1.703991972081780187e-02 1.746048412860034205e+00 1.000000000000000000e+00
8.154368131526965602e-01 2.926325291488006131e-01 -4.994283783102523300e-01 0.000000000000000000e+00 5.606623539116598609e-01 -6.138475162380249150e-01 5.557416689837769708e-01 0.000000000000000000e+00 -1.439447145944683648e-01 -7.331828882027886518e-01 -6.646222465362188192e-01 0.000000000000000000e+00 1.279856633365541452e-01 -2.007538164737457734e-02 1.748247358714724919e+00 1.000000000000000000e+00
8.152500726276418197e-01 2.937578257387559733e-01 -4.990724617274548414e-01 0.000000000000000000e+00 5.611980254908109922e-01 -6.134242529394720034e-01 5.556682795707702516e-01 0.000000000000000000e+00 -1.429112439863300110e-01 -7.330871863628081186e-01 -6.649506477736492061e-01 0.000000000000000000e+00 1.293027304737891792e-01 -2.311166861278719786e-02 1.750444831418248137e+00 1.000000000000000000e+00
8.150624905450233326e-01 2.948852817626595457e-01 -4.987140822989578615e-01 0.000000000000000000e+00 5.617334935520408301e-01 -6.130000650347303681e-01 5.555954036028585286e-01 0.000000000000000000e+00 -1.418748836531340818e-01 -7.329893527698344569e-01 -6.652804215221465034e-01 0.000000000000000000e+00 1.306216250393212042e-01 -2.614923452223109554e-02 1.752642008270219875e+00 1.000000000000000000e+00
8.148736690985225462e-01 2.960148327245684108e-01 -4.983531250712505134e-01 0.000000000000000000e+00 5.622684637897642501e-01 -6.125751036373514591e-01 5.555229298448205455e-01 0.000000000000000000e+00 -1.408356747096098927e-01 -7.328893101298122881e-01 -6.656113354319922459e-01 0.000000000000000000e+00 1.319419500158633962e-01 -2.918747331243291485e-02 1.754837807303003094e+00 1.000000000000000000e+00
8.146839950909676720e-01 2.971464085024136392e-01 -4.979896521493951123e-01 0.000000000000000000e+00 5.628029254835715811e-01 -6.121494989114849572e-01 5.554508346622731851e-01 0.000000000000000000e+00 -1.397939044833376998e-01 -7.327871540290085139e-01 -6.659434331047021649e-01 0.000000000000000000e+00 1.332636646241363576e-01 -3.222656795224766030e-02 1.757032555025838327e+00 1.000000000000000000e+00
8.144934869204866201e-01 2.982796289856871619e-01 -4.976236086667476521e-01 0.000000000000000000e+00 5.633368507187109797e-01 -6.117231608676581001e-01 5.553792307955254248e-01 0.000000000000000000e+00 -1.387495838121571567e-01 -7.326826327291154906e-01 -6.662766599066832773e-01 0.000000000000000000e+00 1.345872818200257448e-01 -3.526679866393399310e-02 1.759226575713953133e+00 1.000000000000000000e+00
8.143020093962178851e-01 2.994146508122851325e-01 -4.972552321422914479e-01 0.000000000000000000e+00 5.638702553698368147e-01 -6.112962408324907893e-01 5.553079389352877371e-01 0.000000000000000000e+00 -1.377029191895435267e-01 -7.325759319770558387e-01 -6.666110961839608606e-01 0.000000000000000000e+00 1.359122550249150518e-01 -3.830720858425539638e-02 1.761419205042659586e+00 1.000000000000000000e+00
8.141095604493372440e-01 3.005514025356252894e-01 -4.968844828333220387e-01 0.000000000000000000e+00 5.644030741376528937e-01 -6.108689974099089648e-01 5.552369221184768611e-01 0.000000000000000000e+00 -1.366540613746795585e-01 -7.324669778171171153e-01 -6.669466176149064784e-01 0.000000000000000000e+00 1.372395645395091401e-01 -4.134940658314203987e-02 1.763611121386682745e+00 1.000000000000000000e+00
8.139162300663559391e-01 3.016894988615210771e-01 -4.965113502904349718e-01 0.000000000000000000e+00 5.649351967407114650e-01 -6.104411966712999238e-01 5.551662863191485497e-01 0.000000000000000000e+00 -1.356031165988656750e-01 -7.323555829844419218e-01 -6.672832121997037680e-01 0.000000000000000000e+00 1.385686781941027623e-01 -4.439216684712129352e-02 1.765801716884056960e+00 1.000000000000000000e+00
8.137220042611316151e-01 3.028290354122068484e-01 -4.961359121334479316e-01 0.000000000000000000e+00 5.654664639327652287e-01 -6.100132187751550195e-01 5.550958370158460831e-01 0.000000000000000000e+00 -1.345503065012107202e-01 -7.322419497507033359e-01 -6.676210125488066804e-01 0.000000000000000000e+00 1.398998384279518670e-01 -4.743597275293200827e-02 1.767991224132818617e+00 1.000000000000000000e+00
8.135269315912054822e-01 3.039697486384696501e-01 -4.957581743567771593e-01 0.000000000000000000e+00 5.659970181193313410e-01 -6.095849526865583234e-01 5.550256831139092073e-01 0.000000000000000000e+00 -1.334957002964126116e-01 -7.321261001669281399e-01 -6.679597998896351640e-01 0.000000000000000000e+00 1.412746219873078080e-01 -5.046986059620698489e-02 1.770153900014016513e+00 1.000000000000000000e+00
8.133307764958307429e-01 3.051115347198317118e-01 -4.953782933981979442e-01 0.000000000000000000e+00 5.665265019513225919e-01 -6.091563641699196952e-01 5.549557077956177586e-01 0.000000000000000000e+00 -1.324394608718043043e-01 -7.320076499178251872e-01 -6.682996999991794862e-01 0.000000000000000000e+00 1.427997269615428888e-01 -5.346686280787102397e-02 1.772224275724231024e+00 1.000000000000000000e+00
8.131338814396839032e-01 3.062542799377732106e-01 -4.949962089804064713e-01 0.000000000000000000e+00 5.670551100283975909e-01 -6.087278117345238382e-01 5.548861376015630231e-01 0.000000000000000000e+00 -1.313817143383015085e-01 -7.318869336805507997e-01 -6.686406779759110908e-01 0.000000000000000000e+00 1.443270369775332407e-01 -5.646410197504235506e-02 1.774293906707868906e+00 1.000000000000000000e+00
8.129360996048156096e-01 3.073980013697870106e-01 -4.946119504642977893e-01 0.000000000000000000e+00 5.675829627789873433e-01 -6.082992705279866019e-01 5.548165684424830602e-01 0.000000000000000000e+00 -1.303225657627240242e-01 -7.317637447943203810e-01 -6.689825182936420811e-01 0.000000000000000000e+00 1.458571415585659670e-01 -5.946246869024376241e-02 1.776362448004364936e+00 1.000000000000000000e+00
8.127376352926077852e-01 3.085424749633070562e-01 -4.942256000680797512e-01 0.000000000000000000e+00 5.681096848521913767e-01 -6.078708000802222067e-01 5.547470543810890664e-01 0.000000000000000000e+00 -1.292623397389966455e-01 -7.316382680239268410e-01 -6.693255947827589925e-01 0.000000000000000000e+00 1.473894660173828419e-01 -6.246071625288990986e-02 1.778429698795767733e+00 1.000000000000000000e+00
8.125380927584376911e-01 3.096874768276237644e-01 -4.938372896241144394e-01 0.000000000000000000e+00 5.686351607256415752e-01 -6.074424435579770520e-01 5.546779275834647915e-01 0.000000000000000000e+00 -1.282009019872999700e-01 -7.315101783454946993e-01 -6.696695856744472319e-01 0.000000000000000000e+00 1.489240883007851568e-01 -6.545966020118262896e-02 1.780496359253635807e+00 1.000000000000000000e+00
8.123379092319115147e-01 3.108330410025116342e-01 -4.934468399522048965e-01 0.000000000000000000e+00 5.691596620200558565e-01 -6.070143208485906383e-01 5.546086495968772789e-01 0.000000000000000000e+00 -1.271386577683426555e-01 -7.313796711340859735e-01 -6.700145178340534136e-01 0.000000000000000000e+00 1.504614876125912881e-01 -6.845901543341562090e-02 1.782561473496198756e+00 1.000000000000000000e+00
8.121368166614657547e-01 3.119789957575229145e-01 -4.930544762092195499e-01 0.000000000000000000e+00 5.696828216640262843e-01 -6.065865427288179568e-01 5.545395458446901182e-01 0.000000000000000000e+00 -1.260755322232612607e-01 -7.312466677548588034e-01 -6.703604210575816458e-01 0.000000000000000000e+00 1.520014180318244312e-01 -7.145896004281247771e-02 1.784625884010697439e+00 1.000000000000000000e+00
8.119348334696091518e-01 3.131252857230353848e-01 -4.926602610067649657e-01 0.000000000000000000e+00 5.702046936217674000e-01 -6.061591635826583113e-01 5.544704391005845778e-01 0.000000000000000000e+00 -1.250117813374534981e-01 -7.311112599121515343e-01 -6.707073634737441559e-01 0.000000000000000000e+00 1.535441883793910167e-01 -7.445938213908782910e-02 1.786689140434048806e+00 1.000000000000000000e+00
8.117322014578818301e-01 3.142715256464752582e-01 -4.922640618044848981e-01 0.000000000000000000e+00 5.707252803237149452e-01 -6.057321813038695213e-01 5.544014471683226253e-01 0.000000000000000000e+00 -1.239476100035343531e-01 -7.309732387557837940e-01 -6.710552423931535060e-01 0.000000000000000000e+00 1.550899505003221213e-01 -7.746059292555070031e-02 1.788751708942825536e+00 1.000000000000000000e+00
8.115288433875463836e-01 3.154179696592649962e-01 -4.918660585704447974e-01 0.000000000000000000e+00 5.712446715468679770e-01 -6.053057875123361020e-01 5.543322768447098703e-01 0.000000000000000000e+00 -1.228830392297432933e-01 -7.308325369384142123e-01 -6.714040458589910498e-01 0.000000000000000000e+00 1.566386908005913403e-01 -8.046247079973403715e-02 1.790812745687210494e+00 1.000000000000000000e+00
8.113246593674721119e-01 3.165642794308335395e-01 -4.914663201490118705e-01 0.000000000000000000e+00 5.717624991133970491e-01 -6.048800322193564893e-01 5.542632051614311273e-01 0.000000000000000000e+00 -1.218181999722130204e-01 -7.306894117166194969e-01 -6.717537880671373696e-01 0.000000000000000000e+00 1.581901169088724968e-01 -8.346466658678254602e-02 1.792872991094524915e+00 1.000000000000000000e+00
8.111197472554957377e-01 3.177103452486858548e-01 -4.910647354839834944e-01 0.000000000000000000e+00 5.722787364974226687e-01 -6.044550157271482149e-01 5.541939537245246239e-01 0.000000000000000000e+00 -1.207533801554921266e-01 -7.305436180345851183e-01 -6.721044724779845492e-01 0.000000000000000000e+00 1.597446919996823034e-01 -8.646776202399455991e-02 1.794931929901503187e+00 1.000000000000000000e+00
8.109140850923994837e-01 3.188561836028216412e-01 -4.906614993368765831e-01 0.000000000000000000e+00 5.727936494450956983e-01 -6.040308014193831454e-01 5.541245701200794294e-01 0.000000000000000000e+00 -1.196886186015409109e-01 -7.303952953990117125e-01 -6.724560386923137401e-01 0.000000000000000000e+00 1.613025456716325468e-01 -8.947149379393887214e-02 1.796989701444891230e+00 1.000000000000000000e+00
8.107077948081018448e-01 3.200015360895094307e-01 -4.902566301668330184e-01 0.000000000000000000e+00 5.733068802766930760e-01 -6.036075010120246498e-01 5.540551231636570151e-01 0.000000000000000000e+00 -1.186240096582541065e-01 -7.302444956351623606e-01 -6.728085591850750946e-01 0.000000000000000000e+00 1.628635010775220382e-01 -9.247584222293378509e-02 1.799046554364353678e+00 1.000000000000000000e+00
8.105009284335594755e-01 3.211462775054287899e-01 -4.898500694438778225e-01 0.000000000000000000e+00 5.738184817872139520e-01 -6.031850995080371147e-01 5.539855058050068282e-01 0.000000000000000000e+00 -1.175598647276339392e-01 -7.300908454085512922e-01 -6.731618635971438058e-01 0.000000000000000000e+00 1.646428492333047722e-01 -9.518685916417772563e-02 1.801199478204275062e+00 1.000000000000000000e+00
8.102931854433151893e-01 3.222903416904729923e-01 -4.894419520572115823e-01 0.000000000000000000e+00 5.743283322938974589e-01 -6.027637638638646544e-01 5.539156802728184559e-01 0.000000000000000000e+00 -1.164961998868291743e-01 -7.299346515484234077e-01 -6.735161418902493313e-01 0.000000000000000000e+00 1.664282356088778170e-01 -9.789302155362658575e-02 1.803353229563873228e+00 1.000000000000000000e+00
8.100849475712366132e-01 3.234337691479736154e-01 -4.890323589972803142e-01 0.000000000000000000e+00 5.748365472189379544e-01 -6.023436447476165911e-01 5.538455621924357475e-01 0.000000000000000000e+00 -1.154331367761798205e-01 -7.297758573302992602e-01 -6.738712389090133481e-01 0.000000000000000000e+00 1.682160276436117097e-01 -1.005995178571465754e-01 1.805505750425067557e+00 1.000000000000000000e+00
8.098761332695313397e-01 3.245761257981603642e-01 -4.886211807351135694e-01 0.000000000000000000e+00 5.753429300280025194e-01 -6.019246561043691823e-01 5.537751905122136886e-01 0.000000000000000000e+00 -1.143709162451801431e-01 -7.296141154457282951e-01 -6.742272588701598846e-01 0.000000000000000000e+00 1.700070071862291032e-01 -1.033069834343612603e-01 1.807658064657031272e+00 1.000000000000000000e+00
8.096666310759143004e-01 3.257175488566834143e-01 -4.882085943026837072e-01 0.000000000000000000e+00 5.758474448004318180e-01 -6.015070348991261584e-01 5.537045688466486482e-01 0.000000000000000000e+00 -1.133095947748287008e-01 -7.294498946104368553e-01 -6.745839863649256696e-01 0.000000000000000000e+00 1.718006966408473224e-01 -1.060146684699336123e-01 1.809809153647482072e+00 1.000000000000000000e+00
8.094567068807102528e-01 3.268577012632120082e-01 -4.877945679780339439e-01 0.000000000000000000e+00 5.763501196617804023e-01 -6.010907376975815897e-01 5.536335823880758067e-01 0.000000000000000000e+00 -1.122494072943893140e-01 -7.292829260768246558e-01 -6.749416392392222352e-01 0.000000000000000000e+00 1.735970968270915959e-01 -1.087226560711841983e-01 1.811959548294754807e+00 1.000000000000000000e+00
8.092461364773776422e-01 3.279967683482870600e-01 -4.873792499363413522e-01 0.000000000000000000e+00 5.768509086661173235e-01 -6.006761102088497006e-01 5.535622365077584872e-01 0.000000000000000000e+00 -1.111904123130484090e-01 -7.291134183724203854e-01 -6.753001634790991581e-01 0.000000000000000000e+00 1.753970512098662893e-01 -1.114317569790318485e-01 1.814109364828337068e+00 1.000000000000000000e+00
8.090352191231509060e-01 3.291343468581233722e-01 -4.869625534652668453e-01 0.000000000000000000e+00 5.773496734704555156e-01 -6.002628800176467161e-01 5.534904754344444067e-01 0.000000000000000000e+00 -1.101328266912953713e-01 -7.289410311685731170e-01 -6.756594914155505949e-01 0.000000000000000000e+00 1.771992869948461058e-01 -1.141407458858484658e-01 1.816257836624942223e+00 1.000000000000000000e+00
8.088236494592476733e-01 3.302704397710370388e-01 -4.865445805216350728e-01 0.000000000000000000e+00 5.778463714261156126e-01 -5.998513109222501916e-01 5.534183238966862151e-01 0.000000000000000000e+00 -1.090766933121764815e-01 -7.287658543325687965e-01 -6.760196250423791131e-01 0.000000000000000000e+00 1.790048938099841336e-01 -1.168507523986248575e-01 1.818405548426248020e+00 1.000000000000000000e+00
8.086114730245824722e-01 3.314049398073219410e-01 -4.861253735169303036e-01 0.000000000000000000e+00 5.783408913141044883e-01 -5.994414574156518016e-01 5.533456632151394494e-01 0.000000000000000000e+00 -1.080222471689786523e-01 -7.285879008875685292e-01 -6.763805590713157789e-01 0.000000000000000000e+00 1.808139543472314648e-01 -1.195616995215213474e-01 1.820552668069681967e+00 1.000000000000000000e+00
8.083990634045332691e-01 3.325378290451820318e-01 -4.857050350771038305e-01 0.000000000000000000e+00 5.788335085368846444e-01 -5.990335721028798854e-01 5.532725202092424466e-01 0.000000000000000000e+00 -1.069695444464971307e-01 -7.284074310235310046e-01 -6.767422500830311272e-01 0.000000000000000000e+00 1.826261344560479449e-01 -1.222732254996891366e-01 1.822698570800088902e+00 1.000000000000000000e+00
8.081860965063026869e-01 3.336686984288793623e-01 -4.852834508434960559e-01 0.000000000000000000e+00 5.793236658702005659e-01 -5.986274660411046167e-01 5.531988621863448419e-01 0.000000000000000000e+00 -1.059188619193024705e-01 -7.282239463980104688e-01 -6.771048483530993645e-01 0.000000000000000000e+00 1.844415081294785985e-01 -1.249854516001891735e-01 1.824843687138554049e+00 1.000000000000000000e+00
8.079729286733287053e-01 3.347978197554901669e-01 -4.848608642348315456e-01 0.000000000000000000e+00 5.798119016867371300e-01 -5.982234318318918609e-01 5.531245244925458993e-01 0.000000000000000000e+00 -1.048702792390047156e-01 -7.280377243534337239e-01 -6.774681779794882175e-01 0.000000000000000000e+00 1.862606891211344429e-01 -1.276990258732457473e-01 1.826987836393792142e+00 1.000000000000000000e+00
8.077591528661731690e-01 3.359247927362732367e-01 -4.844372429676748748e-01 0.000000000000000000e+00 5.802975603839400920e-01 -5.978215226667084048e-01 5.530497142647433639e-01 0.000000000000000000e+00 -1.038238958897963887e-01 -7.278488394003646000e-01 -6.778324207392423251e-01 0.000000000000000000e+00 1.880825890305096448e-01 -1.304127725598330512e-01 1.829130977411227654e+00 1.000000000000000000e+00
8.075452134486122979e-01 3.370495144283568445e-01 -4.840124473532188554e-01 0.000000000000000000e+00 5.807810453957721331e-01 -5.974217019106735638e-01 5.529741961682589357e-01 0.000000000000000000e+00 -1.027798560019962532e-01 -7.276569822249120412e-01 -6.781971554513199774e-01 0.000000000000000000e+00 1.900394581174521536e-01 -1.330619785071796846e-01 1.831187429893878615e+00 1.000000000000000000e+00
8.073309603238547627e-01 3.381720807875049362e-01 -4.835867881084364717e-01 0.000000000000000000e+00 5.812622653084739133e-01 -5.970242329862325281e-01 5.528979678421135358e-01 0.000000000000000000e+00 -1.017383986277569236e-01 -7.274623983270481764e-01 -6.785629384436522304e-01 0.000000000000000000e+00 1.920448537942348877e-01 -1.356897620987182473e-01 1.833214794015449733e+00 1.000000000000000000e+00
8.071164033523541281e-01 3.392921397863991051e-01 -4.831602003789428057e-01 0.000000000000000000e+00 5.817409415903537218e-01 -5.966290197515681237e-01 5.528210881950199607e-01 0.000000000000000000e+00 -1.006995501244359048e-01 -7.272650587860464144e-01 -6.789293466476645778e-01 0.000000000000000000e+00 1.940531628808527254e-01 -1.383176064637734737e-01 1.835240833034782471e+00 1.000000000000000000e+00
8.069014963357530323e-01 3.404097489707433311e-01 -4.827327411376768351e-01 0.000000000000000000e+00 5.822171158847769812e-01 -5.962363205471484795e-01 5.527434262603933002e-01 0.000000000000000000e+00 -9.966351789853480914e-02 -7.270648458743088627e-01 -6.792965421954408889e-01 0.000000000000000000e+00 1.960652098561082024e-01 -1.409463363845587514e-01 1.837266033782602337e+00 1.000000000000000000e+00
8.066863592425320695e-01 3.415246826769826050e-01 -4.823043513552967565e-01 0.000000000000000000e+00 5.826907895985334873e-01 -5.958461415044781218e-01 5.526649279451030239e-01 0.000000000000000000e+00 -9.863050235990361569e-02 -7.268617193033390933e-01 -6.796646006062252443e-01 0.000000000000000000e+00 1.980810403657067842e-01 -1.435757919428598262e-01 1.839290299209977331e+00 1.000000000000000000e+00
8.064711762628917757e-01 3.426369962769476030e-01 -4.818752917435998318e-01 0.000000000000000000e+00 5.831620510631151388e-01 -5.954586443694651621e-01 5.525856059798989195e-01 0.000000000000000000e+00 -9.760052761629575691e-02 -7.266558418118322926e-01 -6.800333413950013783e-01 0.000000000000000000e+00 2.001004398700874376e-01 -1.462060513937489536e-01 1.841313824820678402e+00 1.000000000000000000e+00
8.062558613032003718e-01 3.437464988018959500e-01 -4.814454719935252203e-01 0.000000000000000000e+00 5.836306723369951710e-01 -5.950738744324223228e-01 5.525053541847997352e-01 0.000000000000000000e+00 -9.657382413117099329e-02 -7.264471667475596028e-01 -6.804028456257865676e-01 0.000000000000000000e+00 2.021237519716936326e-01 -1.488371411500834518e-01 1.843336133536644272e+00 1.000000000000000000e+00
8.060403004832746854e-01 3.448527607701553088e-01 -4.810148394929888438e-01 0.000000000000000000e+00 5.840965040713195222e-01 -5.946917776394713417e-01 5.524244091335526186e-01 0.000000000000000000e+00 -9.555048457547531127e-02 -7.262354964571220428e-01 -6.807730506732119213e-01 0.000000000000000000e+00 2.041508568225259834e-01 -1.514691097351544002e-01 1.845357953671228790e+00 1.000000000000000000e+00
8.058246058662854594e-01 3.459561987962420093e-01 -4.805835980908476635e-01 0.000000000000000000e+00 5.845597743207566754e-01 -5.943127305411795014e-01 5.523423221496885915e-01 0.000000000000000000e+00 -9.453073086633015376e-02 -7.260209700888828888e-01 -6.811441110583500436e-01 0.000000000000000000e+00 2.061819291243022489e-01 -1.541022825594615397e-01 1.847378391513517126e+00 1.000000000000000000e+00
8.056089211232129177e-01 3.470564081707601112e-01 -4.801518295111261714e-01 0.000000000000000000e+00 5.850203277842178640e-01 -5.939366095020474079e-01 5.522593702677311978e-01 0.000000000000000000e+00 -9.351458370466214642e-02 -7.258038515347281505e-01 -6.815158548161655006e-01 0.000000000000000000e+00 2.082168347091064020e-01 -1.567360708878504094e-01 1.849397947908278272e+00 1.000000000000000000e+00
8.053932557662101255e-01 3.481532517172558627e-01 -4.797193640184108099e-01 0.000000000000000000e+00 5.854780883523976742e-01 -5.935635515831870768e-01 5.521752996193189933e-01 0.000000000000000000e+00 -9.250229249884606153e-02 -7.255835271564895494e-01 -6.818883569951207368e-01 0.000000000000000000e+00 2.102556969424922428e-01 -1.593712259093697237e-01 1.851416365174489709e+00 1.000000000000000000e+00
8.051775674675650807e-01 3.492467442477896755e-01 -4.792864392999569012e-01 0.000000000000000000e+00 5.859330141545220361e-01 -5.931936586073177642e-01 5.520902009263077836e-01 0.000000000000000000e+00 -9.149396329518771909e-02 -7.253603840752520515e-01 -6.822615676813628127e-01 0.000000000000000000e+00 2.122985946874835217e-01 -1.620075345593229854e-01 1.853433584819013324e+00 1.000000000000000000e+00
8.049618815121812876e-01 3.503367303840704827e-01 -4.788530404378372185e-01 0.000000000000000000e+00 5.863851148956178427e-01 -5.928270558673420787e-01 5.520040085345012670e-01 0.000000000000000000e+00 -9.048975763504533976e-02 -7.251344626972321405e-01 -6.826357401147279402e-01 0.000000000000000000e+00 2.143457337598355383e-01 -1.646451227692709851e-01 1.855450068112072692e+00 1.000000000000000000e+00
8.047462616765217458e-01 3.514232076756554912e-01 -4.784191816534680841e-01 0.000000000000000000e+00 5.868343390426978834e-01 -5.924638614016611848e-01 5.519164983110206313e-01 0.000000000000000000e+00 -8.948976965443064535e-02 -7.249057343132142561e-01 -6.830104127826540639e-01 0.000000000000000000e+00 2.163974450685289819e-01 -1.672842745305501144e-01 1.857465188912614584e+00 1.000000000000000000e+00
8.045309544251846301e-01 3.525057122437568746e-01 -4.779848779361688393e-01 0.000000000000000000e+00 5.872806924355437053e-01 -5.921039818074655958e-01 5.518279652758444342e-01 0.000000000000000000e+00 -8.849422498592658670e-02 -7.246739728665083646e-01 -6.833859175862126989e-01 0.000000000000000000e+00 2.184832905874971865e-01 -1.699063984730389831e-01 1.859457043645601715e+00 1.000000000000000000e+00
8.043154572646303846e-01 3.535844697703608430e-01 -4.775501989993002905e-01 0.000000000000000000e+00 5.877238301500199436e-01 -5.917477570659753772e-01 5.517381786467345783e-01 0.000000000000000000e+00 -8.750322446007884059e-02 -7.244393124208226009e-01 -6.837621824756813238e-01 0.000000000000000000e+00 2.207125150902407296e-01 -1.724468925226679550e-01 1.861346907103779147e+00 1.000000000000000000e+00
8.041004919225887004e-01 3.546594234005611135e-01 -4.771153003882785404e-01 0.000000000000000000e+00 5.881641906572410150e-01 -5.913952063276017856e-01 5.516470583493988666e-01 0.000000000000000000e+00 -8.651688093217096975e-02 -7.242017250181097543e-01 -6.841391792875325395e-01 0.000000000000000000e+00 2.229459305545831993e-01 -1.749887224085014126e-01 1.863235754521919363e+00 1.000000000000000000e+00
8.038854079021637844e-01 3.557302270141585177e-01 -4.766801767770045828e-01 0.000000000000000000e+00 5.886013046017748440e-01 -5.910463585381625640e-01 5.515546595378353345e-01 0.000000000000000000e+00 -8.553538226463414107e-02 -7.239614952078308185e-01 -6.845169464556264405e-01 0.000000000000000000e+00 2.251837317805557848e-01 -1.775313325033489320e-01 1.865123625437703492e+00 1.000000000000000000e+00
8.036707175190963559e-01 3.567968702697098538e-01 -4.762447978112064884e-01 0.000000000000000000e+00 5.890354354708543516e-01 -5.907012879409631045e-01 5.514608900103333822e-01 0.000000000000000000e+00 -8.455888036600439639e-02 -7.237181724240016045e-01 -6.848954835494676097e-01 0.000000000000000000e+00 2.274258581747830021e-01 -1.800754486466883131e-01 1.867010450593154847e+00 1.000000000000000000e+00
8.034564008457766304e-01 3.578591772308606922e-01 -4.758091982206588688e-01 0.000000000000000000e+00 5.894664669695220960e-01 -5.903600937516292335e-01 5.513656763530512261e-01 0.000000000000000000e+00 -8.358748845026524321e-02 -7.234718927266456934e-01 -6.852746420875034383e-01 0.000000000000000000e+00 2.296726715339255098e-01 -1.826211661743855907e-01 1.868895977239199091e+00 1.000000000000000000e+00
8.032422406252825997e-01 3.589171796634492706e-01 -4.753735963247770480e-01 0.000000000000000000e+00 5.898942311627509705e-01 -5.900229053971205451e-01 5.512690071328585351e-01 0.000000000000000000e+00 -8.262138549550643307e-02 -7.232228267750252515e-01 -6.856547264577910195e-01 0.000000000000000000e+00 2.319234981915834770e-01 -1.851678070673446475e-01 1.870780384109930861e+00 1.000000000000000000e+00
8.030285852089308340e-01 3.599707190940178991e-01 -4.749378961459102544e-01 0.000000000000000000e+00 5.903188738166950111e-01 -5.896899464389298018e-01 5.511709615592037537e-01 0.000000000000000000e+00 -8.166066935800121718e-02 -7.229708694111918188e-01 -6.860355565654259191e-01 0.000000000000000000e+00 2.341793627842288783e-01 -1.877165573700209922e-01 1.872664066344986944e+00 1.000000000000000000e+00
8.028153030204183693e-01 3.610195381859086505e-01 -4.745020354385736105e-01 0.000000000000000000e+00 5.907401657232139724e-01 -5.893610096620540695e-01 5.510712186432419335e-01 0.000000000000000000e+00 -8.070553904273987389e-02 -7.227158437191700813e-01 -6.864170013020429728e-01 0.000000000000000000e+00 2.364394966152467137e-01 -1.902666473431829930e-01 1.874545889253837805e+00 1.000000000000000000e+00
8.026023060569981160e-01 3.620638213374670622e-01 -4.740663674647211945e-01 0.000000000000000000e+00 5.911580621780393452e-01 -5.890364881637903949e-01 5.509699829337200150e-01 0.000000000000000000e+00 -7.975609090800085677e-02 -7.224580578681965015e-01 -6.867992974917190852e-01 0.000000000000000000e+00 2.387042471134936117e-01 -1.928186092078789937e-01 1.876426814785681740e+00 1.000000000000000000e+00
8.023900259507309451e-01 3.631032098432953603e-01 -4.736306119548848170e-01 0.000000000000000000e+00 5.915728093707269819e-01 -5.887163350014905649e-01 5.508670234545928190e-01 0.000000000000000000e+00 -7.881250695815464336e-02 -7.221973991137115023e-01 -6.871822649156934526e-01 0.000000000000000000e+00 2.409738272267774317e-01 -1.953722757248636532e-01 1.878306074011869109e+00 1.000000000000000000e+00
8.021781821380943311e-01 3.641376872668549147e-01 -4.731950648684220551e-01 0.000000000000000000e+00 5.919841245537894592e-01 -5.884005776807759158e-01 5.507624937698308853e-01 0.000000000000000000e+00 -7.787487545819547774e-02 -7.219336695908331603e-01 -6.875660540926016306e-01 0.000000000000000000e+00 2.432480050254131887e-01 -1.979281108515798249e-01 1.880184252724455218e+00 1.000000000000000000e+00
8.019669036149082997e-01 3.651671677026359641e-01 -4.727596474240673419e-01 0.000000000000000000e+00 5.923920588519858699e-01 -5.880894356601719108e-01 5.506561420141306007e-01 0.000000000000000000e+00 -7.694337844762220990e-02 -7.216672143142367490e-01 -6.879506782738011861e-01 0.000000000000000000e+00 2.455270885146444149e-01 -2.004857527117546445e-01 1.882061040411309172e+00 1.000000000000000000e+00
8.017562088055002478e-01 3.661915321795236600e-01 -4.723244611919334979e-01 0.000000000000000000e+00 5.927965258926698455e-01 -5.877829718943103909e-01 5.505481382470344132e-01 0.000000000000000000e+00 -7.601816839820821348e-02 -7.213977710737081717e-01 -6.883360524866438679e-01 0.000000000000000000e+00 2.478114165988267725e-01 -2.030459047280954443e-01 1.883936769510250686e+00 1.000000000000000000e+00
8.015461862448477470e-01 3.672106660035351910e-01 -4.718894219841727744e-01 0.000000000000000000e+00 5.931974897370634325e-01 -5.874813345304366052e-01 5.504382096590023643e-01 0.000000000000000000e+00 -7.509945476175400314e-02 -7.211254843355551225e-01 -6.887220915415024347e-01 0.000000000000000000e+00 2.501002808433600011e-01 -2.056081148288955718e-01 1.885810516617969723e+00 1.000000000000000000e+00
8.013368485251015638e-01 3.682244029114909445e-01 -4.714548473860275535e-01 0.000000000000000000e+00 5.935950016053427314e-01 -5.871843723021540340e-01 5.503264786641435258e-01 0.000000000000000000e+00 -7.418730802967174465e-02 -7.208502020252952613e-01 -6.891088989879211590e-01 0.000000000000000000e+00 2.524422232810069611e-01 -2.081385425065514772e-01 1.887643813614572563e+00 1.000000000000000000e+00
8.011282395651765365e-01 3.692328374226774290e-01 -4.710204868882120199e-01 0.000000000000000000e+00 5.939889384768710645e-01 -5.868925352873253232e-01 5.502127509036703890e-01 0.000000000000000000e+00 -7.328180473088619085e-02 -7.205720335915516417e-01 -6.894966481600571795e-01 0.000000000000000000e+00 2.549024466056954985e-01 -2.105914827722059901e-01 1.889383431325092566e+00 1.000000000000000000e+00
8.009204303098732547e-01 3.702355726168071182e-01 -4.705865878654927892e-01 0.000000000000000000e+00 5.943792020012458321e-01 -5.866056420262759641e-01 5.500972327621580504e-01 0.000000000000000000e+00 -7.238321066513082880e-02 -7.202909601419255070e-01 -6.898850907983228309e-01 0.000000000000000000e+00 2.573675129617882251e-01 -2.130462552574333424e-01 1.891121957126714603e+00 1.000000000000000000e+00
8.007133641557934167e-01 3.712328428805578007e-01 -4.701530689443874644e-01 0.000000000000000000e+00 5.947659712855910552e-01 -5.863239556912750450e-01 5.499794731072996656e-01 0.000000000000000000e+00 -7.149156291792278795e-02 -7.200071037178441546e-01 -6.902742669102919226e-01 0.000000000000000000e+00 2.598377887023726740e-01 -2.155034411877889688e-01 1.892858538378257238e+00 1.000000000000000000e+00
8.005073776564176624e-01 3.722241926844173654e-01 -4.697201354055767220e-01 0.000000000000000000e+00 5.951490913847801156e-01 -5.860474589533711809e-01 5.498598706424937532e-01 0.000000000000000000e+00 -7.060716023770591265e-02 -7.197203297142032996e-01 -6.906644177140585095e-01 0.000000000000000000e+00 2.623133109260912810e-01 -2.179629604443172053e-01 1.894594506061713757e+00 1.000000000000000000e+00
8.003019703236557980e-01 3.732098255526193342e-01 -4.692875787456508574e-01 0.000000000000000000e+00 5.955283244193207981e-01 -5.857764267043519268e-01 5.497379750215863892e-01 0.000000000000000000e+00 -6.972998885206009578e-02 -7.194306385553475014e-01 -6.910551671727004353e-01 0.000000000000000000e+00 2.647935559809297401e-01 -2.204252026364126316e-01 1.896328139648336242e+00 1.000000000000000000e+00
8.000977019679248459e-01 3.741893722991844751e-01 -4.688556950703777204e-01 0.000000000000000000e+00 5.959039452665573222e-01 -5.855106240729702760e-01 5.496140842021844941e-01 0.000000000000000000e+00 -6.886021976155598523e-02 -7.191380049489717319e-01 -6.914467863579505380e-01 0.000000000000000000e+00 2.672789685150049332e-01 -2.228896447550959836e-01 1.898060454078311921e+00 1.000000000000000000e+00
7.998943240380430586e-01 3.751629702248528431e-01 -4.684244911318221627e-01 0.000000000000000000e+00 5.962758357546087407e-01 -5.852503891426289462e-01 5.494878510369712865e-01 0.000000000000000000e+00 -6.799810461012266438e-02 -7.188425073206661242e-01 -6.918393264458061465e-01 0.000000000000000000e+00 2.697698474648044242e-01 -2.253569456900155477e-01 1.899791324601238562e+00 1.000000000000000000e+00
7.996920483311799055e-01 3.761302753604923721e-01 -4.679938484140730992e-01 0.000000000000000000e+00 5.966438361009628322e-01 -5.849957734686515032e-01 5.493594434782341773e-01 0.000000000000000000e+00 -6.714369743229108012e-02 -7.185441750488873458e-01 -6.922325420749076974e-01 0.000000000000000000e+00 2.722658067376998448e-01 -2.278270361359499008e-01 1.901520313785912686e+00 1.000000000000000000e+00
7.994908400205975596e-01 3.770914175890069941e-01 -4.675639915298890337e-01 0.000000000000000000e+00 5.970080855079690219e-01 -5.847469248965158073e-01 5.492287457419381402e-01 0.000000000000000000e+00 -6.629712665670088600e-02 -7.182429145886839450e-01 -6.926266745201682395e-01 0.000000000000000000e+00 2.747671899932123685e-01 -2.303002300363720944e-01 1.903247858579415031e+00 1.000000000000000000e+00
7.992906854443116993e-01 3.780461923885120590e-01 -4.671349485867715701e-01 0.000000000000000000e+00 5.973684172430107076e-01 -5.845038250014858994e-01 5.490956116479842608e-01 0.000000000000000000e+00 -6.545864189173182524e-02 -7.179388074750709947e-01 -6.930215826016999925e-01 0.000000000000000000e+00 2.772743334298380380e-01 -2.327766677197000145e-01 1.904973566760381987e+00 1.000000000000000000e+00
7.990918530001867026e-01 3.789945353359097657e-01 -4.667067103109835413e-01 0.000000000000000000e+00 5.977249955613348487e-01 -5.842667204576545981e-01 5.489600705612732723e-01 0.000000000000000000e+00 -6.462831569141815058e-02 -7.176318930967047205e-01 -6.934173814279112058e-01 0.000000000000000000e+00 2.797867026927734480e-01 -2.352561687162503246e-01 1.906697461187539799e+00 1.000000000000000000e+00
7.988940236696272512e-01 3.799362485123079503e-01 -4.662793210326932059e-01 0.000000000000000000e+00 5.980773686496910768e-01 -5.840355099121380400e-01 5.488221115724327692e-01 0.000000000000000000e+00 -6.380626145110726566e-02 -7.173220448752103406e-01 -6.938139798434396210e-01 0.000000000000000000e+00 2.823039379957777428e-01 -2.377387799111792266e-01 1.908419194964544152e+00 1.000000000000000000e+00
7.986975520363442937e-01 3.808712653680397242e-01 -4.658528815152849223e-01 0.000000000000000000e+00 5.984260195201636101e-01 -5.838104149572029833e-01 5.486816274237764635e-01 0.000000000000000000e+00 -6.299269425646154830e-02 -7.170092336360300855e-01 -6.942114212884713531e-01 0.000000000000000000e+00 2.848277971995886726e-01 -2.402253975535468822e-01 1.910139504589660531e+00 1.000000000000000000e+00
7.985024277551120431e-01 3.817995043941188604e-01 -4.654273683096422087e-01 0.000000000000000000e+00 5.987705180052198539e-01 -5.835915188729715597e-01 5.485385892993757118e-01 0.000000000000000000e+00 -6.218765329905660832e-02 -7.166936996757011791e-01 -6.946097995612083853e-01 0.000000000000000000e+00 2.873564867619295971e-01 -2.427152791754721428e-01 1.911857564126193232e+00 1.000000000000000000e+00
7.983086046168054173e-01 3.827209092658466205e-01 -4.650029642034030353e-01 0.000000000000000000e+00 5.991110413826937764e-01 -5.833788974208762301e-01 5.483929838340324547e-01 0.000000000000000000e+00 -6.139144494468812968e-02 -7.163752885068350729e-01 -6.950090361442329279e-01 0.000000000000000000e+00 2.899096715786100287e-01 -2.451935988863655769e-01 1.913556923321072745e+00 1.000000000000000000e+00
7.981161179577641596e-01 3.836353145320307023e-01 -4.645795237828803104e-01 0.000000000000000000e+00 5.994474340494242437e-01 -5.831726944729783702e-01 5.482446128766469418e-01 0.000000000000000000e+00 -6.060406586338213525e-02 -7.160540067445340107e-01 -6.954090424485338540e-01 0.000000000000000000e+00 2.926019214735286478e-01 -2.475649791765040519e-01 1.915131719889563877e+00 1.000000000000000000e+00
7.979253172728330012e-01 3.845427109716221259e-01 -4.641572590092772899e-01 0.000000000000000000e+00 5.997799398228057521e-01 -5.829729281339636193e-01 5.480935228474621557e-01 0.000000000000000000e+00 -5.982576395576183481e-02 -7.157298683316379861e-01 -6.958100044212557345e-01 0.000000000000000000e+00 2.952992163849497698e-01 -2.499394628937061658e-01 1.916704400083313997e+00 1.000000000000000000e+00
7.977357135029374824e-01 3.854428683648644105e-01 -4.637362246029758661e-01 0.000000000000000000e+00 6.001081762761216742e-01 -5.827796768688411344e-01 5.479396874793505123e-01 0.000000000000000000e+00 -5.905658428838694157e-02 -7.154029189540207501e-01 -6.962117774312609475e-01 0.000000000000000000e+00 2.980026714429659385e-01 -2.523178542702402272e-01 1.918275339372669919e+00 1.000000000000000000e+00
7.975477736315974564e-01 3.863357783668181500e-01 -4.633162641417670202e-01 0.000000000000000000e+00 6.004321789273722176e-01 -5.825932337550313589e-01 5.477829780705170126e-01 0.000000000000000000e+00 -5.829672842943189881e-02 -7.150731224055000279e-01 -6.966144922037940113e-01 0.000000000000000000e+00 3.007119471578846293e-01 -2.547005953069929607e-01 1.919844287713272868e+00 1.000000000000000000e+00
7.973612032658088378e-01 3.872213951163077650e-01 -4.628977789587657155e-01 0.000000000000000000e+00 6.007520360323850284e-01 -5.824133948738509092e-01 5.476233886540662343e-01 0.000000000000000000e+00 -5.754636235079725604e-02 -7.147405370189418017e-01 -6.970181042388609027e-01 0.000000000000000000e+00 3.034268939582828728e-01 -2.570870672049423433e-01 1.921410992985354227e+00 1.000000000000000000e+00
7.971765637014440742e-01 3.880993559132015491e-01 -4.624804656577758410e-01 0.000000000000000000e+00 6.010677145942933119e-01 -5.822404949895688686e-01 5.474609052405041698e-01 0.000000000000000000e+00 -5.680564838097105357e-02 -7.144050737344700419e-01 -6.974226108038041883e-01 0.000000000000000000e+00 3.061476445715605732e-01 -2.594777027936631120e-01 1.922975515383996470e+00 1.000000000000000000e+00
7.969933791781593779e-01 3.889698375285998155e-01 -4.620645496442076228e-01 0.000000000000000000e+00 6.013789883591279528e-01 -5.820745728215874770e-01 5.472954112418316752e-01 0.000000000000000000e+00 -5.607462460453661868e-02 -7.140668306485091765e-01 -6.978281313644432160e-01 0.000000000000000000e+00 3.088745287591515010e-01 -2.618730359488453119e-01 1.924538144143128626e+00 1.000000000000000000e+00
7.968119813196490320e-01 3.898326582053198153e-01 -4.616501100265609225e-01 0.000000000000000000e+00 6.016861019164789770e-01 -5.819156199169498445e-01 5.471268074506457912e-01 0.000000000000000000e+00 -5.535351784276947712e-02 -7.137258244426372134e-01 -6.982344246234859497e-01 0.000000000000000000e+00 3.116069313433377785e-01 -2.642723920210990340e-01 1.926097761711790701e+00 1.000000000000000000e+00
7.966324779155345981e-01 3.906876827081409154e-01 -4.612371417813352359e-01 0.000000000000000000e+00 6.019889978175787526e-01 -5.817638241998299709e-01 5.469551596090689305e-01 0.000000000000000000e+00 -5.464246659914921006e-02 -7.133819145428460518e-01 -6.986417850288332287e-01 0.000000000000000000e+00 3.143456452259532075e-01 -2.666766768764488593e-01 1.927655527652168299e+00 1.000000000000000000e+00
7.964546443660919239e-01 3.915347842566417325e-01 -4.608256536795026226e-01 0.000000000000000000e+00 6.022873842830134272e-01 -5.816192988125031826e-01 5.467803730896270142e-01 0.000000000000000000e+00 -5.394156134036076633e-02 -7.130352332006005822e-01 -6.990500464295331673e-01 0.000000000000000000e+00 3.170906598091918216e-01 -2.690860110957818963e-01 1.929211010510470947e+00 1.000000000000000000e+00
7.962786177185225966e-01 3.923739993433209561e-01 -4.604158211795643663e-01 0.000000000000000000e+00 6.025813938990209895e-01 -5.814820177863357920e-01 5.466022759540103415e-01 0.000000000000000000e+00 -5.325100865549751983e-02 -7.126857741591382522e-01 -6.994592397535936978e-01 0.000000000000000000e+00 3.198416192190958185e-01 -2.715000821314418333e-01 1.930763722695498563e+00 1.000000000000000000e+00
7.961044811605225702e-01 3.932051586673439569e-01 -4.600076308453187046e-01 0.000000000000000000e+00 6.028709905450935214e-01 -5.813522653482583458e-01 5.464210064153619539e-01 0.000000000000000000e+00 -5.257083947894938131e-02 -7.123335044705677577e-01 -6.998694348455926084e-01 0.000000000000000000e+00 3.225985480445482390e-01 -2.739195326464333724e-01 1.932313937423975725e+00 1.000000000000000000e+00
7.959323779618799888e-01 3.940280456089160221e-01 -4.596011183139954714e-01 0.000000000000000000e+00 6.031561795965063588e-01 -5.812298738502326145e-01 5.462363188439028905e-01 0.000000000000000000e+00 -5.190146212772787232e-02 -7.119784900214963796e-01 -7.002804496905969955e-01 0.000000000000000000e+00 3.253619947696930748e-01 -2.763439421156849707e-01 1.933861350724185302e+00 1.000000000000000000e+00
7.957622690179798619e-01 3.948428203996192098e-01 -4.591962746604774104e-01 0.000000000000000000e+00 6.034369252177836929e-01 -5.811153529466610568e-01 5.460482222942535380e-01 0.000000000000000000e+00 -5.124275013810768165e-02 -7.116207863127984590e-01 -7.006925233203912251e-01 0.000000000000000000e+00 3.281316503822349628e-01 -2.787741156835312761e-01 1.935405966653016119e+00 1.000000000000000000e+00
7.955942042488045596e-01 3.956491681340805755e-01 -4.587932876956919426e-01 0.000000000000000000e+00 6.037131475610555409e-01 -5.810084106813134808e-01 5.458566818179948488e-01 0.000000000000000000e+00 -5.059500750969593563e-02 -7.112601371107050152e-01 -7.011056245936865272e-01 0.000000000000000000e+00 3.309077037535972377e-01 -2.812099974146361481e-01 1.936947804630374081e+00 1.000000000000000000e+00
7.954275178852246997e-01 3.964497017118236433e-01 -4.583909725501985055e-01 0.000000000000000000e+00 6.039860174662230463e-01 -5.809071114898862742e-01 5.456624872817119609e-01 0.000000000000000000e+00 -4.995483885256357670e-02 -7.108967633705323141e-01 -7.015198163158461453e-01 0.000000000000000000e+00 3.337834637606840738e-01 -2.835574668085149574e-01 1.938388538686308449e+00 1.000000000000000000e+00
7.952614763232919159e-01 3.972473765381965838e-01 -4.579883015110375877e-01 0.000000000000000000e+00 6.042567285131299482e-01 -5.808097237921092670e-01 5.454664148909894594e-01 0.000000000000000000e+00 -4.931898950182114771e-02 -7.105311874067462563e-01 -7.019352445767687021e-01 0.000000000000000000e+00 3.367075619469380721e-01 -2.858633172962306013e-01 1.939779760822828214e+00 1.000000000000000000e+00
7.950962285386892203e-01 3.980419976518634884e-01 -4.575851500565256691e-01 0.000000000000000000e+00 6.045254714652327221e-01 -5.807159853705494701e-01 5.452684194305028598e-01 0.000000000000000000e+00 -4.868728978492567472e-02 -7.101628539468904933e-01 -7.023518963887085409e-01 0.000000000000000000e+00 3.396341650590191108e-01 -2.881727983457798570e-01 1.941168938835884816e+00 1.000000000000000000e+00
7.949316458575084177e-01 3.988335912691566287e-01 -4.571816562616977109e-01 0.000000000000000000e+00 6.047920279981429115e-01 -5.806259209919385489e-01 5.450686628855517801e-01 0.000000000000000000e+00 -4.805981823986948259e-02 -7.097922637274844959e-01 -7.027695690782704840e-01 0.000000000000000000e+00 3.425634948996209572e-01 -2.904854799782950470e-01 1.942556346739177764e+00 1.000000000000000000e+00
7.947678528077084525e-01 3.996221941444376702e-01 -4.567776212255691970e-01 0.000000000000000000e+00 6.050565260723030914e-01 -5.805396625433091318e-01 5.448669880304191082e-01 0.000000000000000000e+00 -4.743657581895665415e-02 -7.094190881562565387e-01 -7.031886084849088281e-01 0.000000000000000000e+00 3.454955551446506901e-01 -2.928019475012035855e-01 1.943941937873014725e+00 1.000000000000000000e+00
7.946045831567537521e-01 4.004078874467926208e-01 -4.563734148767528698e-01 0.000000000000000000e+00 6.053189952529736129e-01 -5.804569866996226457e-01 5.446635970605272492e-01 0.000000000000000000e+00 -4.681751106932671713e-02 -7.090436718370988212e-01 -7.036086191492069153e-01 0.000000000000000000e+00 3.484304580129928275e-01 -2.951216099488587763e-01 1.945325818142380925e+00 1.000000000000000000e+00
7.944422494791782974e-01 4.011906145624516418e-01 -4.559686094236944376e-01 0.000000000000000000e+00 6.055795169190426597e-01 -5.803779988099498910e-01 5.444581257632822302e-01 0.000000000000000000e+00 -4.620266343362185169e-02 -7.086657880709806845e-01 -7.040297218285750391e-01 0.000000000000000000e+00 3.513684140049955218e-01 -2.974449467418381343e-01 1.946707471813677204e+00 1.000000000000000000e+00
7.942804686654266755e-01 4.019702712491848851e-01 -4.555634503833804194e-01 0.000000000000000000e+00 6.058377695782447558e-01 -5.803026665074928481e-01 5.442510159082326604e-01 0.000000000000000000e+00 -4.559192655475335920e-02 -7.082856146410833054e-01 -7.044521109437610340e-01 0.000000000000000000e+00 3.543079364877823045e-01 -2.997713703955008913e-01 1.948087354509592029e+00 1.000000000000000000e+00
7.941194762125766138e-01 4.027469177998783678e-01 -4.551578930407516599e-01 0.000000000000000000e+00 6.060940603251835368e-01 -5.802309082463223966e-01 5.440420906270873047e-01 0.000000000000000000e+00 -4.498537842057220154e-02 -7.079030628067274344e-01 -7.048755242206107274e-01 0.000000000000000000e+00 3.572509098957177831e-01 -3.021015832317938687e-01 1.949465546496116586e+00 1.000000000000000000e+00
7.939593057706536561e-01 4.035206941263225211e-01 -4.547521267763431907e-01 0.000000000000000000e+00 6.063485551708774901e-01 -5.801627107834588237e-01 5.438314268881162539e-01 0.000000000000000000e+00 -4.438298360904809753e-02 -7.075182246465038238e-01 -7.053000022099059629e-01 0.000000000000000000e+00 3.601964406759975978e-01 -3.044350856136422978e-01 1.950841868683754754e+00 1.000000000000000000e+00
7.937997464787117652e-01 4.042913905493397131e-01 -4.543457777890466120e-01 0.000000000000000000e+00 6.066007270019719844e-01 -5.800981439186114752e-01 5.436189272079113843e-01 0.000000000000000000e+00 -4.378465477143800300e-02 -7.071311235783817040e-01 -7.057254175560586651e-01 0.000000000000000000e+00 3.631441067200431028e-01 -3.067720099973560988e-01 1.952215881971945732e+00 1.000000000000000000e+00
7.936409554695635915e-01 4.050591135840951873e-01 -4.539392275345640604e-01 0.000000000000000000e+00 6.068510196635932274e-01 -5.800370032210498961e-01 5.434047439943627822e-01 0.000000000000000000e+00 -4.319048714898110486e-02 -7.067417656714102270e-01 -7.061518882291107913e-01 0.000000000000000000e+00 3.660944937493477713e-01 -3.091121184883759976e-01 1.953588317809720865e+00 1.000000000000000000e+00
7.934829642224678903e-01 4.058238562025293095e-01 -4.535322700517381844e-01 0.000000000000000000e+00 6.070994078600889798e-01 -5.799793612277434063e-01 5.431887153191785611e-01 0.000000000000000000e+00 -4.260043811817217779e-02 -7.063502049667945704e-01 -7.065794332767943997e-01 0.000000000000000000e+00 3.690478729439820027e-01 -3.114557771570846123e-01 1.954958713964296768e+00 1.000000000000000000e+00
7.933255928377025423e-01 4.065856363673331364e-01 -4.531249380902352963e-01 0.000000000000000000e+00 6.073457124190290157e-01 -5.799253800964419003e-01 5.429710557003798455e-01 0.000000000000000000e+00 -4.201443784097766421e-02 -7.059564076246692688e-01 -7.070079212554752912e-01 0.000000000000000000e+00 3.720029161042276433e-01 -3.138027447211635956e-01 1.956326890010447572e+00 1.000000000000000000e+00
7.931691848768054331e-01 4.073444311054305045e-01 -4.527172979600759817e-01 0.000000000000000000e+00 6.075901217968008305e-01 -5.798747723391622921e-01 5.427516253775913624e-01 0.000000000000000000e+00 -4.143247628390606119e-02 -7.055604448195985645e-01 -7.074373526473176632e-01 0.000000000000000000e+00 3.749611836922816521e-01 -3.161533435928349234e-01 1.957693373574423745e+00 1.000000000000000000e+00
7.930133940825581096e-01 4.081003012855439760e-01 -4.523093851124558862e-01 0.000000000000000000e+00 6.078325485688982344e-01 -5.798276385526572874e-01 5.425305196965258814e-01 0.000000000000000000e+00 -4.085456745889145397e-02 -7.051622862069143460e-01 -7.078678853567696994e-01 0.000000000000000000e+00 3.779215545638424656e-01 -3.185071304346423493e-01 1.959058023386017533e+00 1.000000000000000000e+00
7.928583005215903423e-01 4.088530923449769650e-01 -4.519010643088413048e-01 0.000000000000000000e+00 6.080731117665459928e-01 -5.797838431783647328e-01 5.423076479992923193e-01 0.000000000000000000e+00 -4.028075751292983786e-02 -7.047620265015095420e-01 -7.082992537238361752e-01 0.000000000000000000e+00 3.810101801182884107e-01 -3.207176724766070408e-01 1.960269635184803239e+00 1.000000000000000000e+00
7.927040047046226556e-01 4.096029885533198356e-01 -4.514924614788570767e-01 0.000000000000000000e+00 6.083115785203778714e-01 -5.797435851329526546e-01 5.420831816603753905e-01 0.000000000000000000e+00 -3.971096666820533860e-02 -7.043597045579156335e-01 -7.087314935142539074e-01 0.000000000000000000e+00 3.841036441938214252e-01 -3.229287978870806763e-01 1.961476787999193894e+00 1.000000000000000000e+00
7.925505129005675498e-01 4.103498882298499129e-01 -4.510836840757307398e-01 0.000000000000000000e+00 6.085483423032188588e-01 -5.797066209418463290e-01 5.418571323397107786e-01 0.000000000000000000e+00 -3.914515597035256311e-02 -7.039553669835197924e-01 -7.091646899953146788e-01 0.000000000000000000e+00 3.871989565043068571e-01 -3.251423252231082084e-01 1.962682279989566903e+00 1.000000000000000000e+00
7.923977183284970360e-01 4.110937576717363928e-01 -4.506744406948564041e-01 0.000000000000000000e+00 6.087829813354082020e-01 -5.796729893298635528e-01 5.416292945451839369e-01 0.000000000000000000e+00 -3.858340243049585006e-02 -7.035486706133574630e-01 -7.095988317588257654e-01 0.000000000000000000e+00 3.902966168976637618e-01 -3.273593605510605742e-01 1.963885793289140924e+00 1.000000000000000000e+00
7.922458468778645901e-01 4.118347349680078762e-01 -4.502649124970695138e-01 0.000000000000000000e+00 6.090158839174050209e-01 -5.796428217508634573e-01 5.413998129342389998e-01 0.000000000000000000e+00 -3.802555723452605285e-02 -7.031401958428945553e-01 -7.100337759916031111e-01 0.000000000000000000e+00 3.933970046607530580e-01 -3.295793221154285635e-01 1.965087576723769436e+00 1.000000000000000000e+00
7.920946078382936628e-01 4.125726499791330104e-01 -4.498551074312002740e-01 0.000000000000000000e+00 6.092467458161295868e-01 -5.796158818579033589e-01 5.411687612766140631e-01 0.000000000000000000e+00 -3.747172456090260700e-02 -7.027296362826029874e-01 -7.104693570678807246e-01 0.000000000000000000e+00 3.964991801054874032e-01 -3.318019775828343620e-01 1.966287075985632571e+00 1.000000000000000000e+00
7.919441263436283185e-01 4.133077138913259785e-01 -4.494451186357982242e-01 0.000000000000000000e+00 6.094758239965765156e-01 -5.795922254957354136e-01 5.409360347781589917e-01 0.000000000000000000e+00 -3.692184425332944997e-02 -7.023171538884136478e-01 -7.109059605473168064e-01 0.000000000000000000e+00 3.996038200792931816e-01 -3.340275462479969093e-01 1.967485077680371397e+00 1.000000000000000000e+00
7.917946209587612971e-01 4.140397383406460019e-01 -4.490348474538964907e-01 0.000000000000000000e+00 6.097031594677614352e-01 -5.795718595545975571e-01 5.407017933800217779e-01 0.000000000000000000e+00 -3.637592898101669331e-02 -7.019026131369652255e-01 -7.113434336627924015e-01 0.000000000000000000e+00 4.027106584894406538e-01 -3.362562612805785056e-01 1.968681376459687105e+00 1.000000000000000000e+00
7.916456861821984381e-01 4.147687985224495777e-01 -4.486242036789639398e-01 0.000000000000000000e+00 6.099283316818282508e-01 -5.795548837415708254e-01 5.404659559354649812e-01 0.000000000000000000e+00 -3.583392449695695092e-02 -7.014862721598674744e-01 -7.117815310590740463e-01 0.000000000000000000e+00 4.058194208777040624e-01 -3.384878291615020518e-01 1.969875572413707365e+00 1.000000000000000000e+00
7.914976306967780317e-01 4.154947884759345178e-01 -4.482133837871705717e-01 0.000000000000000000e+00 6.101518430202751420e-01 -5.795409122917225542e-01 5.402285593472974101e-01 0.000000000000000000e+00 -3.529583236053016743e-02 -7.010678255840069317e-01 -7.122203899250685311e-01 0.000000000000000000e+00 4.089305785371437074e-01 -3.407221939495446161e-01 1.971067863544127441e+00 1.000000000000000000e+00
7.913503196567210907e-01 4.162179573306317715e-01 -4.478023034900313060e-01 0.000000000000000000e+00 6.103734847441720790e-01 -5.795302347728081838e-01 5.399894597138109598e-01 0.000000000000000000e+00 -3.476163180948921988e-02 -7.006476287379284074e-01 -7.126600796580684349e-01 0.000000000000000000e+00 4.120443149541528349e-01 -3.429596304788221639e-01 1.972258386883773751e+00 1.000000000000000000e+00
7.912038177039988351e-01 4.169381697512154483e-01 -4.473910841427041207e-01 0.000000000000000000e+00 6.105933177823456015e-01 -5.795227557358365589e-01 5.397489539362306799e-01 0.000000000000000000e+00 -3.423134903972942927e-02 -7.002256644686274401e-01 -7.131003928032492167e-01 0.000000000000000000e+00 4.151597483370369490e-01 -3.451996613790984658e-01 1.973446828239461937e+00 1.000000000000000000e+00
7.910581505886699061e-01 4.176552214564384080e-01 -4.469795585305867958e-01 0.000000000000000000e+00 6.108113013053222407e-01 -5.795183861549147997e-01 5.395069950665146719e-01 0.000000000000000000e+00 -3.370494245751077395e-02 -6.998016250414861306e-01 -7.135415833896890936e-01 0.000000000000000000e+00 4.182769588690600782e-01 -3.474425434155889447e-01 1.974633563806946102e+00 1.000000000000000000e+00
7.909132135338707847e-01 4.183694644590264522e-01 -4.465678272420371964e-01 0.000000000000000000e+00 6.110275312741224596e-01 -5.795171758375285975e-01 5.392633533872696061e-01 0.000000000000000000e+00 -3.318240244931127542e-02 -6.993759017533676126e-01 -7.139832733225733863e-01 0.000000000000000000e+00 4.213971520292352779e-01 -3.496884284303525825e-01 1.975818213453715888e+00 1.000000000000000000e+00
7.907691113868657862e-01 4.190806722072173973e-01 -4.461559368649804513e-01 0.000000000000000000e+00 6.112420022487388138e-01 -5.795190057600405620e-01 5.390182927074985697e-01 0.000000000000000000e+00 -3.266367624187219154e-02 -6.989483418855731989e-01 -7.144257465964206633e-01 0.000000000000000000e+00 4.245190840093275297e-01 -3.519369729043015371e-01 1.977001022616261539e+00 1.000000000000000000e+00
7.906258196325716137e-01 4.197891183881083399e-01 -4.457438602620567569e-01 0.000000000000000000e+00 6.114546650932206617e-01 -5.795240191720095746e-01 5.387715760739978377e-01 0.000000000000000000e+00 -3.214883049189045522e-02 -6.985189735265748823e-01 -7.148688572846181311e-01 0.000000000000000000e+00 4.276513519524750007e-01 -3.541771933918502202e-01 1.978170225792097670e+00 1.000000000000000000e+00
7.904832694293477680e-01 4.204944477300909256e-01 -4.453316199172431267e-01 0.000000000000000000e+00 6.116655862351658701e-01 -5.795320318588267350e-01 5.385235379971105019e-01 0.000000000000000000e+00 -3.163778047615675021e-02 -6.980879988251903479e-01 -7.153126046422577655e-01 0.000000000000000000e+00 4.308917948628261385e-01 -3.562719978328582893e-01 1.979189981523580055e+00 1.000000000000000000e+00
7.903416943381070814e-01 4.211967588972388432e-01 -4.449191841778976642e-01 0.000000000000000000e+00 6.118747010368209560e-01 -5.795431075364282369e-01 5.382741183356465342e-01 0.000000000000000000e+00 -3.113055779653910865e-02 -6.976552048564202968e-01 -7.157570254258883713e-01 0.000000000000000000e+00 4.341337216640744345e-01 -3.583692799495495351e-01 1.980207974164476470e+00 1.000000000000000000e+00
7.902007312918344351e-01 4.218962639157198824e-01 -4.445066055671468841e-01 0.000000000000000000e+00 6.120819952655702778e-01 -5.795572836001908756e-01 5.380231521187300858e-01 0.000000000000000000e+00 -3.062706305678773028e-02 -6.972208601442715370e-01 -7.162018665120781780e-01 0.000000000000000000e+00 4.373771880520504474e-01 -3.604689155195069383e-01 1.981223785722697972e+00 1.000000000000000000e+00
7.900606027254748476e-01 4.225926825224236016e-01 -4.440937983299427794e-01 0.000000000000000000e+00 6.122875958660591866e-01 -5.795742876006870770e-01 5.377706691850872023e-01 0.000000000000000000e+00 -3.012735475460479734e-02 -6.967846421324324080e-01 -7.166473354744113955e-01 0.000000000000000000e+00 4.406234474168514437e-01 -3.625711833862444444e-01 1.982238037069383951e+00 1.000000000000000000e+00
7.899213850830668626e-01 4.232861429035987832e-01 -4.436808449708055657e-01 0.000000000000000000e+00 6.124914847248840166e-01 -5.795943443631337288e-01 5.375168362881220796e-01 0.000000000000000000e+00 -2.963148848752202719e-02 -6.963468630104960866e-01 -7.170933098815363005e-01 0.000000000000000000e+00 4.438712479554575152e-01 -3.646756624730006502e-01 1.983250417585638470e+00 1.000000000000000000e+00
7.897829425966107486e-01 4.239768252895776968e-01 -4.432677924601257646e-01 0.000000000000000000e+00 6.126936885516343079e-01 -5.796174989728902771e-01 5.372615533631143192e-01 0.000000000000000000e+00 -2.913932281026715421e-02 -6.959075064370532360e-01 -7.175399931906808471e-01 0.000000000000000000e+00 4.471209793886011807e-01 -3.667828127734222843e-01 1.984261208883094652e+00 1.000000000000000000e+00
7.896452806939122659e-01 4.246643281450545593e-01 -4.428546338613025823e-01 0.000000000000000000e+00 6.128939907106391027e-01 -5.796433433263153967e-01 5.370049515375642235e-01 0.000000000000000000e+00 -2.865089707094597635e-02 -6.954664506696283111e-01 -7.179871082793494175e-01 0.000000000000000000e+00 4.503727734309076469e-01 -3.688920339830495942e-01 1.985270531588530396e+00 1.000000000000000000e+00
7.895084907195033530e-01 4.253489760600437375e-01 -4.424413660866481357e-01 0.000000000000000000e+00 6.130928011326836069e-01 -5.796721745342371390e-01 5.367469423815586227e-01 0.000000000000000000e+00 -2.816619903522344509e-02 -6.950239169763114955e-01 -7.184346777107649684e-01 0.000000000000000000e+00 4.536259456920038180e-01 -3.710034261239961162e-01 1.986277622159180467e+00 1.000000000000000000e+00
7.893724158891922693e-01 4.260307356067113971e-01 -4.420279472246960162e-01 0.000000000000000000e+00 6.132897240947713380e-01 -5.797039198020966788e-01 5.364874657761683485e-01 0.000000000000000000e+00 -2.768517034321478498e-02 -6.945797201838332935e-01 -7.188827728382545246e-01 0.000000000000000000e+00 4.568810171101029272e-01 -3.731175229523701065e-01 1.987282943825722459e+00 1.000000000000000000e+00
7.892371547542152976e-01 4.267094054561290095e-01 -4.416144851400374827e-01 0.000000000000000000e+00 6.134850461005881828e-01 -5.797384463358089546e-01 5.362268070596766245e-01 0.000000000000000000e+00 -2.720783955799590051e-02 -6.941341023393657883e-01 -7.193312344639708478e-01 0.000000000000000000e+00 4.601385106895174992e-01 -3.752337830739846392e-01 1.988286851824315304e+00 1.000000000000000000e+00
7.891028002209546921e-01 4.273852624665308020e-01 -4.412009561695524607e-01 0.000000000000000000e+00 6.136787777838899061e-01 -5.797758585431491696e-01 5.359646890028829658e-01 0.000000000000000000e+00 -2.673426243983166584e-02 -6.936869290675303779e-01 -7.197803069043833268e-01 0.000000000000000000e+00 4.633976164453574853e-01 -3.773523345300199838e-01 1.989288792805571360e+00 1.000000000000000000e+00
7.889692049863636925e-01 4.280581588847194308e-01 -4.407873265252660322e-01 0.000000000000000000e+00 6.138708464137360155e-01 -5.798160071937731308e-01 5.357011767629695775e-01 0.000000000000000000e+00 -2.626432002907401822e-02 -6.932382092853177635e-01 -7.202296469034612514e-01 0.000000000000000000e+00 4.666585555468019675e-01 -3.794731029247927490e-01 1.990288629746321369e+00 1.000000000000000000e+00
7.888365422622587442e-01 4.287281670832667757e-01 -4.403736253802993383e-01 0.000000000000000000e+00 6.140611713301843411e-01 -5.798590946424856396e-01 5.354364078830050611e-01 0.000000000000000000e+00 -2.579798302263590359e-02 -6.927882661561681754e-01 -7.206794775498036598e-01 0.000000000000000000e+00 4.699211156857098781e-01 -3.815961036360288050e-01 1.991286999247481759e+00 1.000000000000000000e+00
7.887045332527014008e-01 4.293950419211192693e-01 -4.399599184802393537e-01 0.000000000000000000e+00 6.142497815196779065e-01 -5.799047921902211744e-01 5.351704925194641360e-01 0.000000000000000000e+00 -2.533528313362544415e-02 -6.923366851617691609e-01 -7.211296880519896257e-01 0.000000000000000000e+00 4.731853561164134914e-01 -3.837212418792824153e-01 1.992283702928159705e+00 1.000000000000000000e+00
7.885734410119231708e-01 4.300591162446128490e-01 -4.395460459253193175e-01 0.000000000000000000e+00 6.144368771579987731e-01 -5.799533197727444467e-01 5.349030391389448802e-01 0.000000000000000000e+00 -2.487627512786796946e-02 -6.918837366563065361e-01 -7.215801847264416979e-01 0.000000000000000000e+00 4.764516416670422916e-01 -3.858487463690334351e-01 1.993277989668740480e+00 1.000000000000000000e+00
7.884431005446771445e-01 4.307202595178089566e-01 -4.391322210694894035e-01 0.000000000000000000e+00 6.146221956542120557e-01 -5.800045908786318760e-01 5.346344333924413217e-01 0.000000000000000000e+00 -2.442079673221555364e-02 -6.914294827826651391e-01 -7.220310500043545243e-01 0.000000000000000000e+00 4.797198990717874145e-01 -3.879785627299019435e-01 1.994270872547932116e+00 1.000000000000000000e+00
7.883138095221021713e-01 4.313783439075426496e-01 -4.387183810950783247e-01 0.000000000000000000e+00 6.148061281276187007e-01 -5.800584400672214036e-01 5.343646064554204989e-01 0.000000000000000000e+00 -2.396896254933613898e-02 -6.909737032154729119e-01 -7.224823847249592923e-01 0.000000000000000000e+00 4.830861001311797520e-01 -3.899457886430734432e-01 1.995101473621887278e+00 1.000000000000000000e+00
7.881850953253181080e-01 4.320335594607521146e-01 -4.383046111779878573e-01 0.000000000000000000e+00 6.149882902493826187e-01 -5.801149564152183746e-01 5.340935624472327170e-01 0.000000000000000000e+00 -2.352073722115226306e-02 -6.905167420688358426e-01 -7.229338659135007283e-01 0.000000000000000000e+00 4.864561722775984087e-01 -3.919108389283099125e-01 1.995926617117611546e+00 1.000000000000000000e+00
7.880573264925745391e-01 4.326858721821241205e-01 -4.378907297858843362e-01 0.000000000000000000e+00 6.151689139125057215e-01 -5.801741415877426089e-01 5.338211197245698036e-01 0.000000000000000000e+00 -2.307601058931405685e-02 -6.900584084083724035e-01 -7.233855655562410059e-01 0.000000000000000000e+00 4.898278908047301594e-01 -3.938778995794366966e-01 1.996749810948398984e+00 1.000000000000000000e+00
7.879304429410228794e-01 4.333352712150816965e-01 -4.374769534236700452e-01 0.000000000000000000e+00 6.153479562479259313e-01 -5.802359437874193837e-01 5.335475513348229004e-01 0.000000000000000000e+00 -2.263488629966637841e-02 -6.895987587255704154e-01 -7.238377345893424186e-01 0.000000000000000000e+00 4.932011952809278732e-01 -3.958467189928264185e-01 1.997571790994324692e+00 1.000000000000000000e+00
7.878041571517332420e-01 4.339817045514188787e-01 -4.370630744180436511e-01 0.000000000000000000e+00 6.155253076296129944e-01 -5.803003927428787012e-01 5.332727079531551784e-01 0.000000000000000000e+00 -2.219726154291999307e-02 -6.891379424382371166e-01 -7.242900026545305847e-01 0.000000000000000000e+00 4.965764761417291173e-01 -3.978174451404902778e-01 1.998391971957328428e+00 1.000000000000000000e+00
7.876789312898726525e-01 4.346252571676489929e-01 -4.366492708542807910e-01 0.000000000000000000e+00 6.157012419176984830e-01 -5.803674547885576684e-01 5.329966915889661205e-01 0.000000000000000000e+00 -2.176321879599719608e-02 -6.886758627917322073e-01 -7.247426458778744029e-01 0.000000000000000000e+00 4.999530629075918386e-01 -3.997897442741404905e-01 1.999210507386844693e+00 1.000000000000000000e+00
7.875544868281654232e-01 4.352657196391376271e-01 -4.362356064485489182e-01 0.000000000000000000e+00 6.158755019091810556e-01 -5.804369286327143440e-01 5.327196955968247494e-01 0.000000000000000000e+00 -2.133265461636011176e-02 -6.882125242908685436e-01 -7.251954500272255189e-01 0.000000000000000000e+00 5.033311556566729683e-01 -4.017636522758856743e-01 2.000027903310221955e+00 1.000000000000000000e+00
7.874306907359621688e-01 4.359034426241781279e-01 -4.358218984128294227e-01 0.000000000000000000e+00 6.160481755516813429e-01 -5.805090456827313172e-01 5.324412922999145481e-01 0.000000000000000000e+00 -2.090551652582295361e-02 -6.877481102475460073e-01 -7.256483452378978960e-01 0.000000000000000000e+00 5.067108107967096542e-01 -4.037394304168585579e-01 2.000843105571033842e+00 1.000000000000000000e+00
7.873077619870695321e-01 4.365381731784670483e-01 -4.354083540058296120e-01 0.000000000000000000e+00 6.162194039972531678e-01 -5.805834880327691572e-01 5.321617877901748672e-01 0.000000000000000000e+00 -2.048195230831733119e-02 -6.872823617139607322e-01 -7.261014262154805721e-01 0.000000000000000000e+00 5.100922066068060978e-01 -4.057166814225345308e-01 2.001656778129761172e+00 1.000000000000000000e+00
7.871859964054074288e-01 4.371700495679436416e-01 -4.349948528455012120e-01 0.000000000000000000e+00 6.163891464102411177e-01 -5.806606141906017760e-01 5.318811874126985195e-01 0.000000000000000000e+00 -2.006183300808966202e-02 -6.868155987467141621e-01 -7.265547959499493169e-01 0.000000000000000000e+00 5.134749998034546792e-01 -4.076958052709241942e-01 2.002469026043127709e+00 1.000000000000000000e+00
7.870648528730560534e-01 4.377987764579232000e-01 -4.345815135783642758e-01 0.000000000000000000e+00 6.165572965032423136e-01 -5.807399376817402592e-01 5.315995982494340355e-01 0.000000000000000000e+00 -1.964519898702582132e-02 -6.863476227177943700e-01 -7.270083202766218777e-01 0.000000000000000000e+00 5.168598922123218697e-01 -4.096761925783660718e-01 2.003280166069083101e+00 1.000000000000000000e+00
7.869443267735093395e-01 4.384247856139211197e-01 -4.341680866605914235e-01 0.000000000000000000e+00 6.167238221795761088e-01 -5.808219390895772438e-01 5.313166613977452490e-01 0.000000000000000000e+00 -1.923193133341192379e-02 -6.858784970741915732e-01 -7.274618041944905800e-01 0.000000000000000000e+00 5.202457158361066814e-01 -4.116586846631373198e-01 2.004088740403865643e+00 1.000000000000000000e+00
7.868249253591431680e-01 4.390478137545986703e-01 -4.337548518526692098e-01 0.000000000000000000e+00 6.168889191263597915e-01 -5.809062490767342712e-01 5.310327007916098019e-01 0.000000000000000000e+00 -1.882219885682679186e-02 -6.854084174928922746e-01 -7.279154966357873624e-01 0.000000000000000000e+00 5.236327284390129844e-01 -4.136423917855301391e-01 2.004895801119400911e+00 1.000000000000000000e+00
7.867061956265020140e-01 4.396679289256252843e-01 -4.333418495293443473e-01 0.000000000000000000e+00 6.170524960186066776e-01 -5.809929658569193966e-01 5.307478209794900259e-01 0.000000000000000000e+00 -1.841573978342473175e-02 -6.849372862680436214e-01 -7.283692727242236931e-01 0.000000000000000000e+00 5.270221036185213093e-01 -4.156278624903637642e-01 2.005701855908822218e+00 1.000000000000000000e+00
7.865883265827270376e-01 4.402850950877817970e-01 -4.329288982290101506e-01 0.000000000000000000e+00 6.172145327811731086e-01 -5.810819989593757340e-01 5.304617595795549922e-01 0.000000000000000000e+00 -1.801281079666020024e-02 -6.844650075234774977e-01 -7.288231006898507891e-01 0.000000000000000000e+00 5.304125161446692216e-01 -4.176147670593844952e-01 2.006505891654692508e+00 1.000000000000000000e+00
7.864714220063591110e-01 4.408993602529829303e-01 -4.325160823270401411e-01 0.000000000000000000e+00 6.173752697676776480e-01 -5.811733649827562909e-01 5.301746325496384804e-01 0.000000000000000000e+00 -1.761314125928838126e-02 -6.839918810173926111e-01 -7.292768327630867464e-01 0.000000000000000000e+00 5.338045202908056064e-01 -4.196030894990453453e-01 2.007308177635177326e+00 1.000000000000000000e+00
7.863551483679829257e-01 4.415108043123214254e-01 -4.321035443555649724e-01 0.000000000000000000e+00 6.175343291030934711e-01 -5.812670852100562113e-01 5.298865391545448666e-01 0.000000000000000000e+00 -1.721692736272634888e-02 -6.835178315436541974e-01 -7.297307766126799322e-01 0.000000000000000000e+00 5.372585064704719082e-01 -4.214639675814415010e-01 2.007986171781841911e+00 1.000000000000000000e+00
7.862399540330112790e-01 4.421192358147004731e-01 -4.316910590937254599e-01 0.000000000000000000e+00 6.176921679361969675e-01 -5.813630356022301271e-01 5.295973371327310497e-01 0.000000000000000000e+00 -1.682405931654058773e-02 -6.830427440143890250e-01 -7.301845289541663009e-01 0.000000000000000000e+00 5.407355511434773776e-01 -4.232784920052118371e-01 2.008616976171260227e+00 1.000000000000000000e+00
7.861253140124843108e-01 4.427247412080184130e-01 -4.312787165185165139e-01 0.000000000000000000e+00 6.178481602341235890e-01 -5.814613327312244673e-01 5.293071827918028882e-01 0.000000000000000000e+00 -1.643450788956260164e-02 -6.825666588793735112e-01 -7.306384655555369090e-01 0.000000000000000000e+00 5.442138095028385969e-01 -4.250943875935237481e-01 2.009246714228498654e+00 1.000000000000000000e+00
7.860117503312687992e-01 4.433273663682588683e-01 -4.308666898044656302e-01 0.000000000000000000e+00 6.180030013697417335e-01 -5.815617916607550564e-01 5.290160900683245071e-01 0.000000000000000000e+00 -1.604828848468884545e-02 -6.820897483677992312e-01 -7.310922099721695044e-01 0.000000000000000000e+00 5.476942099186236090e-01 -4.269113794160392938e-01 2.009875212563998037e+00 1.000000000000000000e+00
7.858987215497936774e-01 4.439272016068154803e-01 -4.304549055039565975e-01 0.000000000000000000e+00 6.181563713791381476e-01 -5.816644708055883628e-01 5.287239195552754234e-01 0.000000000000000000e+00 -1.566541143096518776e-02 -6.816119235993605141e-01 -7.315461899554572822e-01 0.000000000000000000e+00 5.511757005614990046e-01 -4.287293688218157817e-01 2.010502341497676149e+00 1.000000000000000000e+00
7.857867245273132406e-01 4.445239830566239392e-01 -4.300432213905733270e-01 0.000000000000000000e+00 6.183082242558487485e-01 -5.817693226272108165e-01 5.284307907364954593e-01 0.000000000000000000e+00 -1.528583254506237464e-02 -6.811333130161673077e-01 -7.319997820358883356e-01 0.000000000000000000e+00 5.546583432728596774e-01 -4.305483486840008811e-01 2.011127609984789899e+00 1.000000000000000000e+00
7.856755598654535655e-01 4.451180296442779905e-01 -4.296319390158226947e-01 0.000000000000000000e+00 6.184587444690006208e-01 -5.818764125647803986e-01 5.281368014875194028e-01 0.000000000000000000e+00 -1.490946262496346125e-02 -6.806537878361194061e-01 -7.324535206547707622e-01 0.000000000000000000e+00 5.581427207417802849e-01 -4.323686189014231962e-01 2.011752126700148136e+00 1.000000000000000000e+00
7.855651315609175622e-01 4.457090877686894492e-01 -4.292207796271241826e-01 0.000000000000000000e+00 6.186078387992656191e-01 -5.819855359103677239e-01 5.278417343452161958e-01 0.000000000000000000e+00 -1.453642632577851687e-02 -6.801734368282777998e-01 -7.329069232819163116e-01 0.000000000000000000e+00 5.616277532901262637e-01 -4.341895571165421130e-01 2.012374579808205333e+00 1.000000000000000000e+00
7.854556162769852357e-01 4.462972466222593915e-01 -4.288099150469741327e-01 0.000000000000000000e+00 6.187554951042230078e-01 -5.820968597982183468e-01 5.275458659367470160e-01 0.000000000000000000e+00 -1.416663354943432235e-02 -6.796924274239510844e-01 -7.333603676865564358e-01 0.000000000000000000e+00 5.651143703021006548e-01 -4.360114503039179135e-01 2.012996055557100039e+00 1.000000000000000000e+00
7.853468444242145408e-01 4.468824854765904298e-01 -4.283992425268162152e-01 0.000000000000000000e+00 6.189016732607214299e-01 -5.822103083636558374e-01 5.272490585694316056e-01 0.000000000000000000e+00 -1.380007659780221191e-02 -6.792105398195983357e-01 -7.338136014400983287e-01 0.000000000000000000e+00 5.686026477777789134e-01 -4.378346515488706903e-01 2.013616129072647531e+00 1.000000000000000000e+00
7.852389940631422371e-01 4.474647712221193063e-01 -4.279889662707586084e-01 0.000000000000000000e+00 6.190465247530373416e-01 -5.823257088627029621e-01 5.269514638508161486e-01 0.000000000000000000e+00 -1.343672899995701150e-02 -6.787279758351015824e-01 -7.342666335300708225e-01 0.000000000000000000e+00 5.720918208203306099e-01 -4.396582557447397122e-01 2.014234829206830835e+00 1.000000000000000000e+00
7.851319509000682650e-01 4.480442764638858932e-01 -4.275789422359287939e-01 0.000000000000000000e+00 6.191900723004222229e-01 -5.824432478418377634e-01 5.266528948029236545e-01 0.000000000000000000e+00 -1.307665975937144856e-02 -6.782447499696224735e-01 -7.347195538766826406e-01 0.000000000000000000e+00 5.755824615136981848e-01 -4.414830058495770593e-01 2.014851965018000346e+00 1.000000000000000000e+00
7.850258642779794904e-01 4.486209009354184540e-01 -4.271693171448000537e-01 0.000000000000000000e+00 6.193322791348202516e-01 -5.825627948121332444e-01 5.263535521242809212e-01 0.000000000000000000e+00 -1.271971675641292085e-02 -6.777608823443078689e-01 -7.351723126811817721e-01 0.000000000000000000e+00 5.790745231545150196e-01 -4.433085335686553496e-01 2.015468116279492961e+00 1.000000000000000000e+00
7.849204358186523400e-01 4.491945586691759584e-01 -4.267598559027718230e-01 0.000000000000000000e+00 6.194729627978203812e-01 -5.826843712817129095e-01 5.260532852008030780e-01 0.000000000000000000e+00 -1.236600431515902550e-02 -6.772762678699956185e-01 -7.356248886752229099e-01 0.000000000000000000e+00 5.825675144798178051e-01 -4.451348958377782106e-01 2.016082616244709413e+00 1.000000000000000000e+00
7.848158078842607521e-01 4.497653164364554534e-01 -4.263508509127393875e-01 0.000000000000000000e+00 6.196124114857810561e-01 -5.828077763689056834e-01 5.257522377256570456e-01 0.000000000000000000e+00 -1.201545577689540518e-02 -6.767909517991737012e-01 -7.360770938186814716e-01 0.000000000000000000e+00 5.860619891547522720e-01 -4.469618646331682266e-01 2.016695723889669445e+00 1.000000000000000000e+00
7.847119174507481976e-01 4.503332431029496985e-01 -4.259420964423797917e-01 0.000000000000000000e+00 6.197503417543461790e-01 -5.829332989855918745e-01 5.254503539861822281e-01 0.000000000000000000e+00 -1.166803767489814868e-02 -6.763050747000557417e-01 -7.365291908417694877e-01 0.000000000000000000e+00 5.895579918349932447e-01 -4.487899813269019544e-01 2.017307647708151297e+00 1.000000000000000000e+00
7.846089872073157556e-01 4.508983021713792172e-01 -4.255338051940159572e-01 0.000000000000000000e+00 6.198870723530202076e-01 -5.830606309657938580e-01 5.251476732314591667e-01 0.000000000000000000e+00 -1.132378378846683742e-02 -6.758186099199732233e-01 -7.369809422454499659e-01 0.000000000000000000e+00 5.930791024592148020e-01 -4.505507502493759087e-01 2.017854585344192930e+00 1.000000000000000000e+00
7.845069019503383423e-01 4.514604870817638393e-01 -4.251258448389349520e-01 0.000000000000000000e+00 6.200224607776866348e-01 -5.831899161554633393e-01 5.248442005551717804e-01 0.000000000000000000e+00 -1.098268748529556554e-02 -6.753315868080623785e-01 -7.374323789773585824e-01 0.000000000000000000e+00 5.966421237482217865e-01 -4.521968543371622795e-01 2.018292648242881349e+00 1.000000000000000000e+00
7.844056031691019060e-01 4.520197671236336201e-01 -4.247183170637817695e-01 0.000000000000000000e+00 6.201565362016855376e-01 -5.833210442734265699e-01 5.245400164467074466e-01 0.000000000000000000e+00 -1.064465546862540350e-02 -6.748440034485374550e-01 -7.378835219268928824e-01 0.000000000000000000e+00 6.002069794908219125e-01 -4.538435308660595524e-01 2.018729782359243607e+00 1.000000000000000000e+00
7.843050692673073643e-01 4.525761756847118122e-01 -4.243111966621629372e-01 0.000000000000000000e+00 6.202892780734832190e-01 -5.834539800597777770e-01 5.242350509921434032e-01 0.000000000000000000e+00 -1.030975771707106324e-02 -6.743559774174163746e-01 -7.383343250571827721e-01 0.000000000000000000e+00 6.037727440898696951e-01 -4.554902583567594365e-01 2.019165781096179835e+00 1.000000000000000000e+00
7.842054242096795358e-01 4.531296253288352172e-01 -4.239043642831964998e-01 0.000000000000000000e+00 6.204206307164430445e-01 -5.835889109132932351e-01 5.239294334941355658e-01 0.000000000000000000e+00 -9.977955338571306565e-03 -6.738673836201277689e-01 -7.387848513033556941e-01 0.000000000000000000e+00 6.073394108241624290e-01 -4.571376394044165958e-01 2.019600670064968462e+00 1.000000000000000000e+00
7.841065930454735877e-01 4.536803396749466422e-01 -4.234980688855478625e-01 0.000000000000000000e+00 6.205507969660435386e-01 -5.837254940917285806e-01 5.236229517642542186e-01 0.000000000000000000e+00 -9.649193172379864208e-03 -6.733783215934163735e-01 -7.392350235331960340e-01 0.000000000000000000e+00 6.109078586119086607e-01 -4.587852199056146052e-01 2.020034520703493985e+00 1.000000000000000000e+00
7.840084943581410171e-01 4.542281757218193938e-01 -4.230922436173947809e-01 0.000000000000000000e+00 6.206796346157049671e-01 -5.838638687987303122e-01 5.233158233075372312e-01 0.000000000000000000e+00 -9.323454176585423483e-03 -6.728888289148722279e-01 -7.396848208084513265e-01 0.000000000000000000e+00 6.144769007625620061e-01 -4.604329639988293255e-01 2.020467155296679973e+00 1.000000000000000000e+00
7.839113390362655309e-01 4.547731014502575109e-01 -4.226867736061767356e-01 0.000000000000000000e+00 6.208072026001375532e-01 -5.840041562936580943e-01 5.230080767808742426e-01 0.000000000000000000e+00 -9.000783980204776769e-03 -6.723991361643555376e-01 -7.401340356490896388e-01 0.000000000000000000e+00 6.180470503743784594e-01 -4.620808322232951570e-01 2.020898625063722420e+00 1.000000000000000000e+00
7.838149413387712761e-01 4.553150410040981422e-01 -4.222817972539962272e-01 0.000000000000000000e+00 6.209333740551097325e-01 -5.841460044106153715e-01 5.226996717091132449e-01 0.000000000000000000e+00 -8.681199982180145061e-03 -6.719087288686531600e-01 -7.405829322873944687e-01 0.000000000000000000e+00 6.216182871161297641e-01 -4.637290576287451671e-01 2.021329132853580290e+00 1.000000000000000000e+00
7.837194028157070669e-01 4.558543483469234547e-01 -4.218773143405970538e-01 0.000000000000000000e+00 6.210585460006993186e-01 -5.842896261069082664e-01 5.223904389024577322e-01 0.000000000000000000e+00 -8.364547347953273787e-03 -6.714180828200458917e-01 -7.410315212250402350e-01 0.000000000000000000e+00 6.251909258073817810e-01 -4.653774753176489476e-01 2.021758530467443915e+00 1.000000000000000000e+00
7.836245111727183632e-01 4.563906620395820624e-01 -4.214734011455669727e-01 0.000000000000000000e+00 6.211821987347375673e-01 -5.844348462489090679e-01 5.220807276809379394e-01 0.000000000000000000e+00 -8.051026757217142477e-03 -6.709270562212817923e-01 -7.414794559545231367e-01 0.000000000000000000e+00 6.287644498339169941e-01 -4.670258166896227303e-01 2.022186749310645126e+00 1.000000000000000000e+00
7.835305458220259700e-01 4.569241309230069326e-01 -4.210698783634665987e-01 0.000000000000000000e+00 6.213046691592851722e-01 -5.845818872481216566e-01 5.217703733175567127e-01 0.000000000000000000e+00 -7.740361857095507704e-03 -6.704357833420732105e-01 -7.419270581262950026e-01 0.000000000000000000e+00 6.323394561038425676e-01 -4.686745318469143773e-01 2.022614190618460484e+00 1.000000000000000000e+00
7.834373849024267589e-01 4.574547176726421194e-01 -4.206669840004547134e-01 0.000000000000000000e+00 6.214258224136829378e-01 -5.847304010901367421e-01 5.214594346653738111e-01 0.000000000000000000e+00 -7.432696711425311811e-03 -6.699441819507604423e-01 -7.423742043718635220e-01 0.000000000000000000e+00 6.359145735749455186e-01 -4.703228537615898874e-01 2.023040375605733576e+00 1.000000000000000000e+00
7.833449387290348787e-01 4.579825096459332889e-01 -4.202645371736893343e-01 0.000000000000000000e+00 6.215459022061531336e-01 -5.848805919679676002e-01 5.211477912211061048e-01 0.000000000000000000e+00 -7.128005306900182976e-03 -6.694522777793193713e-01 -7.428208029286942349e-01 0.000000000000000000e+00 6.394919041197267839e-01 -4.719715252059045740e-01 2.023465483561912137e+00 1.000000000000000000e+00
7.832534089942529976e-01 4.585074345744933333e-01 -4.198626722140674783e-01 0.000000000000000000e+00 6.216647254897917918e-01 -5.850324067344740975e-01 5.208356694747178217e-01 0.000000000000000000e+00 -6.826235109334144111e-03 -6.689601404875943347e-01 -7.432668172065224343e-01 0.000000000000000000e+00 6.430698906277462212e-01 -4.736202399477708047e-01 2.023889505250289211e+00 1.000000000000000000e+00
7.831628504488366005e-01 4.590294966858072256e-01 -4.194613435867337037e-01 0.000000000000000000e+00 6.217823838036951045e-01 -5.851857446960001541e-01 5.205229364200067987e-01 0.000000000000000000e+00 -6.527438184058246932e-03 -6.684677598066550708e-01 -7.437123180069177275e-01 0.000000000000000000e+00 6.466490101549616787e-01 -4.752687708752094675e-01 2.024312486513137888e+00 1.000000000000000000e+00
7.830727785670302810e-01 4.595486874675137057e-01 -4.190605977310193353e-01 0.000000000000000000e+00 6.218986602039328071e-01 -5.853407141886778353e-01 5.202097691433187343e-01 0.000000000000000000e+00 -6.231504304437792373e-03 -6.679753048402667925e-01 -7.441573948710212827e-01 0.000000000000000000e+00 6.502289476531123436e-01 -4.769172233445736486e-01 2.024734618866487423e+00 1.000000000000000000e+00
7.829834737991608895e-01 4.600650954268977189e-01 -4.186604726076403327e-01 0.000000000000000000e+00 6.220137369076801370e-01 -5.854970849688230228e-01 5.198959600413278759e-01 0.000000000000000000e+00 -5.938491303669963910e-03 -6.674825971335907049e-01 -7.446015909375706121e-01 0.000000000000000000e+00 6.538541409755763700e-01 -4.783899353944880417e-01 2.024994399518509347e+00 1.000000000000000000e+00
7.828951181871294240e-01 4.605785950004320783e-01 -4.182609642097116498e-01 0.000000000000000000e+00 6.221276931879861083e-01 -5.856549614754518185e-01 5.195817543494670732e-01 0.000000000000000000e+00 -5.648389798727625893e-03 -6.669897347909199414e-01 -7.450455174151295878e-01 0.000000000000000000e+00 6.574837373042091704e-01 -4.798495503644801263e-01 2.025242268074160634e+00 1.000000000000000000e+00
7.828076425590572152e-01 4.610892916723196011e-01 -4.178619681233071703e-01 0.000000000000000000e+00 6.222405076494894605e-01 -5.858143553450189112e-01 5.192669223232215803e-01 0.000000000000000000e+00 -5.361133813536263226e-03 -6.664967239147457922e-01 -7.454885938988354832e-01 0.000000000000000000e+00 6.611146566983434614e-01 -4.813088791523038035e-01 2.025488815641116602e+00 1.000000000000000000e+00
7.827207979896503298e-01 4.615971666876383384e-01 -4.174636202193947598e-01 0.000000000000000000e+00 6.223519496437609488e-01 -5.859752818968441135e-01 5.189516846944123296e-01 0.000000000000000000e+00 -5.076731341031338711e-03 -6.660036546038061722e-01 -7.459311590367635469e-01 0.000000000000000000e+00 6.647458775875892956e-01 -4.827678604851329824e-01 2.025734898341386536e+00 1.000000000000000000e+00
7.826347422298933765e-01 4.621021343009796833e-01 -4.170659302961200465e-01 0.000000000000000000e+00 6.224623249178248274e-01 -5.861374900064048044e-01 5.186359792838046712e-01 0.000000000000000000e+00 -4.795168435020031976e-03 -6.655104760851477952e-01 -7.463729944327547328e-01 0.000000000000000000e+00 6.683782282907496652e-01 -4.842259804962174008e-01 2.025980031092941225e+00 1.000000000000000000e+00
7.825494922725075853e-01 4.626043407658202433e-01 -4.166689811122321063e-01 0.000000000000000000e+00 6.225715023657967251e-01 -5.863010393176171231e-01 5.183198097984119679e-01 0.000000000000000000e+00 -4.516462237229311449e-03 -6.650172469462163338e-01 -7.468142224015308361e-01 0.000000000000000000e+00 6.720115906601081823e-01 -4.856835535649965396e-01 2.026224550561137594e+00 1.000000000000000000e+00
7.824651744332841163e-01 4.631036811524726904e-01 -4.162725982759992727e-01 0.000000000000000000e+00 6.226795561884249652e-01 -5.864661068355243589e-01 5.180032498559160592e-01 0.000000000000000000e+00 -4.240573001467223130e-03 -6.645240275295918320e-01 -7.472547914624980692e-01 0.000000000000000000e+00 6.756459029280876827e-01 -4.871407243628645967e-01 2.026468358597092845e+00 1.000000000000000000e+00
7.823814691946147093e-01 4.636002045998647847e-01 -4.158769890652961321e-01 0.000000000000000000e+00 6.227864651554061437e-01 -5.866324409298551146e-01 5.176863123084171070e-01 0.000000000000000000e+00 -3.967454117970330152e-03 -6.640308000862906734e-01 -7.476945739195020035e-01 0.000000000000000000e+00 6.792812433847493780e-01 -4.885971325738800997e-01 2.026711428940961124e+00 1.000000000000000000e+00
7.822985911303811379e-01 4.640939691526010935e-01 -4.154820113803420756e-01 0.000000000000000000e+00 6.228921628765248242e-01 -5.868001637585358310e-01 5.173688846956946419e-01 0.000000000000000000e+00 -3.697119085382308441e-03 -6.635376224172839787e-01 -7.481336793368258409e-01 0.000000000000000000e+00 6.829177280675746697e-01 -4.900530169250767454e-01 2.026953632990691645e+00 1.000000000000000000e+00
7.822166236245031712e-01 4.645848291077629977e-01 -4.150878099885637607e-01 0.000000000000000000e+00 6.229969570272145818e-01 -5.869691114442048274e-01 5.170511818553802375e-01 0.000000000000000000e+00 -3.429586554199678429e-03 -6.630444232089902634e-01 -7.485720939298627918e-01 0.000000000000000000e+00 6.865552520993113417e-01 -4.915080422473767086e-01 2.027195327886917475e+00 1.000000000000000000e+00
7.821352123139320156e-01 4.650728910043735453e-01 -4.146942827995632741e-01 0.000000000000000000e+00 6.231003454747184866e-01 -5.871394181949954882e-01 5.167331038049415293e-01 0.000000000000000000e+00 -3.164805514543720701e-03 -6.625513418026977019e-01 -7.490098549765806801e-01 0.000000000000000000e+00 6.901932979143398095e-01 -4.929624530278476913e-01 2.027436392483719541e+00 1.000000000000000000e+00
7.820546458317388927e-01 4.655582405364599996e-01 -4.143015718912768652e-01 0.000000000000000000e+00 6.232026926701682568e-01 -5.873109263852819284e-01 5.164146236128612788e-01 0.000000000000000000e+00 -2.902744562171863819e-03 -6.620584833490196219e-01 -7.494465484083970841e-01 0.000000000000000000e+00 6.938322406020613897e-01 -4.944158527467251707e-01 2.027676289272138277e+00 1.000000000000000000e+00
7.819749158052001770e-01 4.660404702224043016e-01 -4.139094418456525926e-01 0.000000000000000000e+00 6.233038667660397714e-01 -5.874836541408373636e-01 5.160959333544175021e-01 0.000000000000000000e+00 -2.643462777300724289e-03 -6.615654793281656731e-01 -7.498826349377526457e-01 0.000000000000000000e+00 6.974720882574811931e-01 -4.958685450127985339e-01 2.027915787484154908e+00 1.000000000000000000e+00
7.818960528216998274e-01 4.665201725493155482e-01 -4.135182881029761948e-01 0.000000000000000000e+00 6.234041538786289083e-01 -5.876575915049861987e-01 5.157768833589194690e-01 0.000000000000000000e+00 -2.386846673980696099e-03 -6.610728256687450344e-01 -7.503179560982037311e-01 0.000000000000000000e+00 7.011132232145471654e-01 -4.973203612452496425e-01 2.028154718358262443e+00 1.000000000000000000e+00
7.818176638754941177e-01 4.669970035749231863e-01 -4.131277002337648829e-01 0.000000000000000000e+00 6.235030235596139558e-01 -5.878328083698373119e-01 5.154574339934044902e-01 0.000000000000000000e+00 -2.132936195899310869e-03 -6.605802134798656189e-01 -7.507523897926305922e-01 0.000000000000000000e+00 7.047553367638986765e-01 -4.987716463229923125e-01 2.028392640893178722e+00 1.000000000000000000e+00
7.817402547566635329e-01 4.674709501897406083e-01 -4.127381064536399524e-01 0.000000000000000000e+00 6.236009104713680085e-01 -5.880090080376224604e-01 5.151378880093845369e-01 0.000000000000000000e+00 -1.881735385233394061e-03 -6.600878725595841212e-01 -7.511859574362543812e-01 0.000000000000000000e+00 7.083979532427754355e-01 -5.002214108857246933e-01 2.028630149409655470e+00 1.000000000000000000e+00
7.816636270070735915e-01 4.679421590198699632e-01 -4.123491965345250643e-01 0.000000000000000000e+00 6.236978475772527730e-01 -5.881864876082680826e-01 5.148179836849042790e-01 0.000000000000000000e+00 -1.633171368790456391e-03 -6.595957154779499287e-01 -7.516188141941267942e-01 0.000000000000000000e+00 7.120546337722590824e-01 -5.015832178460937207e-01 2.028788198844287738e+00 1.000000000000000000e+00
7.815876145493392269e-01 4.684104824378409471e-01 -4.119611169257036409e-01 0.000000000000000000e+00 6.237935136196265384e-01 -5.883649950133463813e-01 5.144978772317383431e-01 0.000000000000000000e+00 -1.387303859307553603e-03 -6.591038876681333258e-01 -7.520505346572163852e-01 0.000000000000000000e+00 7.157286312376317516e-01 -5.028389108704572896e-01 2.028851295175879699e+00 1.000000000000000000e+00
7.815124172948638703e-01 4.688761223717602955e-01 -4.115738843266544822e-01 0.000000000000000000e+00 6.238881587773412729e-01 -5.885446586090358201e-01 5.141774911779614099e-01 0.000000000000000000e+00 -1.144062516344598315e-03 -6.586122604831533556e-01 -7.524815620985841891e-01 0.000000000000000000e+00 7.194031335956758699e-01 -5.040936506960710384e-01 2.028914046045975361e+00 1.000000000000000000e+00
7.814380781381130570e-01 4.693389758404865053e-01 -4.111875044454649797e-01 0.000000000000000000e+00 6.239817219713510443e-01 -5.887254300895301551e-01 5.138569318236809735e-01 0.000000000000000000e+00 -9.034430344419551234e-04 -6.581210908536160309e-01 -7.529115241201744801e-01 0.000000000000000000e+00 7.230783401676066369e-01 -5.053468940886693961e-01 2.028976393677717649e+00 1.000000000000000000e+00
7.813644099413723509e-01 4.697988841398455517e-01 -4.108020387771278981e-01 0.000000000000000000e+00 6.240743108959240226e-01 -5.889070847163486722e-01 5.135362680446799999e-01 0.000000000000000000e+00 -6.654653496602757354e-04 -6.576299617559804300e-01 -7.533408173386912932e-01 0.000000000000000000e+00 7.267551857068326182e-01 -5.065989298619985037e-01 2.029038851917686070e+00 1.000000000000000000e+00
7.812914496823236687e-01 4.702561398231729362e-01 -4.104174756444141092e-01 0.000000000000000000e+00 6.241658421955645908e-01 -5.890898008146951970e-01 5.132153706972066853e-01 0.000000000000000000e+00 -4.300257552419299795e-04 -6.571393023060934091e-01 -7.537689941650873582e-01 0.000000000000000000e+00 7.304318139787623343e-01 -5.078492617174439339e-01 2.029100536802333821e+00 1.000000000000000000e+00
7.812193257548004643e-01 4.707104912072361813e-01 -4.100336267697959891e-01 0.000000000000000000e+00 6.242562515755128993e-01 -5.892735714447885353e-01 5.128942722906745244e-01 0.000000000000000000e+00 -1.972608805415755726e-04 -6.566490433595835174e-01 -7.541961839966182524e-01 0.000000000000000000e+00 7.341096036461908225e-01 -5.090983311416797941e-01 2.029161647686786196e+00 1.000000000000000000e+00
7.811479106047800602e-01 4.711621587017313928e-01 -4.096508729312801078e-01 0.000000000000000000e+00 6.243456913931201280e-01 -5.894582871722560125e-01 5.125731515478849643e-01 0.000000000000000000e+00 3.297341442473629940e-05 -6.561592577238819501e-01 -7.546223562793852313e-01 0.000000000000000000e+00 7.377887662599260654e-01 -5.103458101704053673e-01 2.029222805951163888e+00 1.000000000000000000e+00
7.810772557455550880e-01 4.716109714294520749e-01 -4.092689182521126456e-01 0.000000000000000000e+00 6.244339996915053703e-01 -5.896439684032414030e-01 5.122518552260518776e-01 0.000000000000000000e+00 2.606580142209853753e-04 -6.556697738785424168e-01 -7.550476543265848273e-01 0.000000000000000000e+00 7.414681411885348794e-01 -5.115918734461171180e-01 2.029283424381235434e+00 1.000000000000000000e+00
7.810073216436147492e-01 4.720570597863208984e-01 -4.088879681855100978e-01 0.000000000000000000e+00 6.245213373610426499e-01 -5.898305106921246654e-01 5.119304349624990147e-01 0.000000000000000000e+00 4.858080968084377391e-04 -6.551807199369145129e-01 -7.554719322218703681e-01 0.000000000000000000e+00 7.451484565682175987e-01 -5.128363142955130183e-01 2.029343864914759266e+00 1.000000000000000000e+00
7.809381862555230258e-01 4.725003785270793233e-01 -4.085079986059333423e-01 0.000000000000000000e+00 6.246077329504436948e-01 -5.900179473685484011e-01 5.116089707463999936e-01 0.000000000000000000e+00 7.083655181270725760e-04 -6.546922499725531530e-01 -7.558951258840240772e-01 0.000000000000000000e+00 7.488301957930066921e-01 -5.140789670654667409e-01 2.029403974439640379e+00 1.000000000000000000e+00
7.808696668608049452e-01 4.729408421842757893e-01 -4.081288691195457674e-01 0.000000000000000000e+00 6.246929148071638238e-01 -5.902063838475022362e-01 5.112874612871433078e-01 0.000000000000000000e+00 9.284685210529812537e-04 -6.542042088831159230e-01 -7.563173714548047100e-01 0.000000000000000000e+00 7.525114779327444214e-01 -5.153202608813758356e-01 2.029463733495735056e+00 1.000000000000000000e+00
7.808018774412704976e-01 4.733786043268949917e-01 -4.077508564775695898e-01 0.000000000000000000e+00 6.247772836054726886e-01 -5.903955517395257369e-01 5.109659281312957102e-01 0.000000000000000000e+00 1.146026494670376351e-03 -6.537167378632687820e-01 -7.567384099526298646e-01 0.000000000000000000e+00 7.561943464870806153e-01 -5.165596084088504014e-01 2.029523124026729519e+00 1.000000000000000000e+00
7.807349067597286751e-01 4.738135715487363786e-01 -4.073737301721980231e-01 0.000000000000000000e+00 6.248605558553079753e-01 -5.905856167423040315e-01 5.106443361759266386e-01 0.000000000000000000e+00 1.361164460508867361e-03 -6.532297089900555020e-01 -7.571584566803565286e-01 0.000000000000000000e+00 7.598781415904047876e-01 -5.177973404817588499e-01 2.029582285725654689e+00 1.000000000000000000e+00
7.806686058001159889e-01 4.742457559389910426e-01 -4.069977008305700195e-01 0.000000000000000000e+00 6.249428796064980807e-01 -5.907764274641842395e-01 5.103228082823377809e-01 0.000000000000000000e+00 1.573794033789532041e-03 -6.527434018895742485e-01 -7.575774158703754146e-01 0.000000000000000000e+00 7.635625272190093016e-01 -5.190330878837128292e-01 2.029641438062059322e+00 1.000000000000000000e+00
7.806030706538936714e-01 4.746752684938748690e-01 -4.066226427689452749e-01 0.000000000000000000e+00 6.250240666488933172e-01 -5.909681446655496995e-01 5.100012406313432223e-01 0.000000000000000000e+00 1.783909867030964574e-03 -6.522576034713357673e-01 -7.579953456274930446e-01 0.000000000000000000e+00 7.672474468086725174e-01 -5.202673598055808091e-01 2.029700132522528566e+00 1.000000000000000000e+00
7.805382633753981114e-01 4.751018815969358933e-01 -4.062485707359814180e-01 0.000000000000000000e+00 6.251044382641954833e-01 -5.911604872426718948e-01 5.096796791929795178e-01 0.000000000000000000e+00 1.991645784107214708e-03 -6.517723769321343008e-01 -7.584118933120583828e-01 0.000000000000000000e+00 7.709333240476922144e-01 -5.214994606922320752e-01 2.029758318654237392e+00 1.000000000000000000e+00
7.804740333239296168e-01 4.755258085896844067e-01 -4.058756676019568688e-01 0.000000000000000000e+00 6.251838012741804951e-01 -5.913535694902873896e-01 5.093582430889600499e-01 0.000000000000000000e+00 2.196978918958611068e-03 -6.512878551116978443e-01 -7.588274581972384025e-01 0.000000000000000000e+00 7.746305806022533158e-01 -5.225394549232310615e-01 2.029647816325490961e+00 1.000000000000000000e+00
7.804107123008086067e-01 4.759469730867096904e-01 -4.055037229736240811e-01 0.000000000000000000e+00 6.252621945344778442e-01 -5.915474712553976389e-01 5.090368399248845765e-01 0.000000000000000000e+00 2.399820276852217358e-03 -6.508040937912465962e-01 -7.592418751683031042e-01 0.000000000000000000e+00 7.783289930255385958e-01 -5.235734201414484756e-01 2.029534017403369361e+00 1.000000000000000000e+00
7.803480502889689197e-01 4.763654102999705930e-01 -4.051329258790046794e-01 0.000000000000000000e+00 6.253396968817348522e-01 -5.917419824552729857e-01 5.087155315188561788e-01 0.000000000000000000e+00 2.600333434831825739e-03 -6.503210422636718224e-01 -7.596550526363200495e-01 0.000000000000000000e+00 7.820284257647163173e-01 -5.246049469013384092e-01 2.029420014356440927e+00 1.000000000000000000e+00
7.802860035653408355e-01 4.767811128018523692e-01 -4.047631631191873081e-01 0.000000000000000000e+00 6.254162202721686992e-01 -5.919371739010799160e-01 5.083942545829126525e-01 0.000000000000000000e+00 2.798391400480241317e-03 -6.498385508780533115e-01 -7.600670612735940246e-01 0.000000000000000000e+00 7.857281826876870712e-01 -5.256344908607720745e-01 2.029305972926167545e+00 1.000000000000000000e+00
7.802247407139686342e-01 4.771939264240357970e-01 -4.043945648657166769e-01 0.000000000000000000e+00 6.254917529710153357e-01 -5.921329059730421340e-01 5.080732327853368924e-01 0.000000000000000000e+00 2.994131772955886932e-03 -6.493568677712210357e-01 -7.604778438125044948e-01 0.000000000000000000e+00 7.894285677784054212e-01 -5.266613419661522189e-01 2.029192189129645829e+00 1.000000000000000000e+00
7.801640983108576455e-01 4.776041112031841340e-01 -4.040270131287502786e-01 0.000000000000000000e+00 6.255663108955602514e-01 -5.923294036614491498e-01 5.077522859723315740e-01 0.000000000000000000e+00 3.187511474654186258e-03 -6.488759401707897556e-01 -7.608874721137109942e-01 0.000000000000000000e+00 7.931296439642878671e-01 -5.276861806459426374e-01 2.029078403641122019e+00 1.000000000000000000e+00
7.801042695161540808e-01 4.780115124161810058e-01 -4.036606971737401461e-01 0.000000000000000000e+00 6.256399410854261989e-01 -5.925263912286298229e-01 5.074315722981233012e-01 0.000000000000000000e+00 3.378553186345299286e-03 -6.483958323971833471e-01 -7.612957753626810042e-01 0.000000000000000000e+00 7.968312904143538544e-01 -5.287084375259972768e-01 2.028964826928998821e+00 1.000000000000000000e+00
7.800451411776120336e-01 4.784161766730924414e-01 -4.032954194380697355e-01 0.000000000000000000e+00 6.257126418361383946e-01 -5.927239929887839764e-01 5.071109389502761466e-01 0.000000000000000000e+00 3.567151789647946599e-03 -6.479166312862151278e-01 -7.617028851113780696e-01 0.000000000000000000e+00 8.005338679419330417e-01 -5.297280948656549748e-01 2.028851231329757088e+00 1.000000000000000000e+00
7.799866096284632233e-01 4.788180995495902037e-01 -4.029313906782652221e-01 0.000000000000000000e+00 6.257844716258901263e-01 -5.929222399654729969e-01 5.067906855187337412e-01 0.000000000000000000e+00 3.753603709375368663e-03 -6.474382110771874643e-01 -7.621087235404659932e-01 0.000000000000000000e+00 8.042375398441063972e-01 -5.307456675769904875e-01 2.028738088836753661e+00 1.000000000000000000e+00
7.799287841617473793e-01 4.792173131073784176e-01 -4.025684734365044259e-01 0.000000000000000000e+00 6.258554043008990320e-01 -5.931208844278873515e-01 5.064704598483804610e-01 0.000000000000000000e+00 3.937651011835779230e-03 -6.469606186490928224e-01 -7.625131344595765803e-01 0.000000000000000000e+00 8.079411780451126734e-01 -5.317604978461959453e-01 2.028624483201785900e+00 1.000000000000000000e+00
7.798716926261808347e-01 4.796139131432706759e-01 -4.022068025169460159e-01 0.000000000000000000e+00 6.259254096733362083e-01 -5.933200425630934527e-01 5.061504221287268512e-01 0.000000000000000000e+00 4.119382893640657559e-03 -6.464839620231230821e-01 -7.629163759946053780e-01 0.000000000000000000e+00 8.116463307735796162e-01 -5.327728466995460543e-01 2.028511169235077460e+00 1.000000000000000000e+00
7.798152590894034120e-01 4.800077394144165455e-01 -4.018463330089207530e-01 0.000000000000000000e+00 6.259945423812888210e-01 -5.935197935999360075e-01 5.058307937987720493e-01 0.000000000000000000e+00 4.298919567811130583e-03 -6.460083404393767159e-01 -7.633182225398680298e-01 0.000000000000000000e+00 8.153517414053620405e-01 -5.337825323994770388e-01 2.028398109847197262e+00 1.000000000000000000e+00
7.797594675673259479e-01 4.803986795239243990e-01 -4.014870012676178268e-01 0.000000000000000000e+00 6.260626935607589427e-01 -5.937199762362098676e-01 5.055114867475581919e-01 0.000000000000000000e+00 4.476222617004125062e-03 -6.455336541932500394e-01 -7.637187193984442679e-01 0.000000000000000000e+00 8.190575779017883473e-01 -5.347894328981231959e-01 2.028285384095404265e+00 1.000000000000000000e+00
7.797044482394153153e-01 4.807869792202140724e-01 -4.011290019738841806e-01 0.000000000000000000e+00 6.261300326009620054e-01 -5.939204927508445753e-01 5.051924274384922420e-01 0.000000000000000000e+00 4.651208115663447128e-03 -6.450597465276926012e-01 -7.641180103661530110e-01 0.000000000000000000e+00 8.227645076386578271e-01 -5.357937699294620382e-01 2.028172861727034260e+00 1.000000000000000000e+00
7.796499802382672595e-01 4.811726841565253654e-01 -4.007722536375934452e-01 0.000000000000000000e+00 6.261964961654029604e-01 -5.941213948198473815e-01 5.048735492263985991e-01 0.000000000000000000e+00 4.824006009483261873e-03 -6.445870043567404339e-01 -7.645157098101432736e-01 0.000000000000000000e+00 8.264723526810804355e-01 -5.367951426438394291e-01 2.028060001569563564e+00 1.000000000000000000e+00
7.795962392645874317e-01 4.815555471131887644e-01 -4.004167826941874009e-01 0.000000000000000000e+00 6.262620200872370813e-01 -5.943227435357389954e-01 5.045551990231430528e-01 0.000000000000000000e+00 4.994556323692451137e-03 -6.441152705631398856e-01 -7.649120496038300798e-01 0.000000000000000000e+00 8.301800133907821788e-01 -5.377937924109770229e-01 2.027947738545516465e+00 1.000000000000000000e+00
7.795432334344054581e-01 4.819356479809380756e-01 -4.000624638504215458e-01 0.000000000000000000e+00 6.263267466881308199e-01 -5.945245238419641920e-01 5.042371594863183093e-01 0.000000000000000000e+00 5.162912495226733289e-03 -6.436445804417499916e-01 -7.653070421258616474e-01 0.000000000000000000e+00 8.338853497760844169e-01 -5.386838557163238228e-01 2.027742995925807090e+00 1.000000000000000000e+00
7.794907665320381929e-01 4.823131834162451836e-01 -3.997095513659482124e-01 0.000000000000000000e+00 6.263906405003026867e-01 -5.947265708457650790e-01 5.039194367448543987e-01 0.000000000000000000e+00 5.329130356689722528e-03 -6.431749983149995797e-01 -7.657006030791986273e-01 0.000000000000000000e+00 8.375874778572104384e-01 -5.394817435307164288e-01 2.027460906738459023e+00 1.000000000000000000e+00
7.794390630951669729e-01 4.826879731515945626e-01 -3.993579562248187886e-01 0.000000000000000000e+00 6.264535171794902713e-01 -5.949289687840347840e-01 5.036021875689243865e-01 0.000000000000000000e+00 5.493118175673846089e-03 -6.427065266424716317e-01 -7.660927518477167464e-01 0.000000000000000000e+00 8.412900413603544569e-01 -5.402766655544716246e-01 2.027179447276350022e+00 1.000000000000000000e+00
7.793879490651085540e-01 4.830600085464913929e-01 -3.990075926945121920e-01 0.000000000000000000e+00 6.265156706589509739e-01 -5.951316387355405357e-01 5.032852818179671672e-01 0.000000000000000000e+00 5.654983901677773823e-03 -6.422391229434213367e-01 -7.664834152744450790e-01 0.000000000000000000e+00 8.449935515017825693e-01 -5.410683435032789257e-01 2.026898224577902141e+00 1.000000000000000000e+00
7.793374751910024933e-01 4.834293561551898377e-01 -3.986586012242319121e-01 0.000000000000000000e+00 6.265769085888568402e-01 -5.953346382415187765e-01 5.029688886505429002e-01 0.000000000000000000e+00 5.814673409537429380e-03 -6.417729545060167906e-01 -7.668726436088605380e-01 0.000000000000000000e+00 8.486975538956051945e-01 -5.418567479051418223e-01 2.026617826281353896e+00 1.000000000000000000e+00
7.792877850521487959e-01 4.837961095199119210e-01 -3.983109743856059759e-01 0.000000000000000000e+00 6.266374117865326498e-01 -5.955379288928188686e-01 5.026529151842817900e-01 0.000000000000000000e+00 5.972254747608818359e-03 -6.413080109249241767e-01 -7.672603371818229601e-01 0.000000000000000000e+00 8.524022037117005013e-01 -5.426420654941901400e-01 2.026337786208789904e+00 1.000000000000000000e+00
7.792385559333995237e-01 4.841600117681963411e-01 -3.979647158844904498e-01 0.000000000000000000e+00 6.266970366371164003e-01 -5.957412457852341303e-01 5.023374102306156219e-01 0.000000000000000000e+00 6.127668717665389099e-03 -6.408440465846686473e-01 -7.676465236651661694e-01 0.000000000000000000e+00 8.561080489287685724e-01 -5.434237929228448172e-01 2.026058193945846408e+00 1.000000000000000000e+00
7.791900935676657758e-01 4.845213226670532225e-01 -3.976198314254401622e-01 0.000000000000000000e+00 6.267558063323360740e-01 -5.959449202673853252e-01 5.020224221587095137e-01 0.000000000000000000e+00 6.281076035825290671e-03 -6.403815090067143112e-01 -7.680311977560427827e-01 0.000000000000000000e+00 8.598138684397911291e-01 -5.442022648174050792e-01 2.025779218682316696e+00 1.000000000000000000e+00
7.791422218308943215e-01 4.848799184686424235e-01 -3.972763620885900737e-01 0.000000000000000000e+00 6.268137518835855682e-01 -5.961487209124622932e-01 5.017079472176376731e-01 0.000000000000000000e+00 6.432315860356775487e-03 -6.399202038505651391e-01 -7.684143355931127850e-01 0.000000000000000000e+00 8.635203671373918866e-01 -5.449771773249855178e-01 2.025500923539344633e+00 1.000000000000000000e+00
7.790949768527503094e-01 4.852358632058320076e-01 -3.969341911376549903e-01 0.000000000000000000e+00 6.268708902674925421e-01 -5.963527531613056487e-01 5.013939152657871379e-01 0.000000000000000000e+00 6.581507243860276919e-03 -6.394601094001366448e-01 -7.687960548194944232e-01 0.000000000000000000e+00 8.672275152383478458e-01 -5.457489005947905314e-01 2.025223030854127693e+00 1.000000000000000000e+00
7.790482645942075068e-01 4.855891673351316884e-01 -3.965936326252765820e-01 0.000000000000000000e+00 6.269272964897067979e-01 -5.965568495754848266e-01 5.010805909314827167e-01 0.000000000000000000e+00 6.728671249040925340e-03 -6.390014768830322156e-01 -7.691760390507879075e-01 0.000000000000000000e+00 8.709354199554031339e-01 -5.465167986760337548e-01 2.024945887370478648e+00 1.000000000000000000e+00
7.790023891640205367e-01 4.859397300760046057e-01 -3.962543619056485555e-01 0.000000000000000000e+00 6.269829095081792536e-01 -5.967610678613248787e-01 5.007677151451770392e-01 0.000000000000000000e+00 6.873736610418064268e-03 -6.385440691550937631e-01 -7.695545173969294828e-01 0.000000000000000000e+00 8.746438887623775305e-01 -5.472812798547564972e-01 2.024669166135117049e+00 1.000000000000000000e+00
7.789569767282269463e-01 4.862876796627114695e-01 -3.959166336922904095e-01 0.000000000000000000e+00 6.270376753695844352e-01 -5.969653861397828942e-01 5.004555078487540332e-01 0.000000000000000000e+00 7.016837816787195765e-03 -6.380880569552256354e-01 -7.699313290457525660e-01 0.000000000000000000e+00 8.783532503079430898e-01 -5.480419354329532089e-01 2.024393140270496438e+00 1.000000000000000000e+00
7.789122511238675273e-01 4.866329097497595901e-01 -3.955803072245756002e-01 0.000000000000000000e+00 6.270916329543996248e-01 -5.971698430411772618e-01 5.001439508495557629e-01 0.000000000000000000e+00 7.157873129292989869e-03 -6.376333958790999512e-01 -7.703066819606274596e-01 0.000000000000000000e+00 8.820627424788212156e-01 -5.487992199448054054e-01 2.024117929204063415e+00 1.000000000000000000e+00
7.788681422829670797e-01 4.869754965809572345e-01 -3.952454168490254771e-01 0.000000000000000000e+00 6.271447669453754648e-01 -5.973742982561703885e-01 4.998329131328078101e-01 0.000000000000000000e+00 7.296916444949412897e-03 -6.371801659267695150e-01 -7.706802433118858930e-01 0.000000000000000000e+00 8.857728707763257159e-01 -5.495527309753440726e-01 2.023842969534952019e+00 1.000000000000000000e+00
7.788246945884043093e-01 4.873153479399847665e-01 -3.949120335190784981e-01 0.000000000000000000e+00 6.271972041030680067e-01 -5.975787901361029331e-01 4.995226373304785805e-01 0.000000000000000000e+00 7.433974375446939474e-03 -6.367283898587517976e-01 -7.710521952807439794e-01 0.000000000000000000e+00 8.894837072002471645e-01 -5.503023995408337088e-01 2.023569024305816644e+00 1.000000000000000000e+00
7.787817892234126793e-01 4.876526101669344526e-01 -3.945801889577635335e-01 0.000000000000000000e+00 6.272488558298385808e-01 -5.977832533247758873e-01 4.992129866982822906e-01 0.000000000000000000e+00 7.569110550579682094e-03 -6.362781053168521384e-01 -7.714226164790523033e-01 0.000000000000000000e+00 8.931903869825912334e-01 -5.510122223739886138e-01 2.023264563224005830e+00 1.000000000000000000e+00
7.787394819531250345e-01 4.879871642608196169e-01 -3.942498592503720367e-01 0.000000000000000000e+00 6.272997621482970798e-01 -5.979877374414117597e-01 4.989041207801195865e-01 0.000000000000000000e+00 7.702200729670424968e-03 -6.358293033244802883e-01 -7.717912114992752093e-01 0.000000000000000000e+00 8.968773313772953060e-01 -5.515603546773448773e-01 2.022824533132550950e+00 1.000000000000000000e+00
7.786977496236009433e-01 4.883191525240457853e-01 -3.939211429967855449e-01 0.000000000000000000e+00 6.273498629035101359e-01 -5.981920898654281560e-01 4.985959003364438535e-01 0.000000000000000000e+00 7.833369348160403034e-03 -6.353820048770963957e-01 -7.721581914241367750e-01 0.000000000000000000e+00 9.005652790265005203e-01 -5.521042840559413634e-01 2.022385429117981470e+00 1.000000000000000000e+00
7.786567067960632471e-01 4.886483740629317118e-01 -3.935938627862509143e-01 0.000000000000000000e+00 6.273992870900033658e-01 -5.983965276184735060e-01 4.982885263074148252e-01 0.000000000000000000e+00 7.962683061582348509e-03 -6.349363294331042962e-01 -7.725233605248751356e-01 0.000000000000000000e+00 9.042532847088270431e-01 -5.526442352173656092e-01 2.021947468745418419e+00 1.000000000000000000e+00
7.786161920343984688e-01 4.889750787735117621e-01 -3.932682109964292794e-01 0.000000000000000000e+00 6.274479103843988437e-01 -5.986007958926211625e-01 4.979817986227913496e-01 0.000000000000000000e+00 8.090028496536323319e-03 -6.344921254281176148e-01 -7.728868565633220111e-01 0.000000000000000000e+00 9.079413755845709977e-01 -5.531800136596706219e-01 2.021510181377200066e+00 1.000000000000000000e+00
7.785762659508183026e-01 4.892991053447193761e-01 -3.929441044338195521e-01 0.000000000000000000e+00 6.274958240697627865e-01 -5.988049516799023309e-01 4.976758494007961220e-01 0.000000000000000000e+00 8.215458825436915136e-03 -6.340495112724195970e-01 -7.732487127987235365e-01 0.000000000000000000e+00 9.116310745267812710e-01 -5.537115213744170372e-01 2.021073962152873271e+00 1.000000000000000000e+00
7.785369168943574447e-01 4.896203609774947285e-01 -3.926215781900178059e-01 0.000000000000000000e+00 6.275429562946074347e-01 -5.990090223910075062e-01 4.973708393033446362e-01 0.000000000000000000e+00 8.339035989200873841e-03 -6.336085505701956055e-01 -7.736087420306583251e-01 0.000000000000000000e+00 9.153206779761470235e-01 -5.542388385815640861e-01 2.020638970513276789e+00 1.000000000000000000e+00
7.784982071568944395e-01 4.899391573074853845e-01 -3.923008349631105229e-01 0.000000000000000000e+00 6.275895122309873564e-01 -5.992127995861398215e-01 4.970666126490961845e-01 0.000000000000000000e+00 8.460686188829254564e-03 -6.331692881529347172e-01 -7.739671373261893805e-01 0.000000000000000000e+00 9.190111167918377788e-01 -5.547614702189327396e-01 2.020205061474706909e+00 1.000000000000000000e+00
7.784600192119178752e-01 4.902552866553801514e-01 -3.919814345303671566e-01 0.000000000000000000e+00 6.276352258990577360e-01 -5.994165737871602895e-01 4.967630443785263639e-01 0.000000000000000000e+00 8.580545789561279391e-03 -6.327316047832790558e-01 -7.743235788775626460e-01 0.000000000000000000e+00 9.227022866156036063e-01 -5.552800147422810584e-01 2.019771562885765093e+00 1.000000000000000000e+00
7.784223894112130004e-01 4.905687463799758286e-01 -3.916638329892733195e-01 0.000000000000000000e+00 6.276801578750755839e-01 -5.996200490799172833e-01 4.964605313864676739e-01 0.000000000000000000e+00 8.698550521507199609e-03 -6.322957051523374616e-01 -7.746782644321755784e-01 0.000000000000000000e+00 9.263931442950548156e-01 -5.557941318450572155e-01 2.019339665868558065e+00 1.000000000000000000e+00
7.783853530095450335e-01 4.908796198855562287e-01 -3.913478315462788903e-01 0.000000000000000000e+00 6.277244599787998869e-01 -5.998233966626044245e-01 4.961588722668242024e-01 0.000000000000000000e+00 8.814716865634892110e-03 -6.318616266865516584e-01 -7.750311322938348013e-01 0.000000000000000000e+00 9.300850044968714814e-01 -5.563036540700417865e-01 2.018908585241180109e+00 1.000000000000000000e+00
7.783488874419605130e-01 4.911878306738534095e-01 -3.910335018812293728e-01 0.000000000000000000e+00 6.277681023830702367e-01 -6.000264461530017135e-01 4.958581251361300346e-01 0.000000000000000000e+00 8.929078001881004048e-03 -6.314291615944791491e-01 -7.753821692617610672e-01 0.000000000000000000e+00 9.337779068592964027e-01 -5.568086595375811854e-01 2.018478559745410905e+00 1.000000000000000000e+00
7.783129922738113438e-01 4.914934058866062827e-01 -3.907208779114094699e-01 0.000000000000000000e+00 6.278109549856488725e-01 -6.002292025545505894e-01 4.955583304140391276e-01 0.000000000000000000e+00 9.041594180672541184e-03 -6.309985547497377611e-01 -7.757313564688372853e-01 0.000000000000000000e+00 9.374708694402860143e-01 -5.573089564673325835e-01 2.018049838808142038e+00 1.000000000000000000e+00
7.782776269890099297e-01 4.917963143126662939e-01 -3.904099196528867943e-01 0.000000000000000000e+00 6.278531283417133624e-01 -6.004316609187987375e-01 4.952595108017067704e-01 0.000000000000000000e+00 9.152359950967239519e-03 -6.305695486548386075e-01 -7.760788064279440235e-01 0.000000000000000000e+00 9.411642866998672918e-01 -5.578048332135885357e-01 2.017622252044772413e+00 1.000000000000000000e+00
7.782428605221909379e-01 4.920967924028848972e-01 -3.901006382131880224e-01 0.000000000000000000e+00 6.278947020845171423e-01 -6.006339000058957822e-01 4.949615215420563041e-01 0.000000000000000000e+00 9.261318894251904452e-03 -6.301425708452594865e-01 -7.764242106794415621e-01 0.000000000000000000e+00 9.448584850194640117e-01 -5.582961090589182440e-01 2.017195363196117253e+00 1.000000000000000000e+00
7.782086908381932178e-01 4.923944753720745915e-01 -3.897930695235251042e-01 0.000000000000000000e+00 6.279355771536997421e-01 -6.008357080020808594e-01 4.946646290133546731e-01 0.000000000000000000e+00 9.368553514582983813e-03 -6.297172958418559841e-01 -7.767677930338166004e-01 0.000000000000000000e+00 9.485530743079324534e-01 -5.587824987754513861e-01 2.016769813964219171e+00 1.000000000000000000e+00
7.781749806076251330e-01 4.926895498758494529e-01 -3.894873057474562139e-01 0.000000000000000000e+00 6.279756735045027849e-01 -6.010371669663466809e-01 4.943688559662030024e-01 0.000000000000000000e+00 9.474034545037521293e-03 -6.292941053144577301e-01 -7.771094132987664826e-01 0.000000000000000000e+00 9.522481830886146970e-01 -5.592640134699835563e-01 2.016345686239989110e+00 1.000000000000000000e+00
7.781418334745967558e-01 4.929821504959183698e-01 -3.891832164568576058e-01 0.000000000000000000e+00 6.280152195887485078e-01 -6.012383093681233914e-01 4.940739446215802189e-01 0.000000000000000000e+00 9.577778286974036881e-03 -6.288726766992205341e-01 -7.774492515337014797e-01 0.000000000000000000e+00 9.559043209878996805e-01 -5.595598838988073975e-01 2.015767846733777180e+00 1.000000000000000000e+00
7.781091152076887729e-01 4.932721315907852011e-01 -3.888809485166793145e-01 0.000000000000000000e+00 6.280541019945695691e-01 -6.014390154201092464e-01 4.937801524966643485e-01 0.000000000000000000e+00 9.679811843454308104e-03 -6.284532201427088793e-01 -7.777870871469320102e-01 0.000000000000000000e+00 9.595582388264999318e-01 -5.598402379807962959e-01 2.015182426371600055e+00 1.000000000000000000e+00
7.780770607805387318e-01 4.935595129648999158e-01 -3.885804683591561060e-01 0.000000000000000000e+00 6.280922978918446198e-01 -6.016393167415663434e-01 4.934874650779607630e-01 0.000000000000000000e+00 9.780169607044432098e-03 -6.280357786663741670e-01 -7.781229459467473575e-01 0.000000000000000000e+00 9.632125733952520141e-01 -5.601153477573964645e-01 2.014598492475346614e+00 1.000000000000000000e+00
7.780455524910809828e-01 4.938442364629165304e-01 -3.882816937854138839e-01 0.000000000000000000e+00 6.281298080313020282e-01 -6.018392253050354190e-01 4.931958590324566072e-01 0.000000000000000000e+00 9.878807194815247134e-03 -6.276202750305462930e-01 -7.784568438774938093e-01 0.000000000000000000e+00 9.668674272664083968e-01 -5.603856005302929599e-01 2.014015888839955970e+00 1.000000000000000000e+00
7.780145640647132543e-01 4.941263571349820971e-01 -3.879847468052522452e-01 0.000000000000000000e+00 6.281666795999699682e-01 -6.020386500000681762e-01 4.929054602581118272e-01 0.000000000000000000e+00 9.975774564996528482e-03 -6.272068237698468218e-01 -7.787888307364010387e-01 0.000000000000000000e+00 9.705226902545965872e-01 -5.606504287092095584e-01 2.013435012240315292e+00 1.000000000000000000e+00
7.779840323718811845e-01 4.944059537659692416e-01 -3.876896955345012219e-01 0.000000000000000000e+00 6.282028879706198499e-01 -6.022374923951757664e-01 4.926161384037802127e-01 0.000000000000000000e+00 1.007107915193040590e-02 -6.267953902076829342e-01 -7.791187803179352445e-01 0.000000000000000000e+00 9.741785024831525197e-01 -5.609100077641784310e-01 2.012855385106121275e+00 1.000000000000000000e+00
7.779540527484866130e-01 4.946828916202614668e-01 -3.873963307727696925e-01 0.000000000000000000e+00 6.282385256858231681e-01 -6.024359861457649901e-01 4.923280242396475548e-01 0.000000000000000000e+00 1.016476546283908398e-02 -6.263859888660689990e-01 -7.794466810356009967e-01 0.000000000000000000e+00 9.778353090808699077e-01 -5.611643850922275467e-01 2.012277183595880370e+00 1.000000000000000000e+00
7.779245650134299916e-01 4.949573567846968780e-01 -3.871049226154308354e-01 0.000000000000000000e+00 6.282735332633946346e-01 -6.026338658797791847e-01 4.920410676291342988e-01 0.000000000000000000e+00 1.025680281452376851e-02 -6.259787077791150178e-01 -7.797726060342150545e-01 0.000000000000000000e+00 9.814921577220767634e-01 -5.614133781864578676e-01 2.011700439153643050e+00 1.000000000000000000e+00
7.778955438340497963e-01 4.952291500544941383e-01 -3.868153392727874951e-01 0.000000000000000000e+00 6.283079006822133161e-01 -6.028311830168852081e-01 4.917553630892450567e-01 0.000000000000000000e+00 1.034721444309043281e-02 -6.255735878719558274e-01 -7.800964870804201201e-01 0.000000000000000000e+00 9.851494825440223480e-01 -5.616567887051813202e-01 2.011125342224125312e+00 1.000000000000000000e+00
7.778671122774913904e-01 4.954984962347969701e-01 -3.865276498402925864e-01 0.000000000000000000e+00 6.283416376746824294e-01 -6.030280025381238307e-01 4.914708511410145753e-01 0.000000000000000000e+00 1.043607280933976644e-02 -6.251705688705848640e-01 -7.804183128169872585e-01 0.000000000000000000e+00 9.888071611414221973e-01 -5.618950673101843485e-01 2.010551595815252668e+00 1.000000000000000000e+00
7.778392138352642204e-01 4.957651741731777806e-01 -3.862418275587032324e-01 0.000000000000000000e+00 6.283748617578698292e-01 -6.032241843249039892e-01 4.911876521862338363e-01 0.000000000000000000e+00 1.052332582460861407e-02 -6.247697274819072888e-01 -7.807380108899971694e-01 0.000000000000000000e+00 9.924657218097047151e-01 -5.621277570015177361e-01 2.009979594576495554e+00 1.000000000000000000e+00
7.778117058529215866e-01 4.960294018638266578e-01 -3.859578931463811258e-01 0.000000000000000000e+00 6.284073644461503072e-01 -6.034198541134055960e-01 4.909056826398126017e-01 0.000000000000000000e+00 1.060901186975719140e-02 -6.243711524400938906e-01 -7.810557134407020152e-01 0.000000000000000000e+00 9.961243647495501286e-01 -5.623549999808342692e-01 2.009408953535080311e+00 1.000000000000000000e+00
7.777847003265654369e-01 4.962908608951504541e-01 -3.856759404609568231e-01 0.000000000000000000e+00 6.284393348837220561e-01 -6.036146826605663929e-01 4.906251339817043200e-01 0.000000000000000000e+00 1.069312949251193835e-02 -6.239746968893914447e-01 -7.813712885915702344e-01 0.000000000000000000e+00 9.997841223213836948e-01 -5.625761507882038881e-01 2.008840124777967695e+00 1.000000000000000000e+00
7.777582794555583101e-01 4.965498346137795505e-01 -3.853957864234667241e-01 0.000000000000000000e+00 6.284706720936330537e-01 -6.038089960150130331e-01 4.903457980907419689e-01 0.000000000000000000e+00 1.077570763958780875e-02 -6.235805945443568810e-01 -7.816847641104683886e-01 0.000000000000000000e+00 1.003443298990977839e+00 -5.627920174581118040e-01 2.008272628543048999e+00 1.000000000000000000e+00
7.777322723726299847e-01 4.968063737900159649e-01 -3.851176437371203187e-01 0.000000000000000000e+00 6.285014100946053617e-01 -6.040026736733075108e-01 4.900678089167087026e-01 0.000000000000000000e+00 1.085674269250050394e-02 -6.231886856111926720e-01 -7.819961493876493863e-01 0.000000000000000000e+00 1.007103886709409757e+00 -5.630022054916230534e-01 2.007706805079802148e+00 1.000000000000000000e+00
7.777067610645319595e-01 4.970601813912920997e-01 -3.848414248768216583e-01 0.000000000000000000e+00 6.285316277452231981e-01 -6.041954928382162748e-01 4.897912200752922440e-01 0.000000000000000000e+00 1.093620948024042264e-02 -6.227990733286101754e-01 -7.823053517576116223e-01 0.000000000000000000e+00 1.010764751088973235e+00 -5.632064755094450259e-01 2.007142590658910652e+00 1.000000000000000000e+00
7.776816919594264910e-01 4.973116118884859382e-01 -3.845672436953767037e-01 0.000000000000000000e+00 6.285612844755218420e-01 -6.043876717162534051e-01 4.895159891396769769e-01 0.000000000000000000e+00 1.101429461619538204e-02 -6.224118188507442584e-01 -7.826123562029927427e-01 0.000000000000000000e+00 1.014375643396923987e+00 -5.632445395334494398e-01 2.006443883424628538e+00 1.000000000000000000e+00
7.776571188918061095e-01 4.975604270837667986e-01 -3.842950184721460882e-01 0.000000000000000000e+00 6.285903632755015513e-01 -6.045790481446915443e-01 4.892421737446314700e-01 0.000000000000000000e+00 1.109081269585588878e-02 -6.220269354322011113e-01 -7.829171916990779190e-01 0.000000000000000000e+00 1.017979131905751622e+00 -5.632493679862022873e-01 2.005724116384431266e+00 1.000000000000000000e+00
7.776330193317924078e-01 4.978067671584944787e-01 -3.840247761101267532e-01 0.000000000000000000e+00 6.286188166974714386e-01 -6.047698283030312760e-01 4.889698516631856284e-01 0.000000000000000000e+00 1.116592096471223129e-02 -6.216445493836362246e-01 -7.832198632335157784e-01 0.000000000000000000e+00 1.021582300014946432e+00 -5.632484200624638948e-01 2.005006222980734165e+00 1.000000000000000000e+00
7.776094215799873588e-01 4.980503886474026976e-01 -3.837564381072028907e-01 0.000000000000000000e+00 6.286467465893580409e-01 -6.049597177383806423e-01 4.886989426708495121e-01 0.000000000000000000e+00 1.123948759814123385e-02 -6.212642752571500004e-01 -7.835204424206317908e-01 0.000000000000000000e+00 1.025185794445489407e+00 -5.632415673537781720e-01 2.004290424677589666e+00 1.000000000000000000e+00
7.775862066802872175e-01 4.982914931553515947e-01 -3.834902697793108328e-01 0.000000000000000000e+00 6.286741192174670756e-01 -6.051487585512023148e-01 4.884296547096210195e-01 0.000000000000000000e+00 1.131167688831640969e-02 -6.208866864410614861e-01 -7.838186163919097504e-01 0.000000000000000000e+00 1.028790341604216563e+00 -5.632279290772210789e-01 2.003576240705398970e+00 1.000000000000000000e+00
7.775635019659742353e-01 4.985302528781599407e-01 -3.832260778479572028e-01 0.000000000000000000e+00 6.287010002519829444e-01 -6.053370121297001472e-01 4.881616596318134604e-01 0.000000000000000000e+00 1.138243068922330757e-02 -6.205114432058033147e-01 -7.841147725861865592e-01 0.000000000000000000e+00 1.032395130374441861e+00 -5.632084589535375496e-01 2.002864004763502237e+00 1.000000000000000000e+00
7.775411584847770063e-01 4.987664358407218335e-01 -3.829640242566285102e-01 0.000000000000000000e+00 6.287272805331607373e-01 -6.055243851032792168e-01 4.878952777586198497e-01 0.000000000000000000e+00 1.145174254051122865e-02 -6.201387382360420419e-01 -7.844084535620043930e-01 0.000000000000000000e+00 1.036000319149998905e+00 -5.631825699064918478e-01 2.002153564585657186e+00 1.000000000000000000e+00
7.775193682835558340e-01 4.990000579804224068e-01 -3.827039388280304988e-01 0.000000000000000000e+00 6.287530342408180761e-01 -6.057110281821893594e-01 4.876305123582718171e-01 0.000000000000000000e+00 1.151965180888109980e-02 -6.197685619599636597e-01 -7.847000336133803655e-01 0.000000000000000000e+00 1.039606293546075921e+00 -5.631505784610764120e-01 2.001445161898046887e+00 1.000000000000000000e+00
7.774979631556429016e-01 4.992309502019011691e-01 -3.824459462447050151e-01 0.000000000000000000e+00 6.287782170780144009e-01 -6.058966031742721858e-01 4.873674087658930731e-01 0.000000000000000000e+00 1.158620737606335695e-02 -6.194009437959250297e-01 -7.849892788005619071e-01 0.000000000000000000e+00 1.043211842471905682e+00 -5.631119651350381394e-01 2.000739064469911455e+00 1.000000000000000000e+00
7.774770203977947602e-01 4.994596509243789950e-01 -3.821899864612000042e-01 0.000000000000000000e+00 6.288029850912280061e-01 -6.060814160288338082e-01 4.871056255147226399e-01 0.000000000000000000e+00 1.165133460624730513e-02 -6.190358324143899749e-01 -7.852762622001246973e-01 0.000000000000000000e+00 1.046818381497087058e+00 -5.630672700450994883e-01 2.000034153389519176e+00 1.000000000000000000e+00
7.774565089832305986e-01 4.996855859989457471e-01 -3.819362585818076306e-01 0.000000000000000000e+00 6.288271988234402921e-01 -6.062650292899287585e-01 4.868456757852105410e-01 0.000000000000000000e+00 1.171518246586411224e-02 -6.186733491757356873e-01 -7.855609177292466327e-01 0.000000000000000000e+00 1.050425659013106028e+00 -5.630153362858525412e-01 1.999331672472614674e+00 1.000000000000000000e+00
7.774364399664875913e-01 4.999091643727655576e-01 -3.816845369229356355e-01 0.000000000000000000e+00 6.288507878219933289e-01 -6.064478864439952766e-01 4.865872377740904087e-01 0.000000000000000000e+00 1.177765001363503469e-02 -6.183134027229186813e-01 -7.858433371914201881e-01 0.000000000000000000e+00 1.054032810253728858e+00 -5.629575979192075197e-01 1.998630976046514629e+00 1.000000000000000000e+00
7.774167249608515684e-01 5.001301924515141328e-01 -3.814350380746752145e-01 0.000000000000000000e+00 6.288739948680971414e-01 -6.066297469475036008e-01 4.863305895500323883e-01 0.000000000000000000e+00 1.183877389631965600e-02 -6.179562053693364865e-01 -7.861233820857991272e-01 0.000000000000000000e+00 1.057640666458792955e+00 -5.628930304974553156e-01 1.997932576891331191e+00 1.000000000000000000e+00
7.773974787270341302e-01 5.003486917487295349e-01 -3.811875933070434930e-01 0.000000000000000000e+00 6.288966038868154529e-01 -6.068106539885566031e-01 4.860755924735186695e-01 0.000000000000000000e+00 1.189860136352579797e-02 -6.176016462895850268e-01 -7.864009599020179708e-01 0.000000000000000000e+00 1.061248723000056238e+00 -5.628220264921027782e-01 1.997235848391629265e+00 1.000000000000000000e+00
7.773786652350451742e-01 5.005646486923334137e-01 -3.809423380283692429e-01 0.000000000000000000e+00 6.289188079010330501e-01 -6.069904922929825197e-01 4.858223420758491229e-01 0.000000000000000000e+00 1.195712260216559922e-02 -6.172498280397189507e-01 -7.866763010789736832e-01 0.000000000000000000e+00 1.064857283665945120e+00 -5.627440465084668775e-01 1.996541413790487107e+00 1.000000000000000000e+00
7.773602648318375108e-01 5.007781658189077723e-01 -3.806992729349829019e-01 0.000000000000000000e+00 6.289405122876571275e-01 -6.071692408484606895e-01 4.855707809680584464e-01 0.000000000000000000e+00 1.201433666347927892e-02 -6.169006931818262762e-01 -7.869492374522126799e-01 0.000000000000000000e+00 1.068466391653936309e+00 -5.626594075671376149e-01 1.995848834329888799e+00 1.000000000000000000e+00
7.773422207264745198e-01 5.009891701629149985e-01 -3.804583833786974734e-01 0.000000000000000000e+00 6.289616988494650673e-01 -6.073469696697681997e-01 4.853209898976610925e-01 0.000000000000000000e+00 1.207033514618741261e-02 -6.165543656456595745e-01 -7.872197430451746136e-01 0.000000000000000000e+00 1.072005520744829576e+00 -5.623940856249601827e-01 1.995012066229475467e+00 1.000000000000000000e+00
7.773245439583241767e-01 5.011976950000053277e-01 -3.802196927559063910e-01 0.000000000000000000e+00 6.289824297537360831e-01 -6.075236414778312222e-01 4.850730022958333332e-01 0.000000000000000000e+00 1.212501760053416242e-02 -6.162107054831605923e-01 -7.874880008343512205e-01 0.000000000000000000e+00 1.075541311865617633e+00 -5.621135414310994838e-01 1.994170474634777035e+00 1.000000000000000000e+00
7.773073845394606884e-01 5.014037360398642118e-01 -3.799830628066680482e-01 0.000000000000000000e+00 6.290026378543100982e-01 -6.076993505797395612e-01 4.848267411425469797e-01 0.000000000000000000e+00 1.217846780118326568e-02 -6.158699617805969417e-01 -7.877536948346544055e-01 0.000000000000000000e+00 1.079076967573038948e+00 -5.618263283180688905e-01 1.993330764367761132e+00 1.000000000000000000e+00
7.772905518986724660e-01 5.016072601274398357e-01 -3.797489162115334493e-01 0.000000000000000000e+00 6.290224808828718261e-01 -6.078736045142405509e-01 4.845824194542703300e-01 0.000000000000000000e+00 1.223074128206187369e-02 -6.155320040147962413e-01 -7.880170297711824867e-01 0.000000000000000000e+00 1.082613922892784464e+00 -5.615310398603368114e-01 1.992493675748041371e+00 1.000000000000000000e+00
7.772741405107582713e-01 5.018082425367085264e-01 -3.795167838474167721e-01 0.000000000000000000e+00 6.290417746511293151e-01 -6.080469042196097185e-01 4.843398491036653986e-01 0.000000000000000000e+00 1.228174032173487765e-02 -6.151968671329359761e-01 -7.882777953861282993e-01 0.000000000000000000e+00 1.086150836417476340e+00 -5.612292012687609688e-01 1.991658433112985183e+00 1.000000000000000000e+00
7.772580708218959078e-01 5.020068504275357890e-01 -3.792870005445896364e-01 0.000000000000000000e+00 6.290605976627188234e-01 -6.082190341530866462e-01 4.840992109544750011e-01 0.000000000000000000e+00 1.233157662975366275e-02 -6.148646526942306290e-01 -7.885361870037757015e-01 0.000000000000000000e+00 1.089688029092298782e+00 -5.609201790391259435e-01 1.990825730535938032e+00 1.000000000000000000e+00
7.772423824216877497e-01 5.022030349461057419e-01 -3.790594466262757201e-01 0.000000000000000000e+00 6.290789636072069424e-01 -6.083900038268247323e-01 4.838603813257675856e-01 0.000000000000000000e+00 1.238014663281945295e-02 -6.145353489357383570e-01 -7.887921554651212697e-01 0.000000000000000000e+00 1.093226169230675726e+00 -5.606039225130274861e-01 1.989995155799858528e+00 1.000000000000000000e+00
7.772271340749931090e-01 5.023965640675150945e-01 -3.788341968386386149e-01 0.000000000000000000e+00 6.290969746446837263e-01 -6.085596686295852153e-01 4.836236210368294319e-01 0.000000000000000000e+00 1.242766122719842284e-02 -6.142089677250615054e-01 -7.890455409104848439e-01 0.000000000000000000e+00 1.096764271586556205e+00 -5.602802208739098289e-01 1.989167105142639835e+00 1.000000000000000000e+00
7.772121490681148659e-01 5.025877332678790887e-01 -3.786112870118595874e-01 0.000000000000000000e+00 6.291145553832440118e-01 -6.087280877080417651e-01 4.833887678354841233e-01 0.000000000000000000e+00 1.247391737694614373e-02 -6.138854532055941782e-01 -7.892965284411561644e-01 0.000000000000000000e+00 1.100302495958617177e+00 -5.599494373979779782e-01 1.988341548143908177e+00 1.000000000000000000e+00
7.771976340248267778e-01 5.027763859632621291e-01 -3.783904597017548332e-01 0.000000000000000000e+00 6.291315386824050115e-01 -6.088953873877903655e-01 4.831557515527525881e-01 0.000000000000000000e+00 1.251909992820478615e-02 -6.135650408676678325e-01 -7.895449177624501713e-01 0.000000000000000000e+00 1.103841471176076228e+00 -5.596111040978276607e-01 1.987517725876394747e+00 1.000000000000000000e+00
7.771833899134362733e-01 5.029626815740194656e-01 -3.781720962370437866e-01 0.000000000000000000e+00 6.291482142034340308e-01 -6.090614259557660670e-01 4.829248228517980523e-01 0.000000000000000000e+00 1.256313204307076860e-02 -6.132477056219135525e-01 -7.897906889006921505e-01 0.000000000000000000e+00 1.107380806495146697e+00 -5.592654860914562098e-01 1.986696511318640113e+00 1.000000000000000000e+00
7.771696041081784800e-01 5.031463949191588014e-01 -3.779561006751555041e-01 0.000000000000000000e+00 6.291645426247349793e-01 -6.092259806621826979e-01 4.826959373667504827e-01 0.000000000000000000e+00 1.260606335801788339e-02 -6.129333081230520230e-01 -7.900340345776714068e-01 0.000000000000000000e+00 1.110920559912994543e+00 -5.589120210063829308e-01 1.985877809741195987e+00 1.000000000000000000e+00
7.771561143495360202e-01 5.033276641366062343e-01 -3.777424055817679704e-01 0.000000000000000000e+00 6.291803116956919961e-01 -6.093892762236914340e-01 4.824690775580177671e-01 0.000000000000000000e+00 1.264785393018988749e-02 -6.126220202199484932e-01 -7.902747478977455442e-01 0.000000000000000000e+00 1.114460912364198864e+00 -5.585510160320197315e-01 1.985061331971056164e+00 1.000000000000000000e+00
7.771429529208249143e-01 5.035064841581031736e-01 -3.775310329751520588e-01 0.000000000000000000e+00 6.291957467027815554e-01 -6.095513240404125677e-01 4.822442936677283076e-01 0.000000000000000000e+00 1.268859285230212845e-02 -6.123137629103935220e-01 -7.905129604951017797e-01 0.000000000000000000e+00 1.118000901334357478e+00 -5.581828457140277644e-01 1.984247486545084094e+00 1.000000000000000000e+00
7.771301744193522820e-01 5.036828163031970007e-01 -3.773220562329855365e-01 0.000000000000000000e+00 6.292106621851685233e-01 -6.097119262480632518e-01 4.820216170203801553e-01 0.000000000000000000e+00 1.272821762001759283e-02 -6.120087492129629991e-01 -7.907485469803884337e-01 0.000000000000000000e+00 1.121541376849436888e+00 -5.578064874622371550e-01 1.983435900162397569e+00 1.000000000000000000e+00
7.771177087523348792e-01 5.038568078180177823e-01 -3.771154279563099787e-01 0.000000000000000000e+00 6.292252616152864686e-01 -6.098713799964398108e-01 4.818010806613534092e-01 0.000000000000000000e+00 1.276686553201834308e-02 -6.117068364233529953e-01 -7.909815413220563363e-01 0.000000000000000000e+00 1.125059191327388186e+00 -5.573759177611113946e-01 1.982587344959850784e+00 1.000000000000000000e+00
7.771056434027640014e-01 5.040282181511485105e-01 -3.769111851680215231e-01 0.000000000000000000e+00 6.292395415956906213e-01 -6.100291047503323405e-01 4.815825558445481769e-01 0.000000000000000000e+00 1.280438806363650046e-02 -6.114080642448357361e-01 -7.912118156095463428e-01 0.000000000000000000e+00 1.128512545846449999e+00 -5.568082662020706897e-01 1.981632890912640832e+00 1.000000000000000000e+00
7.770938648318003183e-01 5.041972901347647751e-01 -3.767093570548022408e-01 0.000000000000000000e+00 6.292533452033131081e-01 -6.101855806232444612e-01 4.813662342559464347e-01 0.000000000000000000e+00 1.284093126508320699e-02 -6.111124523571753731e-01 -7.914395485302857525e-01 0.000000000000000000e+00 1.131965918378767144e+00 -5.562328462847366817e-01 1.980681169798736541e+00 1.000000000000000000e+00
7.770823592966275006e-01 5.043638669666397067e-01 -3.765099710486158879e-01 0.000000000000000000e+00 6.292667636283437727e-01 -6.103405386261893106e-01 4.811521377191601556e-01 0.000000000000000000e+00 1.287646360131287741e-02 -6.108201861947618605e-01 -7.916645901334801172e-01 0.000000000000000000e+00 1.135419721419357764e+00 -5.556494030207284052e-01 1.979732124081982736e+00 1.000000000000000000e+00
7.770711803870703482e-01 5.045280659107681531e-01 -3.763130592076304182e-01 0.000000000000000000e+00 6.292798789772868773e-01 -6.104940388377515514e-01 4.809402244621151512e-01 0.000000000000000000e+00 1.291096167404813012e-02 -6.105310753730892603e-01 -7.918870863078999456e-01 0.000000000000000000e+00 1.138874082386784892e+00 -5.550579742991005316e-01 1.978785859738581010e+00 1.000000000000000000e+00
7.770603579736775623e-01 5.046897645504191399e-01 -3.761184391254399628e-01 0.000000000000000000e+00 6.292925508315153627e-01 -6.106461441612185403e-01 4.807305107603146999e-01 0.000000000000000000e+00 1.294449780266647421e-02 -6.102452719009392457e-01 -7.921067049945129668e-01 0.000000000000000000e+00 1.142328934597279577e+00 -5.544584554718118286e-01 1.977841626108604922e+00 1.000000000000000000e+00
7.770499752871874444e-01 5.048489896855473669e-01 -3.759263459117447859e-01 0.000000000000000000e+00 6.293048393051583478e-01 -6.107966918731362327e-01 4.805231287260091633e-01 0.000000000000000000e+00 1.297701686418569443e-02 -6.099628126465709288e-01 -7.923237424261841966e-01 0.000000000000000000e+00 1.145783656026054587e+00 -5.538506298803198558e-01 1.976900448321895931e+00 1.000000000000000000e+00
7.770396528395169256e-01 5.050058807690236407e-01 -3.757366780089192448e-01 0.000000000000000000e+00 6.293167377016740671e-01 -6.109458446577590296e-01 4.803179877701215794e-01 0.000000000000000000e+00 1.300861070280105898e-02 -6.096836938588565680e-01 -7.925380646854026656e-01 0.000000000000000000e+00 1.149238801982606084e+00 -5.532350940161823161e-01 1.975961830714369594e+00 1.000000000000000000e+00
7.770297922862695605e-01 5.051602468558524794e-01 -3.755495343675629982e-01 0.000000000000000000e+00 6.293283703022792830e-01 -6.110932591074347275e-01 4.801151227908403429e-01 0.000000000000000000e+00 1.303930983002982505e-02 -6.094078465729584337e-01 -7.927496259720875349e-01 0.000000000000000000e+00 1.152694243316135791e+00 -5.526107925149276179e-01 1.975025734078148965e+00 1.000000000000000000e+00
7.770201393514120092e-01 5.053123139991845258e-01 -3.753648977276409782e-01 0.000000000000000000e+00 6.293395791842901765e-01 -6.112391846901044090e-01 4.799145742955617244e-01 0.000000000000000000e+00 1.306902253345385706e-02 -6.091354143318239434e-01 -7.929585116452870786e-01 0.000000000000000000e+00 1.156150089051270369e+00 -5.519785531400199785e-01 1.974092371231541687e+00 1.000000000000000000e+00
7.770109069894346465e-01 5.054618368842987985e-01 -3.751826841280973546e-01 0.000000000000000000e+00 6.293504716015119183e-01 -6.113835528272089093e-01 4.797164337645781207e-01 0.000000000000000000e+00 1.309782737647083480e-02 -6.088663963130576118e-01 -7.931645950569711223e-01 0.000000000000000000e+00 1.159606294374821545e+00 -5.513379304733557751e-01 1.973161810524168169e+00 1.000000000000000000e+00
7.770018119382988697e-01 5.056091073246306022e-01 -3.750030704373657486e-01 0.000000000000000000e+00 6.293609798611812245e-01 -6.115263104143877637e-01 4.795206066430213188e-01 0.000000000000000000e+00 1.312574357034377616e-02 -6.086009173277864281e-01 -7.933679426276967206e-01 0.000000000000000000e+00 1.163063063225297400e+00 -5.506886550816453285e-01 1.972233596876063810e+00 1.000000000000000000e+00
7.769931519373377560e-01 5.057537449819006214e-01 -3.748259283013679055e-01 0.000000000000000000e+00 6.293712282948474845e-01 -6.116673473323805954e-01 4.793272166691290304e-01 0.000000000000000000e+00 1.315272877909037103e-02 -6.083386626753032322e-01 -7.935684142302551480e-01 0.000000000000000000e+00 1.166519875302189480e+00 -5.500309865556649580e-01 1.971308155441255927e+00 1.000000000000000000e+00
7.769846537034214018e-01 5.058960943853776371e-01 -3.746513290182713063e-01 0.000000000000000000e+00 6.293811796694749328e-01 -6.118067933254267565e-01 4.791362209327472699e-01 0.000000000000000000e+00 1.317889510975935041e-02 -6.080800565048348760e-01 -7.937662516201940965e-01 0.000000000000000000e+00 1.169977157182249705e+00 -5.493649711768416877e-01 1.970385574614253565e+00 1.000000000000000000e+00
7.769765269021985388e-01 5.060359632796006535e-01 -3.744792575916778832e-01 0.000000000000000000e+00 6.293906217659743785e-01 -6.119445774492434653e-01 4.789477172297924579e-01 0.000000000000000000e+00 1.320420960253847198e-02 -6.078250155722465520e-01 -7.939611828270315419e-01 0.000000000000000000e+00 1.173434208520078403e+00 -5.486901213141636147e-01 1.969465653706705011e+00 1.000000000000000000e+00
7.769686867241425432e-01 5.061734497249409381e-01 -3.743097592540502450e-01 0.000000000000000000e+00 6.293998809162292263e-01 -6.120806763549045959e-01 4.787616597062362978e-01 0.000000000000000000e+00 1.322863874706695260e-02 -6.075733578267017432e-01 -7.941532992690711890e-01 0.000000000000000000e+00 1.176892043274183619e+00 -5.480070779152390603e-01 1.968548434029914862e+00 1.000000000000000000e+00
7.769609253810314531e-01 5.063085596508838382e-01 -3.741428387458297089e-01 0.000000000000000000e+00 6.294088118027110212e-01 -6.122150397578162151e-01 4.785780507762679714e-01 0.000000000000000000e+00 1.325227960119397183e-02 -6.073253228895804101e-01 -7.943425913346517930e-01 0.000000000000000000e+00 1.180266233242774021e+00 -5.471757602605594739e-01 1.967517115726392207e+00 1.000000000000000000e+00
7.769536881650945803e-01 5.064412496207650882e-01 -3.739785063463104131e-01 0.000000000000000000e+00 6.294173843129501345e-01 -6.123477417421040458e-01 4.783970405298449413e-01 0.000000000000000000e+00 1.327508855704809254e-02 -6.070810153912515883e-01 -7.945290044985259259e-01 0.000000000000000000e+00 1.183623411271009562e+00 -5.463062735558714689e-01 1.966464234933915645e+00 1.000000000000000000e+00
7.769465014594454377e-01 5.065716163548746875e-01 -3.738167680548865612e-01 0.000000000000000000e+00 6.294257503783189378e-01 -6.124785867715495380e-01 4.782184261349513021e-01 0.000000000000000000e+00 1.329712674965437269e-02 -6.068401682497640559e-01 -7.947126330888991674e-01 0.000000000000000000e+00 1.186980861881575811e+00 -5.454282893051571879e-01 1.965414289020076977e+00 1.000000000000000000e+00
7.769395622413124425e-01 5.066994796300288151e-01 -3.736576986744884477e-01 0.000000000000000000e+00 6.294337606268487484e-01 -6.126076805899809408e-01 4.780425351840703607e-01 0.000000000000000000e+00 1.331829264055102088e-02 -6.066030692883640496e-01 -7.948932069500082020e-01 0.000000000000000000e+00 1.190338264725939510e+00 -5.445415875595654986e-01 1.964367374273684907e+00 1.000000000000000000e+00
7.769329749488274039e-01 5.068249866874348086e-01 -3.735012099245669237e-01 0.000000000000000000e+00 6.294414427469795514e-01 -6.127349683196827712e-01 4.778691622433053898e-01 0.000000000000000000e+00 1.333877108661535131e-02 -6.063695833188691431e-01 -7.950711233094501784e-01 0.000000000000000000e+00 1.193696275649002825e+00 -5.436453231821505305e-01 1.963323129030845937e+00 1.000000000000000000e+00
7.769266387440587618e-01 5.069480769342986637e-01 -3.733473580996249375e-01 0.000000000000000000e+00 6.294489816429329476e-01 -6.128604152194454535e-01 4.776984284573151940e-01 0.000000000000000000e+00 1.335851541390604622e-02 -6.061398030329370190e-01 -7.952458112051064010e-01 0.000000000000000000e+00 1.197054644389548006e+00 -5.427404149593278992e-01 1.962281602579751816e+00 1.000000000000000000e+00
7.769204914710495791e-01 5.070688053543335183e-01 -3.731961266974976876e-01 0.000000000000000000e+00 6.294561171512272901e-01 -6.129841439795169489e-01 4.775303032671533443e-01 0.000000000000000000e+00 1.337741976900330004e-02 -6.059137385156120326e-01 -7.954178462825853835e-01 0.000000000000000000e+00 1.200413174345831946e+00 -5.418266068826023130e-01 1.961243316250815383e+00 1.000000000000000000e+00
7.769146091015090017e-01 5.071871642036451799e-01 -3.730475511772368691e-01 0.000000000000000000e+00 6.294629721880865558e-01 -6.131059372737258650e-01 4.773647966825338429e-01 0.000000000000000000e+00 1.339561632384418666e-02 -6.056914020569745816e-01 -7.955868201319951094e-01 0.000000000000000000e+00 1.203772113908813113e+00 -5.409031860258409763e-01 1.960207413973097390e+00 1.000000000000000000e+00
7.769089966741461462e-01 5.073030444588302323e-01 -3.729016561046699096e-01 0.000000000000000000e+00 6.294695854809296831e-01 -6.132258076958266857e-01 4.772020837731577037e-01 0.000000000000000000e+00 1.341313005658339302e-02 -6.054728863916991610e-01 -7.957528051760507370e-01 0.000000000000000000e+00 1.207130831046471009e+00 -5.399710849613824637e-01 1.959174921273579395e+00 1.000000000000000000e+00
7.769035086975070170e-01 5.074166986711902139e-01 -3.727584548754259153e-01 0.000000000000000000e+00 6.294759723456064826e-01 -6.133438121316951985e-01 4.770419312060996675e-01 0.000000000000000000e+00 1.342996661408443065e-02 -6.052581844013648071e-01 -7.959158794857242869e-01 0.000000000000000000e+00 1.210490054012001604e+00 -5.390293782016996049e-01 1.958144921123335047e+00 1.000000000000000000e+00
7.768983873784816030e-01 5.075279357267895586e-01 -3.726178622614730318e-01 0.000000000000000000e+00 6.294820590672262073e-01 -6.134600038605898531e-01 4.768845562883008427e-01 0.000000000000000000e+00 1.344604560867794507e-02 -6.050472654281464635e-01 -7.960759406509516634e-01 0.000000000000000000e+00 1.213849984834591167e+00 -5.380786056304730502e-01 1.957117849374674146e+00 1.000000000000000000e+00
7.768933263011585932e-01 5.076366819719109191e-01 -3.724801192771473035e-01 0.000000000000000000e+00 6.294878488683210982e-01 -6.135740469729290547e-01 4.767300657381873807e-01 0.000000000000000000e+00 1.346153099671580471e-02 -6.048402272307265015e-01 -7.962330382589078992e-01 0.000000000000000000e+00 1.217209700822794671e+00 -5.371183030220565424e-01 1.956094053068712535e+00 1.000000000000000000e+00
7.768885665128077989e-01 5.077431558872952388e-01 -3.723449927356833888e-01 0.000000000000000000e+00 6.294935061466768733e-01 -6.136862979262609485e-01 4.765782431778689543e-01 0.000000000000000000e+00 1.347629800302689411e-02 -6.046371058763647666e-01 -7.963870708469537041e-01 0.000000000000000000e+00 1.220569961186949604e+00 -5.361488488429154708e-01 1.955072982960696759e+00 1.000000000000000000e+00
7.768839414394029808e-01 5.078472063077316134e-01 -3.722126000264990853e-01 0.000000000000000000e+00 6.294988330216643169e-01 -6.137964968646330011e-01 4.764292604663820097e-01 0.000000000000000000e+00 1.349049146113415372e-02 -6.044378458375054830e-01 -7.965380393311449758e-01 0.000000000000000000e+00 1.223930399786212764e+00 -5.351695660620595651e-01 1.954054501256186738e+00 1.000000000000000000e+00
7.768795668089262252e-01 5.079488539139471737e-01 -3.720829948117213570e-01 0.000000000000000000e+00 6.295039100552256572e-01 -6.139045365042709035e-01 4.762830635134995827e-01 0.000000000000000000e+00 1.350400211999506703e-02 -6.042424300352168265e-01 -7.966860277551559566e-01 0.000000000000000000e+00 1.227290610252206537e+00 -5.341810782881090125e-01 1.953039472377529950e+00 1.000000000000000000e+00
7.768754211582858948e-01 5.080481495884167087e-01 -3.719561573472390803e-01 0.000000000000000000e+00 6.295087936131434914e-01 -6.140107241677023042e-01 4.761398571689430814e-01 0.000000000000000000e+00 1.351689812004793628e-02 -6.040510889520900317e-01 -7.968309142809325563e-01 0.000000000000000000e+00 1.230576766699947422e+00 -5.330772435556401234e-01 1.951938664308042970e+00 1.000000000000000000e+00
7.768714913763440366e-01 5.081450008954485620e-01 -3.718319469211823214e-01 0.000000000000000000e+00 6.295134397130233150e-01 -6.141148744784374891e-01 4.759994411179855334e-01 0.000000000000000000e+00 1.352919413980391804e-02 -6.038637081059374800e-01 -7.969726751335178827e-01 0.000000000000000000e+00 1.233825292824696218e+00 -5.319094234919743425e-01 1.950795023930587790e+00 1.000000000000000000e+00
7.768676451211086187e-01 5.082396907326742763e-01 -3.717106308572410422e-01 0.000000000000000000e+00 6.295178603189738320e-01 -6.142169264250773031e-01 4.758618840415375084e-01 0.000000000000000000e+00 1.354089175428620229e-02 -6.036803040153096989e-01 -7.971115898215979101e-01 0.000000000000000000e+00 1.237073585104978779e+00 -5.307319308628747345e-01 1.949654666640717293e+00 1.000000000000000000e+00
7.768640914173018386e-01 5.083318694385287051e-01 -3.715920242313330291e-01 0.000000000000000000e+00 6.295220663489127233e-01 -6.143169537757645626e-01 4.757273254229014148e-01 0.000000000000000000e+00 1.355205741392212851e-02 -6.035009705654180712e-01 -7.972471308479940344e-01 0.000000000000000000e+00 1.240321915119789509e+00 -5.295445906345136455e-01 1.948517039477072554e+00 1.000000000000000000e+00
7.768605993641025664e-01 5.084217032633788769e-01 -3.714762845785080092e-01 0.000000000000000000e+00 6.295260726716044308e-01 -6.144146328076230956e-01 4.755956143493624277e-01 0.000000000000000000e+00 1.356266362848517447e-02 -6.033255867093689773e-01 -7.973795178371554382e-01 0.000000000000000000e+00 1.243570644243385370e+00 -5.283472198507814799e-01 1.947382313062862913e+00 1.000000000000000000e+00
7.768573666354362528e-01 5.085091103526838685e-01 -3.713633021653724997e-01 0.000000000000000000e+00 6.295298327796132742e-01 -6.145104049204456187e-01 4.754670453410639319e-01 0.000000000000000000e+00 1.357266986873962092e-02 -6.031543941204006165e-01 -7.975089958883830876e-01 0.000000000000000000e+00 1.246819688621942257e+00 -5.271404640998608171e-01 1.946251370697113847e+00 1.000000000000000000e+00
7.768542466230805577e-01 5.085942228384893182e-01 -3.712531749113108237e-01 0.000000000000000000e+00 6.295334596195459875e-01 -6.146038648900513657e-01 4.753413527701741970e-01 0.000000000000000000e+00 1.358226186707389357e-02 -6.029873277648472030e-01 -7.976350359014702240e-01 0.000000000000000000e+00 1.250068826633620400e+00 -5.259232644644927790e-01 1.945122743180685898e+00 1.000000000000000000e+00
7.768513568104229439e-01 5.086770457471494478e-01 -3.711457675190027450e-01 0.000000000000000000e+00 6.295367704102518003e-01 -6.146953374082619881e-01 4.752186226104940792e-01 0.000000000000000000e+00 1.359125207960938837e-02 -6.028242691215646154e-01 -7.977580833226871615e-01 0.000000000000000000e+00 1.253318341938589153e+00 -5.246964110690921501e-01 1.943997098353031694e+00 1.000000000000000000e+00
7.768486133840821761e-01 5.087574529235958654e-01 -3.710413922885044680e-01 0.000000000000000000e+00 6.295401000749488718e-01 -6.147843832548669507e-01 4.750990843133505726e-01 0.000000000000000000e+00 1.359976012978704983e-02 -6.026655187977641992e-01 -7.978779587976642107e-01 0.000000000000000000e+00 1.256568148818019370e+00 -5.234590724188864508e-01 1.942874960764255476e+00 1.000000000000000000e+00
7.768460295419239436e-01 5.088354561265681086e-01 -3.709396589066992767e-01 0.000000000000000000e+00 6.295430521983590433e-01 -6.148713801567131654e-01 4.749824924815379545e-01 0.000000000000000000e+00 1.360772832773009255e-02 -6.025108979398262621e-01 -7.979945549363377522e-01 0.000000000000000000e+00 1.259817801356593270e+00 -5.222120676008401574e-01 1.941755529216905973e+00 1.000000000000000000e+00
7.768435817199994542e-01 5.089112031100844202e-01 -3.708409120552477178e-01 0.000000000000000000e+00 6.295458996848328770e-01 -6.149560938730459503e-01 4.748690829253515711e-01 0.000000000000000000e+00 1.361531768967569507e-02 -6.023604959538902959e-01 -7.981079261098971145e-01 0.000000000000000000e+00 1.263067718671726514e+00 -5.209547951833890522e-01 1.940639298285878889e+00 1.000000000000000000e+00
7.768413888740698381e-01 5.089845463057056651e-01 -3.707450098407659711e-01 0.000000000000000000e+00 6.295485449698807745e-01 -6.150385435389444932e-01 4.747587568182555784e-01 0.000000000000000000e+00 1.362240332887866556e-02 -6.022142945794077828e-01 -7.982180818473737505e-01 0.000000000000000000e+00 1.266317791886453881e+00 -5.196873780378726826e-01 1.939526079590270236e+00 1.000000000000000000e+00
7.768391585738376737e-01 5.090555964901112285e-01 -3.706520555035263675e-01 0.000000000000000000e+00 6.295511085996942091e-01 -6.151185905986495950e-01 4.746515155830938193e-01 0.000000000000000000e+00 1.362903224410545386e-02 -6.020723829162507590e-01 -7.983250799661485431e-01 0.000000000000000000e+00 1.269568239933133613e+00 -5.184094274473033392e-01 1.938415904625663044e+00 1.000000000000000000e+00
7.768372130543589327e-01 5.091242984321369125e-01 -3.705619628353562511e-01 0.000000000000000000e+00 6.295535486470315023e-01 -6.151964947970860464e-01 4.745475469871883734e-01 0.000000000000000000e+00 1.363527274198170908e-02 -6.019347546910280844e-01 -7.984287666785417903e-01 0.000000000000000000e+00 1.272819381960142326e+00 -5.171214277996895037e-01 1.937308893788936892e+00 1.000000000000000000e+00
7.768352622063182666e-01 5.091906267162091826e-01 -3.704746585123592229e-01 0.000000000000000000e+00 6.295556314710348822e-01 -6.152721152562047324e-01 4.744466930675663163e-01 0.000000000000000000e+00 1.364108754951767755e-02 -6.018014202487674824e-01 -7.985292910750966255e-01 0.000000000000000000e+00 1.276069496793550861e+00 -5.158234559586654111e-01 1.936205125703283292e+00 1.000000000000000000e+00
7.768336087577292215e-01 5.092545203191867209e-01 -3.703904118558594138e-01 0.000000000000000000e+00 6.295577521752738770e-01 -6.153451794843700640e-01 4.743491093777278955e-01 0.000000000000000000e+00 1.364642791629451166e-02 -6.016724752900645123e-01 -7.986262296251316339e-01 0.000000000000000000e+00 1.279223819275897345e+00 -5.143951511258347820e-01 1.935003592225560620e+00 1.000000000000000000e+00
7.768319245747183910e-01 5.093163456279926615e-01 -3.703089990442022250e-01 0.000000000000000000e+00 6.295596297412824338e-01 -6.154161375692905889e-01 4.742546380864580691e-01 0.000000000000000000e+00 1.365151982591272448e-02 -6.015478854299944889e-01 -7.987200443993675014e-01 0.000000000000000000e+00 1.282351531081626028e+00 -5.129250368290557693e-01 1.933778448062315691e+00 1.000000000000000000e+00
7.768304015156536346e-01 5.093755838983315964e-01 -3.702305773763907015e-01 0.000000000000000000e+00 6.295613578406658029e-01 -6.154844500636500459e-01 4.741635028006002117e-01 0.000000000000000000e+00 1.365617991012663991e-02 -6.014276391244316455e-01 -7.988104985555599669e-01 0.000000000000000000e+00 1.285479456979967017e+00 -5.114439708130740225e-01 1.932556419385483837e+00 1.000000000000000000e+00
7.768290840086820026e-01 5.094325740800259572e-01 -3.701551565505584174e-01 0.000000000000000000e+00 6.295630867183084067e-01 -6.155504687316875057e-01 4.740757279402875168e-01 0.000000000000000000e+00 1.366045656412548381e-02 -6.013118017023255657e-01 -7.988977127162797398e-01 0.000000000000000000e+00 1.288607834369953853e+00 -5.099525433861759049e-01 1.931337772158383537e+00 1.000000000000000000e+00
7.768277377193133493e-01 5.094871403087739559e-01 -3.700826421201933725e-01 0.000000000000000000e+00 6.295644995191098658e-01 -6.156139856071833893e-01 4.739911809505596429e-01 0.000000000000000000e+00 1.366434653616680102e-02 -6.012004422309920049e-01 -7.989813276433773703e-01 0.000000000000000000e+00 1.291736524806509578e+00 -5.084501842495127155e-01 1.930121711491155079e+00 1.000000000000000000e+00
7.768265718176430301e-01 5.095394813542563073e-01 -3.700130566246224717e-01 0.000000000000000000e+00 6.295658797844814192e-01 -6.156751267571882735e-01 4.739099279737745696e-01 0.000000000000000000e+00 1.366802087786303868e-02 -6.010935304224755971e-01 -7.990617263219216282e-01 0.000000000000000000e+00 1.294864440385260718e+00 -5.069373566548115440e-01 1.928909046666812177e+00 1.000000000000000000e+00
7.768255079534442942e-01 5.095894956349187321e-01 -3.699464837903758685e-01 0.000000000000000000e+00 6.295670485876483369e-01 -6.157338669237646389e-01 4.738321060368364535e-01 0.000000000000000000e+00 1.367128412306440124e-02 -6.009912089589841688e-01 -7.991387357347197185e-01 0.000000000000000000e+00 1.297993382237442983e+00 -5.054137213354090719e-01 1.927699442891796400e+00 1.000000000000000000e+00
7.768245216567878364e-01 5.096369649411796043e-01 -3.698828835028490913e-01 0.000000000000000000e+00 6.295681652363392944e-01 -6.157899135831244042e-01 4.737577236737694486e-01 0.000000000000000000e+00 1.367428274805795353e-02 -6.008932464567522391e-01 -7.992122484532186988e-01 0.000000000000000000e+00 1.301121899633183476e+00 -5.038789885200765095e-01 1.926492874290422819e+00 1.000000000000000000e+00
7.768236425053289818e-01 5.096823501452172334e-01 -3.698224000307704373e-01 0.000000000000000000e+00 6.295692502878659225e-01 -6.158434318168635180e-01 4.736866085912458391e-01 0.000000000000000000e+00 1.367698494358784642e-02 -6.007997823360243794e-01 -7.992824347662620399e-01 0.000000000000000000e+00 1.304251023250025510e+00 -5.023336886464594420e-01 1.925289445443394420e+00 1.000000000000000000e+00
7.768227581302348250e-01 5.097253223554429891e-01 -3.697648436422494300e-01 0.000000000000000000e+00 6.295701628827067298e-01 -6.158945346938682341e-01 4.736190093954952829e-01 0.000000000000000000e+00 1.367948478217250602e-02 -6.007110398535413509e-01 -7.993490993605334438e-01 0.000000000000000000e+00 1.307379727012102144e+00 -5.007771685687741892e-01 1.924089054295881063e+00 1.000000000000000000e+00
7.768221038192473227e-01 5.097659820115265639e-01 -3.697102193496265010e-01 0.000000000000000000e+00 6.295709829443868477e-01 -6.159431095535137235e-01 4.735547622225569908e-01 0.000000000000000000e+00 1.368166597826296106e-02 -6.006267591226801539e-01 -7.994124294836864042e-01 0.000000000000000000e+00 1.310508931893297868e+00 -4.992102635765833796e-01 1.922891824774545233e+00 1.000000000000000000e+00
7.768215718820352667e-01 5.098042558207712682e-01 -3.696587620656921480e-01 0.000000000000000000e+00 6.295717818915390618e-01 -6.159889799557662915e-01 4.734941355441579236e-01 0.000000000000000000e+00 1.368359094024125880e-02 -6.005471878910452199e-01 -7.994721521674278408e-01 0.000000000000000000e+00 1.313638108002754823e+00 -4.976316744280417370e-01 1.921697569587053289e+00 1.000000000000000000e+00
7.768209239056717008e-01 5.098402117155029778e-01 -3.696102712891875530e-01 0.000000000000000000e+00 6.295723648538483763e-01 -6.160323558936896537e-01 4.734369729037004038e-01 0.000000000000000000e+00 1.368535693347917512e-02 -6.004722542442771926e-01 -7.995285332026805802e-01 0.000000000000000000e+00 1.316767670307686711e+00 -4.960422980281751770e-01 1.920506559819779024e+00 1.000000000000000000e+00
7.768206432958241203e-01 5.098738588269109417e-01 -3.695649307122997329e-01 0.000000000000000000e+00 6.295730524077107759e-01 -6.160729257391047708e-01 4.733832984599020133e-01 0.000000000000000000e+00 1.368682058409150838e-02 -6.004019579810750962e-01 -7.995812507916888467e-01 0.000000000000000000e+00 1.319897340620633797e+00 -4.944414571313012763e-01 1.919318492684094490e+00 1.000000000000000000e+00
7.768200346986545712e-01 5.099052873660553376e-01 -3.695225096874786841e-01 0.000000000000000000e+00 6.295734580586945794e-01 -6.161110048303626296e-01 4.733330183128491853e-01 0.000000000000000000e+00 1.368815239343506782e-02 -6.003362321481809927e-01 -7.996305049963915446e-01 0.000000000000000000e+00 1.322996342730430541e+00 -4.927976088066579052e-01 1.918105673653053067e+00 1.000000000000000000e+00
7.768197501723893561e-01 5.099342900599628248e-01 -3.694832438029037047e-01 0.000000000000000000e+00 6.295738453669468271e-01 -6.161464187107421608e-01 4.732864858905061478e-01 0.000000000000000000e+00 1.368922724813059766e-02 -6.002754439000622666e-01 -7.996761151794308242e-01 0.000000000000000000e+00 1.325993721793921276e+00 -4.910330535134667107e-01 1.916803631699296684e+00 1.000000000000000000e+00
7.768194237492006549e-01 5.099608618997537590e-01 -3.694470274938483345e-01 0.000000000000000000e+00 6.295741434554311677e-01 -6.161789810770920139e-01 4.732435133766305646e-01 0.000000000000000000e+00 1.369017534527662561e-02 -6.002192031104018888e-01 -7.997183597868073868e-01 0.000000000000000000e+00 1.328991211982605058e+00 -4.892572540189282226e-01 1.915504942889636464e+00 1.000000000000000000e+00
7.768191257582294229e-01 5.099853536286117484e-01 -3.694139162077313410e-01 0.000000000000000000e+00 6.295744725042513590e-01 -6.162090703706398775e-01 4.732041513474770644e-01 0.000000000000000000e+00 1.369097440108017240e-02 -6.001677995624449258e-01 -7.997569800071888668e-01 0.000000000000000000e+00 1.331988952786478775e+00 -4.874704736535770411e-01 1.914209237900679428e+00 1.000000000000000000e+00
7.768189058360801535e-01 5.100073488256854359e-01 -3.693840004187243786e-01 0.000000000000000000e+00 6.295747853078134115e-01 -6.162360845181319435e-01 4.731684064549262492e-01 0.000000000000000000e+00 1.369163758134591367e-02 -6.001211624965390179e-01 -7.997918528803432681e-01 0.000000000000000000e+00 1.334987010102949956e+00 -4.856712636621082768e-01 1.912916070971360183e+00 1.000000000000000000e+00
7.768187672333723981e-01 5.100270214753810372e-01 -3.693571612615282884e-01 0.000000000000000000e+00 6.295749029110067063e-01 -6.162605003155765537e-01 4.731364327412139748e-01 0.000000000000000000e+00 1.369211345383453300e-02 -6.000792794436423661e-01 -7.998233183866851892e-01 0.000000000000000000e+00 1.337984716539452945e+00 -4.838613559356699234e-01 1.911626688448083700e+00 1.000000000000000000e+00
7.768186353843217207e-01 5.100443468131716784e-01 -3.693333274205526373e-01 0.000000000000000000e+00 6.295750028287849798e-01 -6.162821476506061824e-01 4.731079958208177505e-01 0.000000000000000000e+00 1.369251151203132628e-02 -6.000422601006094592e-01 -7.998510118646156020e-01 0.000000000000000000e+00 1.340982331170402997e+00 -4.820397807675788071e-01 1.910339752667394864e+00 1.000000000000000000e+00
7.768184827520872027e-01 5.100594595899587969e-01 -3.693127652367203528e-01 0.000000000000000000e+00 6.295752063047582725e-01 -6.163009890020725301e-01 4.730833773559866562e-01 0.000000000000000000e+00 1.369279152895575002e-02 -6.000101463729393680e-01 -7.998751123984417788e-01 0.000000000000000000e+00 1.343980448769987568e+00 -4.802067157134608522e-01 1.909056224962436099e+00 1.000000000000000000e+00
7.768184748742823498e-01 5.100722830952139075e-01 -3.692953532917273018e-01 0.000000000000000000e+00 6.295753069273019031e-01 -6.163169346899212142e-01 4.730624216974942953e-01 0.000000000000000000e+00 1.369305741668327449e-02 -5.999829127512207316e-01 -7.998956243703559954e-01 0.000000000000000000e+00 1.346978386248136594e+00 -4.783618917628632006e-01 1.907775654682483335e+00 1.000000000000000000e+00
7.768183815058793407e-01 5.100827149152545870e-01 -3.692809560674517044e-01 0.000000000000000000e+00 6.295753562101360501e-01 -6.163300936613879122e-01 4.730451662956289272e-01 0.000000000000000000e+00 1.369319887508347981e-02 -5.999604874064775606e-01 -7.999123812558356361e-01 0.000000000000000000e+00 1.349976367615068007e+00 -4.765056495941596970e-01 1.906497890782488769e+00 1.000000000000000000e+00
7.768184245893301476e-01 5.100908513744213391e-01 -3.692697696472790891e-01 0.000000000000000000e+00 6.295753589563799490e-01 -6.163404821866680372e-01 4.730318077462927207e-01 0.000000000000000000e+00 1.369327859235605800e-02 -5.999431598364973750e-01 -7.999254639804765921e-01 0.000000000000000000e+00 1.352974522616270159e+00 -4.746373239237982045e-01 1.905223112796023299e+00 1.000000000000000000e+00
7.768183915909493420e-01 5.100966772572240737e-01 -3.692618646115976011e-01 0.000000000000000000e+00 6.295754111637839046e-01 -6.163477978994736928e-01 4.730222300432047056e-01 0.000000000000000000e+00 1.369335112723468403e-02 -5.999306496167101654e-01 -7.999348890872285400e-01 0.000000000000000000e+00 1.355972593988243879e+00 -4.727573947655471231e-01 1.903951601841221475e+00 1.000000000000000000e+00
7.768183725536537132e-01 5.101000389130697643e-01 -3.692570818374138475e-01 0.000000000000000000e+00 6.295754345386412876e-01 -6.163520943248126382e-01 4.730164679619748846e-01 0.000000000000000000e+00 1.369334057361008133e-02 -5.999231258025766733e-01 -7.999403674568776879e-01 0.000000000000000000e+00 1.358970229142518304e+00 -4.708655086214838525e-01 1.902682828852768626e+00 1.000000000000000000e+00
7.768183876179424185e-01 5.101012429088537248e-01 -3.692554615909662274e-01 0.000000000000000000e+00 6.295754159191855326e-01 -6.163536269297152925e-01 4.730145210040833104e-01 0.000000000000000000e+00 1.369333366217966724e-02 -5.999205966313452265e-01 -7.999422789944700130e-01 0.000000000000000000e+00 1.361968593469125688e+00 -4.689618079878438150e-01 1.901416969212101238e+00 1.000000000000000000e+00
