-6.549200415611267090e-02 -4.395333528518676758e-01 8.958355188369750977e-01 -1.204459667205810547e-01 -9.975454211235046387e-01 6.537992507219314575e-03 -6.971989572048187256e-02 -2.046019077301025391e+00 2.478725835680961609e-02 -8.982025384902954102e-01 -4.388825595378875732e-01 1.221127271652221680e+00 0.000000000000000000e+00 0.000000000000000000e+00 0.000000000000000000e+00 1.000000000000000000e+00
-6.541661918163299561e-02 -4.394081830978393555e-01 8.959023952484130859e-01 -1.242159605026245117e-01 -9.975504875183105469e-01 6.497039459645748138e-03 -6.965210288763046265e-02 -2.045906543731689453e+00 2.478499338030815125e-02 -8.982641696929931641e-01 -4.387566149234771729e-01 1.221217513084411621e+00 0.000000000000000000e+00 0.000000000000000000e+00 0.000000000000000000e+00 1.000000000000000000e+00
-6.529176235198974609e-02 -4.392017722129821777e-01 8.960126638412475586e-01 -1.279859542846679688e-01 -9.975587725639343262e-01 6.429321132600307465e-03 -6.953981518745422363e-02 -2.045794010162353516e+00 2.478126063942909241e-02 -8.983656167984008789e-01 -4.385491311550140381e-01 1.221307754516601562e+00 0.000000000000000000e+00 0.000000000000000000e+00 0.000000000000000000e+00 1.000000000000000000e+00
-6.511814892292022705e-02 -4.389154314994812012e-01 8.961656689643859863e-01 -1.317559629678726196e-01 -9.975702166557312012e-01 6.335285957902669907e-03 -6.938364356756210327e-02 -2.045681715011596680e+00 2.477608993649482727e-02 -8.985061645507812500e-01 -4.382613599300384521e-01 1.221397876739501953e+00 0.000000000000000000e+00 0.000000000000000000e+00 0.000000000000000000e+00 1.000000000000000000e+00
-6.489636749029159546e-02 -4.385511577129364014e-01 8.963600993156433105e-01 -1.355259567499160767e-01 -9.975847601890563965e-01 6.215413101017475128e-03 -6.918405741453170776e-02 -2.045569181442260742e+00 2.476950176060199738e-02 -8.986849188804626465e-01 -4.378951489925384521e-01 1.221488118171691895e+00 0.000000000000000000e+00 0.000000000000000000e+00 0.000000000000000000e+00 1.000000000000000000e+00
-6.462714076042175293e-02 -4.381103515625000000e-01 8.965951204299926758e-01 -1.392959505319595337e-01 -9.976024627685546875e-01 6.070204544812440872e-03 -6.894165277481079102e-02 -2.045456886291503906e+00 2.476154081523418427e-02 -8.989008665084838867e-01 -4.374520778656005859e-01 1.221578359603881836e+00 0.000000000000000000e+00 0.000000000000000000e+00 0.000000000000000000e+00 1.000000000000000000e+00
-6.431105732917785645e-02 -4.375948309898376465e-01 8.968694806098937988e-01 -1.430659592151641846e-01 -9.976232051849365234e-01 5.900170188397169113e-03 -6.865690648555755615e-02 -2.045344352722167969e+00 2.475222945213317871e-02 -8.991530537605285645e-01 -4.369340240955352783e-01 1.221668601036071777e+00 0.000000000000000000e+00 0.000000000000000000e+00 0.000000000000000000e+00 1.000000000000000000e+00
-6.394893676042556763e-02 -4.370059370994567871e-01 8.971824645996093750e-01 -1.468359529972076416e-01 -9.976466894149780273e-01 5.705894902348518372e-03 -6.833047419786453247e-02 -2.045231819152832031e+00 2.474159747362136841e-02 -8.994407057762145996e-01 -4.363422393798828125e-01 1.221758723258972168e+00 0.000000000000000000e+00 0.000000000000000000e+00 0.000000000000000000e+00 1.000000000000000000e+00
-6.354126334190368652e-02 -4.363455772399902344e-01 8.975328207015991211e-01 -1.506059467792510986e-01 -9.976730346679687500e-01 5.487878341227769852e-03 -6.796271353960037231e-02 -2.045119285583496094e+00 2.472968213260173798e-02 -8.997625112533569336e-01 -4.356787800788879395e-01 1.221848964691162109e+00 0.000000000000000000e+00 0.000000000000000000e+00 0.000000000000000000e+00 1.000000000000000000e+00
-6.308886408805847168e-02 -4.356150627136230469e-01 8.979195356369018555e-01 -1.543759405612945557e-01 -9.977020621299743652e-01 5.246744025498628616e-03 -6.755427271127700806e-02 -2.045006990432739258e+00 2.471650950610637665e-02 -9.001179337501525879e-01 -4.349449276924133301e-01 1.221939206123352051e+00 0.000000000000000000e+00 0.000000000000000000e+00 0.000000000000000000e+00 1.000000000000000000e+00
-6.259220093488693237e-02 -4.348162114620208740e-01 8.983413577079772949e-01 -1.581459343433380127e-01 -9.977336525917053223e-01 4.983006976544857025e-03 -6.710547953844070435e-02 -2.044894456863403320e+00 2.470210939645767212e-02 -9.005056023597717285e-01 -4.341424703598022461e-01 1.222029447555541992e+00 0.000000000000000000e+00 0.000000000000000000e+00 0.000000000000000000e+00 1.000000000000000000e+00
-6.205211952328681946e-02 -4.339503645896911621e-01 8.987973332405090332e-01 -1.619159430265426636e-01 -9.977678060531616211e-01 4.697331693023443222e-03 -6.661698222160339355e-02 -2.044782161712646484e+00 2.468651533126831055e-02 -9.009246826171875000e-01 -4.332730472087860107e-01 1.222119569778442383e+00 0.000000000000000000e+00 0.000000000000000000e+00 0.000000000000000000e+00 1.000000000000000000e+00
-6.146919354796409607e-02 -4.330193102359771729e-01 8.992863297462463379e-01 -1.656859368085861206e-01 -9.978043437004089355e-01 4.390307702124118805e-03 -6.608919054269790649e-02 -2.044669628143310547e+00 2.466975711286067963e-02 -9.013740420341491699e-01 -4.323382675647735596e-01 1.222209811210632324e+00 0.000000000000000000e+00 0.000000000000000000e+00 0.000000000000000000e+00 1.000000000000000000e+00
-6.084401905536651611e-02 -4.320244789123535156e-01 8.998070955276489258e-01 -1.694559305906295776e-01 -9.978431463241577148e-01 4.062511958181858063e-03 -6.552252918481826782e-02 -2.044557094573974609e+00 2.465186640620231628e-02 -9.018529057502746582e-01 -4.313396215438842773e-01 1.222300052642822266e+00 0.000000000000000000e+00 0.000000000000000000e+00 0.000000000000000000e+00 1.000000000000000000e+00
-6.017754226922988892e-02 -4.309675693511962891e-01 9.003585577011108398e-01 -1.732259392738342285e-01 -9.978839159011840820e-01 3.714715130627155304e-03 -6.491773575544357300e-02 -2.044444799423217773e+00 2.463286928832530975e-02 -9.023599028587341309e-01 -4.302789568901062012e-01 1.222390294075012207e+00 0.000000000000000000e+00 0.000000000000000000e+00 0.000000000000000000e+00 1.000000000000000000e+00
-5.947012454271316528e-02 -4.298500120639801025e-01 9.009397625923156738e-01 -1.769855916500091553e-01 -9.979268312454223633e-01 3.347413847222924232e-03 -6.427501887083053589e-02 -2.044157028198242188e+00 2.461279928684234619e-02 -9.028942584991455078e-01 -4.291577637195587158e-01 1.222471952438354492e+00 0.000000000000000000e+00 0.000000000000000000e+00 0.000000000000000000e+00 1.000000000000000000e+00
-5.872257798910140991e-02 -4.286733269691467285e-01 9.015491008758544922e-01 -1.807422041893005371e-01 -9.979716539382934570e-01 2.961324295029044151e-03 -6.359496712684631348e-02 -2.043817520141601562e+00 2.459168992936611176e-02 -9.034548401832580566e-01 -4.279774725437164307e-01 1.222551107406616211e+00 0.000000000000000000e+00 0.000000000000000000e+00 0.000000000000000000e+00 1.000000000000000000e+00
-5.793538317084312439e-02 -4.274390935897827148e-01 9.021858572959899902e-01 -1.844988167285919189e-01 -9.980182051658630371e-01 2.557025291025638580e-03 -6.287790834903717041e-02 -2.043478012084960938e+00 2.456956915557384491e-02 -9.040406346321105957e-01 -4.267399907112121582e-01 1.222630262374877930e+00 0.000000000000000000e+00 0.000000000000000000e+00 0.000000000000000000e+00 1.000000000000000000e+00
-5.710948631167411804e-02 -4.261489808559417725e-01 9.028486013412475586e-01 -1.882554143667221069e-01 -9.980663657188415527e-01 2.135302172973752022e-03 -6.212455779314041138e-02 -2.043138504028320312e+00 2.454646490514278412e-02 -9.046505689620971680e-01 -4.254467785358428955e-01 1.222709417343139648e+00 0.000000000000000000e+00 0.000000000000000000e+00 0.000000000000000000e+00 1.000000000000000000e+00
-5.624535307288169861e-02 -4.248044490814208984e-01 9.035362005233764648e-01 -1.920120120048522949e-01 -9.981160759925842285e-01 1.696729683317244053e-03 -6.133520603179931641e-02 -2.042798757553100586e+00 2.452241443097591400e-02 -9.052837491035461426e-01 -4.240993857383728027e-01 1.222788572311401367e+00 0.000000000000000000e+00 0.000000000000000000e+00 0.000000000000000000e+00 1.000000000000000000e+00
-5.534370243549346924e-02 -4.234070479869842529e-01 9.042475223541259766e-01 -1.957686394453048706e-01 -9.981670379638671875e-01 1.242004451341927052e-03 -6.051037460565567017e-02 -2.042459249496459961e+00 2.449744008481502533e-02 -9.059388637542724609e-01 -4.226995408535003662e-01 1.222867727279663086e+00 0.000000000000000000e+00 0.000000000000000000e+00 0.000000000000000000e+00 1.000000000000000000e+00
-5.440522730350494385e-02 -4.219583272933959961e-01 9.049814343452453613e-01 -1.995252519845962524e-01 -9.982193112373352051e-01 7.718118722550570965e-04 -5.965055897831916809e-02 -2.042119741439819336e+00 2.447157725691795349e-02 -9.066150188446044922e-01 -4.212487637996673584e-01 1.222946882247924805e+00 0.000000000000000000e+00 0.000000000000000000e+00 0.000000000000000000e+00 1.000000000000000000e+00
-5.343040823936462402e-02 -4.204599559307098389e-01 9.057366251945495605e-01 -2.032818496227264404e-01 -9.982725381851196289e-01 2.867469156626611948e-04 -5.875607207417488098e-02 -2.041780233383178711e+00 2.444486133754253387e-02 -9.073112010955810547e-01 -4.197487831115722656e-01 1.223026037216186523e+00 0.000000000000000000e+00 0.000000000000000000e+00 0.000000000000000000e+00 1.000000000000000000e+00
-5.242007970809936523e-02 -4.189133644104003906e-01 9.065119028091430664e-01 -2.070384621620178223e-01 -9.983267784118652344e-01 -2.124475140590220690e-04 -5.782753601670265198e-02 -2.041440486907958984e+00 2.441731281578540802e-02 -9.080263376235961914e-01 -4.182011485099792480e-01 1.223105192184448242e+00 0.000000000000000000e+00 0.000000000000000000e+00 0.000000000000000000e+00 1.000000000000000000e+00
-5.137494206428527832e-02 -4.173201322555541992e-01 9.073062539100646973e-01 -2.107950747013092041e-01 -9.983819127082824707e-01 -7.250808994285762310e-04 -5.686544999480247498e-02 -2.041100978851318359e+00 2.438896894454956055e-02 -9.087594151496887207e-01 -4.166074097156524658e-01 1.223184347152709961e+00 0.000000000000000000e+00 0.000000000000000000e+00 0.000000000000000000e+00 1.000000000000000000e+00
-5.029546841979026794e-02 -4.156818091869354248e-01 9.081184864044189453e-01 -2.145516872406005859e-01 -9.984375238418579102e-01 -1.250563422217965126e-03 -5.587013438344001770e-02 -2.040761470794677734e+00 2.435986138880252838e-02 -9.095094203948974609e-01 -4.149692654609680176e-01 1.223263502120971680e+00 0.000000000000000000e+00 0.000000000000000000e+00 0.000000000000000000e+00 1.000000000000000000e+00
-4.918260872364044189e-02 -4.140000343322753906e-01 9.089472293853759766e-01 -2.183082699775695801e-01 -9.984936714172363281e-01 -1.788103603757917881e-03 -5.484231933951377869e-02 -2.040421962738037109e+00 2.433001622557640076e-02 -9.102752804756164551e-01 -4.132882952690124512e-01 1.223342657089233398e+00 0.000000000000000000e+00 0.000000000000000000e+00 0.000000000000000000e+00 1.000000000000000000e+00
-4.803683608770370483e-02 -4.122763872146606445e-01 9.097916483879089355e-01 -2.220648825168609619e-01 -9.985501766204833984e-01 -2.337111160159111023e-03 -5.378232151269912720e-02 -2.040082454681396484e+00 2.429946511983871460e-02 -9.110559821128845215e-01 -4.115662276744842529e-01 1.223421692848205566e+00 0.000000000000000000e+00 0.000000000000000000e+00 0.000000000000000000e+00 1.000000000000000000e+00
-4.685861244797706604e-02 -4.105123877525329590e-01 9.106501936912536621e-01 -2.258214950561523438e-01 -9.986069202423095703e-01 -2.897005528211593628e-03 -5.269043892621994019e-02 -2.039742946624755859e+00 2.426824159920215607e-02 -9.118505716323852539e-01 -4.098045527935028076e-01 1.223500847816467285e+00 0.000000000000000000e+00 0.000000000000000000e+00 0.000000000000000000e+00 1.000000000000000000e+00
-4.564901813864707947e-02 -4.087096452713012695e-01 9.115221500396728516e-01 -2.295721173286437988e-01 -9.986637234687805176e-01 -3.466959111392498016e-03 -5.156756192445755005e-02 -2.039353609085083008e+00 2.423637360334396362e-02 -9.126579761505126953e-01 -4.080051183700561523e-01 1.223577499389648438e+00 0.000000000000000000e+00 0.000000000000000000e+00 0.000000000000000000e+00 1.000000000000000000e+00
-4.440851882100105286e-02 -4.068697690963745117e-01 9.124061465263366699e-01 -2.333008646965026855e-01 -9.987205266952514648e-01 -4.046404268592596054e-03 -5.041398853063583374e-02 -2.038783073425292969e+00 2.420389279723167419e-02 -9.134773612022399902e-01 -4.061693251132965088e-01 1.223645091056823730e+00 0.000000000000000000e+00 0.000000000000000000e+00 0.000000000000000000e+00 1.000000000000000000e+00
-4.313770309090614319e-02 -4.049943387508392334e-01 9.133009910583496094e-01 -2.370296269655227661e-01 -9.987769722938537598e-01 -4.634715616703033447e-03 -4.923015460371971130e-02 -2.038212537765502930e+00 2.417082898318767548e-02 -9.143075942993164062e-01 -4.042989015579223633e-01 1.223712682723999023e+00 0.000000000000000000e+00 0.000000000000000000e+00 0.000000000000000000e+00 1.000000000000000000e+00
-4.183729365468025208e-02 -4.030850231647491455e-01 9.142056703567504883e-01 -2.407583892345428467e-01 -9.988331198692321777e-01 -5.231235176324844360e-03 -4.801663011312484741e-02 -2.037642002105712891e+00 2.413721382617950439e-02 -9.151476621627807617e-01 -4.023956358432769775e-01 1.223780155181884766e+00 0.000000000000000000e+00 0.000000000000000000e+00 0.000000000000000000e+00 1.000000000000000000e+00
-4.050799086689949036e-02 -4.011433124542236328e-01 9.151192307472229004e-01 -2.444871664047241211e-01 -9.988887310028076172e-01 -5.835321731865406036e-03 -4.677395895123481750e-02 -2.037071704864501953e+00 2.410307899117469788e-02 -9.159968495368957520e-01 -4.004610180854797363e-01 1.223847746849060059e+00 0.000000000000000000e+00 0.000000000000000000e+00 0.000000000000000000e+00 1.000000000000000000e+00
-3.915039077401161194e-02 -3.991710245609283447e-01 9.160402417182922363e-01 -2.482159137725830078e-01 -9.989436864852905273e-01 -6.446364335715770721e-03 -4.550260305404663086e-02 -2.036501169204711914e+00 2.406845241785049438e-02 -9.168539643287658691e-01 -3.984968364238739014e-01 1.223915219306945801e+00 0.000000000000000000e+00 0.000000000000000000e+00 0.000000000000000000e+00 1.000000000000000000e+00
-3.776532411575317383e-02 -3.971695899963378906e-01 9.169679880142211914e-01 -2.519446909427642822e-01 -9.989978075027465820e-01 -7.063700817525386810e-03 -4.420322924852371216e-02 -2.035930633544921875e+00 2.403336763381958008e-02 -9.177182316780090332e-01 -3.965046107769012451e-01 1.223982810974121094e+00 0.000000000000000000e+00 0.000000000000000000e+00 0.000000000000000000e+00 1.000000000000000000e+00
-3.635326400399208069e-02 -3.951407372951507568e-01 9.179009795188903809e-01 -2.556734383106231689e-01 -9.990509152412414551e-01 -7.686786353588104248e-03 -4.287621006369590759e-02 -2.035360097885131836e+00 2.399784885346889496e-02 -9.185885190963745117e-01 -3.944862484931945801e-01 1.224050402641296387e+00 0.000000000000000000e+00 0.000000000000000000e+00 0.000000000000000000e+00 1.000000000000000000e+00
-3.491505607962608337e-02 -3.930861949920654297e-01 9.188385009765625000e-01 -2.594022154808044434e-01 -9.991033077239990234e-01 -8.314973674714565277e-03 -4.152223840355873108e-02 -2.034789800643920898e+00 2.396193891763687134e-02 -9.194642305374145508e-01 -3.924432396888732910e-01 1.224117875099182129e+00 0.000000000000000000e+00 0.000000000000000000e+00 0.000000000000000000e+00 1.000000000000000000e+00
-3.345103934407234192e-02 -3.910074234008789062e-01 9.197795391082763672e-01 -2.631309628486633301e-01 -9.991540312767028809e-01 -8.947800844907760620e-03 -4.014156386256217957e-02 -2.034219264984130859e+00 2.392565272748470306e-02 -9.203441739082336426e-01 -3.903772234916687012e-01 1.224185466766357422e+00 0.000000000000000000e+00 0.000000000000000000e+00 0.000000000000000000e+00 1.000000000000000000e+00
-3.196229785680770874e-02 -3.889063894748687744e-01 9.207227230072021484e-01 -2.668597102165222168e-01 -9.992038607597351074e-01 -9.584528394043445587e-03 -3.873513266444206238e-02 -2.033648967742919922e+00 2.388903871178627014e-02 -9.212275743484497070e-01 -3.882902264595031738e-01 1.224252939224243164e+00 0.000000000000000000e+00 0.000000000000000000e+00 0.000000000000000000e+00 1.000000000000000000e+00
-3.044929355382919312e-02 -3.867843747138977051e-01 9.216673374176025391e-01 -2.705884575843811035e-01 -9.992517828941345215e-01 -1.022469252347946167e-02 -3.730332478880882263e-02 -2.033078193664550781e+00 2.385210990905761719e-02 -9.221135973930358887e-01 -3.861835896968841553e-01 1.224320530891418457e+00 0.000000000000000000e+00 0.000000000000000000e+00 0.000000000000000000e+00 1.000000000000000000e+00
-2.891263924539089203e-02 -3.846434056758880615e-01 9.226123690605163574e-01 -2.743172347545623779e-01 -9.992984533309936523e-01 -1.086776517331600189e-02 -3.584663942456245422e-02 -2.032507896423339844e+00 2.381490916013717651e-02 -9.230014085769653320e-01 -3.840591609477996826e-01 1.224388122558593750e+00 0.000000000000000000e+00 0.000000000000000000e+00 0.000000000000000000e+00 1.000000000000000000e+00
-2.735315449535846710e-02 -3.824849724769592285e-01 9.235568046569824219e-01 -2.780460119247436523e-01 -9.993432164192199707e-01 -1.151315495371818542e-02 -3.436581790447235107e-02 -2.031937360763549805e+00 2.377746440470218658e-02 -9.238901138305664062e-01 -3.819186985492706299e-01 1.224455595016479492e+00 0.000000000000000000e+00 0.000000000000000000e+00 0.000000000000000000e+00 1.000000000000000000e+00
-2.577120438218116760e-02 -3.803109526634216309e-01 9.244995117187500000e-01 -2.817747592926025391e-01 -9.993862509727478027e-01 -1.216046325862407684e-02 -3.286115452647209167e-02 -2.031366825103759766e+00 2.373980544507503510e-02 -9.247788786888122559e-01 -3.797639310359954834e-01 1.224523186683654785e+00 0.000000000000000000e+00 0.000000000000000000e+00 0.000000000000000000e+00 1.000000000000000000e+00
-2.416785992681980133e-02 -3.781228959560394287e-01 9.254398941993713379e-01 -2.854886054992675781e-01 -9.994271397590637207e-01 -1.280903909355401993e-02 -3.133362904191017151e-02 -2.030715465545654297e+00 2.370195835828781128e-02 -9.256669282913208008e-01 -3.775965571403503418e-01 1.224586486816406250e+00 0.000000000000000000e+00 0.000000000000000000e+00 0.000000000000000000e+00 1.000000000000000000e+00
-2.254359982907772064e-02 -3.759226799011230469e-01 9.263768196105957031e-01 -2.891742885112762451e-01 -9.994660019874572754e-01 -1.345846243202686310e-02 -2.978365682065486908e-02 -2.029911518096923828e+00 2.366396039724349976e-02 -9.265534281730651855e-01 -3.754183948040008545e-01 1.224641919136047363e+00 0.000000000000000000e+00 0.000000000000000000e+00 0.000000000000000000e+00 1.000000000000000000e+00
-2.089902013540267944e-02 -3.737117350101470947e-01 9.273095130920410156e-01 -2.928599715232849121e-01 -9.995026588439941406e-01 -1.410830393433570862e-02 -2.821178361773490906e-02 -2.029107570648193359e+00 2.362584136426448822e-02 -9.274377226829528809e-01 -3.732309043407440186e-01 1.224697351455688477e+00 0.000000000000000000e+00 0.000000000000000000e+00 0.000000000000000000e+00 1.000000000000000000e+00
-1.923483982682228088e-02 -3.714921474456787109e-01 9.282369017601013184e-01 -2.965456247329711914e-01 -9.995369315147399902e-01 -1.475808396935462952e-02 -2.661867626011371613e-02 -2.028303623199462891e+00 2.358762919902801514e-02 -9.283189177513122559e-01 -3.710361421108245850e-01 1.224752783775329590e+00 0.000000000000000000e+00 0.000000000000000000e+00 0.000000000000000000e+00 1.000000000000000000e+00
-1.755189709365367889e-02 -3.692654967308044434e-01 9.291582703590393066e-01 -3.002313375473022461e-01 -9.995688199996948242e-01 -1.540730521082878113e-02 -2.500511705875396729e-02 -2.027499675750732422e+00 2.354935370385646820e-02 -9.291962981224060059e-01 -3.688357472419738770e-01 1.224808216094970703e+00 0.000000000000000000e+00 0.000000000000000000e+00 0.000000000000000000e+00 1.000000000000000000e+00
-1.585067063570022583e-02 -3.670336306095123291e-01 9.300725460052490234e-01 -3.039170205593109131e-01 -9.995981454849243164e-01 -1.605562679469585419e-02 -2.337155677378177643e-02 -2.026695728302001953e+00 2.351105026900768280e-02 -9.300692081451416016e-01 -3.666314780712127686e-01 1.224863648414611816e+00 0.000000000000000000e+00 0.000000000000000000e+00 0.000000000000000000e+00 1.000000000000000000e+00
-1.413187664002180099e-02 -3.647983372211456299e-01 9.309793710708618164e-01 -3.076027035713195801e-01 -9.996248483657836914e-01 -1.670262217521667480e-02 -2.171869575977325439e-02 -2.025891780853271484e+00 2.347274683415889740e-02 -9.309368133544921875e-01 -3.644253313541412354e-01 1.224919080734252930e+00 0.000000000000000000e+00 0.000000000000000000e+00 0.000000000000000000e+00 1.000000000000000000e+00
-1.239611580967903137e-02 -3.625612854957580566e-01 9.318775534629821777e-01 -3.112884163856506348e-01 -9.996487498283386230e-01 -1.734794862568378448e-02 -2.004711143672466278e-02 -2.025087833404541016e+00 2.343447133898735046e-02 -9.317985773086547852e-01 -3.622187674045562744e-01 1.224974513053894043e+00 0.000000000000000000e+00 0.000000000000000000e+00 0.000000000000000000e+00 1.000000000000000000e+00
-1.064422819763422012e-02 -3.603242933750152588e-01 9.327663779258728027e-01 -3.149740695953369141e-01 -9.996698498725891113e-01 -1.799117401242256165e-02 -1.835761219263076782e-02 -2.024283885955810547e+00 2.339626103639602661e-02 -9.326537251472473145e-01 -3.600137233734130859e-01 1.225029945373535156e+00 0.000000000000000000e+00 0.000000000000000000e+00 0.000000000000000000e+00 1.000000000000000000e+00
-8.876690641045570374e-03 -3.580892384052276611e-01 9.336451292037963867e-01 -3.186597526073455811e-01 -9.996880292892456055e-01 -1.863202452659606934e-02 -1.665069535374641418e-02 -2.023479938507080078e+00 2.335813641548156738e-02 -9.335016608238220215e-01 -3.578119575977325439e-01 1.225085377693176270e+00 0.000000000000000000e+00 0.000000000000000000e+00 0.000000000000000000e+00 1.000000000000000000e+00
-7.094345986843109131e-03 -3.558577299118041992e-01 9.345131516456604004e-01 -3.223454356193542480e-01 -9.997029900550842285e-01 -1.927011832594871521e-02 -1.492718886584043503e-02 -2.022675991058349609e+00 2.332013845443725586e-02 -9.343416094779968262e-01 -3.556152284145355225e-01 1.225140810012817383e+00 0.000000000000000000e+00 0.000000000000000000e+00 0.000000000000000000e+00 1.000000000000000000e+00
-5.297794472426176071e-03 -3.536317646503448486e-01 9.353696703910827637e-01 -3.260311186313629150e-01 -9.997151494026184082e-01 -1.990517415106296539e-02 -1.318770926445722580e-02 -2.021872043609619141e+00 2.328229509294033051e-02 -9.351729750633239746e-01 -3.534255027770996094e-01 1.225196242332458496e+00 0.000000000000000000e+00 0.000000000000000000e+00 0.000000000000000000e+00 1.000000000000000000e+00
-3.487754845991730690e-03 -3.514132797718048096e-01 9.362139701843261719e-01 -3.297168016433715820e-01 -9.997239708900451660e-01 -2.053689584136009216e-02 -1.143299136310815811e-02 -2.021068096160888672e+00 2.324463427066802979e-02 -9.359952807426452637e-01 -3.512445390224456787e-01 1.225251674652099609e+00 0.000000000000000000e+00 0.000000000000000000e+00 0.000000000000000000e+00 1.000000000000000000e+00
-1.664829323999583721e-03 -3.492037653923034668e-01 9.370453357696533203e-01 -3.334025144577026367e-01 -9.997295737266540527e-01 -2.116503566503524780e-02 -9.663659147918224335e-03 -2.020264148712158203e+00 2.320718578994274139e-02 -9.368079304695129395e-01 -3.490739762783050537e-01 1.225307106971740723e+00 0.000000000000000000e+00 0.000000000000000000e+00 0.000000000000000000e+00 1.000000000000000000e+00
1.702606823528185487e-04 -3.470052480697631836e-01 9.378631711006164551e-01 -3.370881676673889160e-01 -9.997317790985107422e-01 -2.178934030234813690e-02 -7.880466058850288391e-03 -2.019460201263427734e+00 2.316998876631259918e-02 -9.376102089881896973e-01 -3.469158113002777100e-01 1.225362539291381836e+00 0.000000000000000000e+00 0.000000000000000000e+00 0.000000000000000000e+00 1.000000000000000000e+00
2.016913611441850662e-03 -3.448196351528167725e-01 9.386668205261230469e-01 -3.407629728317260742e-01 -9.997305870056152344e-01 -2.240960858762264252e-02 -6.084057036787271500e-03 -2.018612861633300781e+00 2.313306182622909546e-02 -9.384015798568725586e-01 -3.447718322277069092e-01 1.225415587425231934e+00 0.000000000000000000e+00 0.000000000000000000e+00 0.000000000000000000e+00 1.000000000000000000e+00
3.874288639053702354e-03 -3.426485657691955566e-01 9.394557476043701172e-01 -3.443897068500518799e-01 -9.997260570526123047e-01 -2.302557975053787231e-02 -4.275300540030002594e-03 -2.017574310302734375e+00 2.309644035995006561e-02 -9.391815662384033203e-01 -3.426437675952911377e-01 1.225458502769470215e+00 0.000000000000000000e+00 0.000000000000000000e+00 0.000000000000000000e+00 1.000000000000000000e+00
5.741902627050876617e-03 -3.404941260814666748e-01 9.402291178703308105e-01 -3.480164408683776855e-01 -9.997178316116333008e-01 -2.363714203238487244e-02 -2.454748842865228653e-03 -2.016535758972167969e+00 2.306015789508819580e-02 -9.399496912956237793e-01 -3.405336439609527588e-01 1.225501298904418945e+00 0.000000000000000000e+00 0.000000000000000000e+00 0.000000000000000000e+00 1.000000000000000000e+00
7.618912961333990097e-03 -3.383580744266510010e-01 9.409866333007812500e-01 -3.516432046890258789e-01 -9.997059702873229980e-01 -2.424407377839088440e-02 -6.232871674001216888e-04 -2.015497207641601562e+00 2.302424423396587372e-02 -9.407051801681518555e-01 -3.384432494640350342e-01 1.225544214248657227e+00 0.000000000000000000e+00 0.000000000000000000e+00 0.000000000000000000e+00 1.000000000000000000e+00
9.504838846623897552e-03 -3.362422883510589600e-01 9.417275786399841309e-01 -3.552699089050292969e-01 -9.996908307075500488e-01 -2.484630048274993896e-02 1.218527555465698242e-03 -2.014458894729614258e+00 2.298873104155063629e-02 -9.414478540420532227e-01 -3.363744020462036133e-01 1.225587010383605957e+00 0.000000000000000000e+00 0.000000000000000000e+00 0.000000000000000000e+00 1.000000000000000000e+00
1.139895711094141006e-02 -3.341485559940338135e-01 9.424514770507812500e-01 -3.588967025279998779e-01 -9.996718168258666992e-01 -2.544369176030158997e-02 3.069908358156681061e-03 -2.013420343399047852e+00 2.295364253222942352e-02 -9.421771168708801270e-01 -3.343288004398345947e-01 1.225629925727844238e+00 0.000000000000000000e+00 0.000000000000000000e+00 0.000000000000000000e+00 1.000000000000000000e+00
1.330042444169521332e-02 -3.320788443088531494e-01 9.431578516960144043e-01 -3.625234365463256836e-01 -9.996491670608520508e-01 -2.603608928620815277e-02 4.929947201162576675e-03 -2.012381792068481445e+00 2.291901595890522003e-02 -9.428923130035400391e-01 -3.323085010051727295e-01 1.225672721862792969e+00 0.000000000000000000e+00 0.000000000000000000e+00 0.000000000000000000e+00 1.000000000000000000e+00
1.520864013582468033e-02 -3.300351500511169434e-01 9.438462257385253906e-01 -3.661502003669738770e-01 -9.996226429939270020e-01 -2.662344649434089661e-02 6.797954905778169632e-03 -2.011343240737915039e+00 2.288487553596496582e-02 -9.435933232307434082e-01 -3.303153812885284424e-01 1.225715637207031250e+00 0.000000000000000000e+00 0.000000000000000000e+00 0.000000000000000000e+00 1.000000000000000000e+00
1.712299883365631104e-02 -3.280191719532012939e-01 9.445158839225769043e-01 -3.697769641876220703e-01 -9.995925426483154297e-01 -2.720573171973228455e-02 8.673238568007946014e-03 -2.010304689407348633e+00 2.285126037895679474e-02 -9.442793130874633789e-01 -3.283512890338897705e-01 1.225758433341979980e+00 0.000000000000000000e+00 0.000000000000000000e+00 0.000000000000000000e+00 1.000000000000000000e+00
1.904289610683917999e-02 -3.260329663753509521e-01 9.451665878295898438e-01 -3.734036982059478760e-01 -9.995585680007934570e-01 -2.778293937444686890e-02 1.055510248988866806e-02 -2.009266376495361328e+00 2.281819656491279602e-02 -9.449502229690551758e-01 -3.264179229736328125e-01 1.225801348686218262e+00 0.000000000000000000e+00 0.000000000000000000e+00 0.000000000000000000e+00 1.000000000000000000e+00
2.096737734973430634e-02 -3.240782916545867920e-01 9.457977414131164551e-01 -3.770304322242736816e-01 -9.995207190513610840e-01 -2.835495769977569580e-02 1.244250126183032990e-02 -2.008227825164794922e+00 2.278571575880050659e-02 -9.456053376197814941e-01 -3.245173692703247070e-01 1.225844144821166992e+00 0.000000000000000000e+00 0.000000000000000000e+00 0.000000000000000000e+00 1.000000000000000000e+00
2.289606817066669464e-02 -3.221569955348968506e-01 9.464093446731567383e-01 -3.806571960449218750e-01 -9.994791150093078613e-01 -2.892189659178256989e-02 1.433496270328760147e-02 -2.007189273834228516e+00 2.275384776294231415e-02 -9.462445378303527832e-01 -3.226513266563415527e-01 1.225887060165405273e+00 0.000000000000000000e+00 0.000000000000000000e+00 0.000000000000000000e+00 1.000000000000000000e+00
2.482813224196434021e-02 -3.202711939811706543e-01 9.470005035400390625e-01 -3.842839300632476807e-01 -9.994336962699890137e-01 -2.948373556137084961e-02 1.623153500258922577e-02 -2.006150722503662109e+00 2.272262051701545715e-02 -9.468671083450317383e-01 -3.208217620849609375e-01 1.225929856300354004e+00 0.000000000000000000e+00 0.000000000000000000e+00 0.000000000000000000e+00 1.000000000000000000e+00
2.676296606659889221e-02 -3.184226751327514648e-01 9.475709795951843262e-01 -3.879106938838958740e-01 -9.993845224380493164e-01 -3.004054538905620575e-02 1.813150942325592041e-02 -2.005112171173095703e+00 2.269207127392292023e-02 -9.474728703498840332e-01 -3.190304934978485107e-01 1.225972771644592285e+00 0.000000000000000000e+00 0.000000000000000000e+00 0.000000000000000000e+00 1.000000000000000000e+00
2.869972959160804749e-02 -3.166132569313049316e-01 9.481204748153686523e-01 -3.915374279022216797e-01 -9.993314743041992188e-01 -3.059234470129013062e-02 2.003393322229385376e-02 -2.004073619842529297e+00 2.266222238540649414e-02 -9.480613470077514648e-01 -3.172794878482818604e-01 1.226015567779541016e+00 0.000000000000000000e+00 0.000000000000000000e+00 0.000000000000000000e+00 1.000000000000000000e+00
3.063805215060710907e-02 -3.148451447486877441e-01 9.486483931541442871e-01 -3.951641917228698730e-01 -9.992744922637939453e-01 -3.113932907581329346e-02 2.193830534815788269e-02 -2.003035068511962891e+00 2.263311110436916351e-02 -9.486321806907653809e-01 -3.155706524848937988e-01 1.226058483123779297e+00 0.000000000000000000e+00 0.000000000000000000e+00 0.000000000000000000e+00 1.000000000000000000e+00
3.257685527205467224e-02 -3.131199777126312256e-01 9.491546750068664551e-01 -3.987342417240142822e-01 -9.992138147354125977e-01 -3.168148174881935120e-02 2.384345233440399170e-02 -2.001820087432861328e+00 2.260476909577846527e-02 -9.491851329803466797e-01 -3.139058053493499756e-01 1.226091623306274414e+00 0.000000000000000000e+00 0.000000000000000000e+00 0.000000000000000000e+00 1.000000000000000000e+00
3.451589122414588928e-02 -3.114396333694458008e-01 9.496389031410217285e-01 -4.022856950759887695e-01 -9.991492033004760742e-01 -3.221905604004859924e-02 2.574897557497024536e-02 -2.000547409057617188e+00 2.257721684873104095e-02 -9.497197270393371582e-01 -3.122866749763488770e-01 1.226121425628662109e+00 0.000000000000000000e+00 0.000000000000000000e+00 0.000000000000000000e+00 1.000000000000000000e+00
3.645420446991920471e-02 -3.098062872886657715e-01 9.501006007194519043e-01 -4.058372080326080322e-01 -9.990808963775634766e-01 -3.275212645530700684e-02 2.765379287302494049e-02 -1.999274730682373047e+00 2.255049720406532288e-02 -9.502355456352233887e-01 -3.107154369354248047e-01 1.226151347160339355e+00 0.000000000000000000e+00 0.000000000000000000e+00 0.000000000000000000e+00 1.000000000000000000e+00
3.839120268821716309e-02 -3.082216680049896240e-01 9.505396485328674316e-01 -4.093886613845825195e-01 -9.990091323852539062e-01 -3.328087553381919861e-02 2.955717034637928009e-02 -1.998002052307128906e+00 2.252463810145854950e-02 -9.507324099540710449e-01 -3.091938197612762451e-01 1.226181268692016602e+00 0.000000000000000000e+00 0.000000000000000000e+00 0.000000000000000000e+00 1.000000000000000000e+00
4.032627120614051819e-02 -3.066877424716949463e-01 9.509555697441101074e-01 -4.129401445388793945e-01 -9.989334344863891602e-01 -3.380552679300308228e-02 3.145835548639297485e-02 -1.996729373931884766e+00 2.249966561794281006e-02 -9.512097835540771484e-01 -3.077237606048583984e-01 1.226211190223693848e+00 0.000000000000000000e+00 0.000000000000000000e+00 0.000000000000000000e+00 1.000000000000000000e+00
4.225856065750122070e-02 -3.052064180374145508e-01 9.513481259346008301e-01 -4.164916276931762695e-01 -9.988541603088378906e-01 -3.432622179388999939e-02 3.335637971758842468e-02 -1.995456695556640625e+00 2.247561328113079071e-02 -9.516674280166625977e-01 -3.063071966171264648e-01 1.226240992546081543e+00 0.000000000000000000e+00 0.000000000000000000e+00 0.000000000000000000e+00 1.000000000000000000e+00
4.418747127056121826e-02 -3.037795424461364746e-01 9.517171382904052734e-01 -4.200431406497955322e-01 -9.987709522247314453e-01 -3.484321385622024536e-02 3.525049984455108643e-02 -1.994184017181396484e+00 2.245250344276428223e-02 -9.521051645278930664e-01 -3.049457967281341553e-01 1.226270914077758789e+00 0.000000000000000000e+00 0.000000000000000000e+00 0.000000000000000000e+00 1.000000000000000000e+00
4.611254855990409851e-02 -3.024092316627502441e-01 9.520621299743652344e-01 -4.235946536064147949e-01 -9.986847043037414551e-01 -3.535681217908859253e-02 3.714006021618843079e-02 -1.992911338806152344e+00 2.243038453161716461e-02 -9.525223374366760254e-01 -3.036417663097381592e-01 1.226300835609436035e+00 0.000000000000000000e+00 0.000000000000000000e+00 0.000000000000000000e+00 1.000000000000000000e+00
4.803279787302017212e-02 -3.010971546173095703e-01 9.523829817771911621e-01 -4.271461069583892822e-01 -9.985945820808410645e-01 -3.586716577410697937e-02 3.902397304773330688e-02 -1.991638660430908203e+00 2.240927331149578094e-02 -9.529188275337219238e-01 -3.023966848850250244e-01 1.226330757141113281e+00 0.000000000000000000e+00 0.000000000000000000e+00 0.000000000000000000e+00 1.000000000000000000e+00
4.994775354862213135e-02 -2.998452782630920410e-01 9.526793360710144043e-01 -4.306975901126861572e-01 -9.985011219978332520e-01 -3.637461736798286438e-02 4.090159386396408081e-02 -1.990365982055664062e+00 2.238920517265796661e-02 -9.532942771911621094e-01 -3.012125194072723389e-01 1.226360678672790527e+00 0.000000000000000000e+00 0.000000000000000000e+00 0.000000000000000000e+00 1.000000000000000000e+00
5.185669660568237305e-02 -2.986555397510528564e-01 9.529510736465454102e-01 -4.342490732669830322e-01 -9.984042048454284668e-01 -3.687945380806922913e-02 4.277204722166061401e-02 -1.989093303680419922e+00 2.237020619213581085e-02 -9.536482691764831543e-01 -3.000912964344024658e-01 1.226390480995178223e+00 0.000000000000000000e+00 0.000000000000000000e+00 0.000000000000000000e+00 1.000000000000000000e+00
5.375889316201210022e-02 -2.975299954414367676e-01 9.531977176666259766e-01 -4.378005266189575195e-01 -9.983037710189819336e-01 -3.738195821642875671e-02 4.463444650173187256e-02 -1.987820625305175781e+00 2.235230430960655212e-02 -9.539804458618164062e-01 -2.990348935127258301e-01 1.226420402526855469e+00 0.000000000000000000e+00 0.000000000000000000e+00 0.000000000000000000e+00 1.000000000000000000e+00
5.565378069877624512e-02 -2.964704036712646484e-01 9.534191489219665527e-01 -4.413520097732543945e-01 -9.982005357742309570e-01 -3.788246959447860718e-02 4.648802801966667175e-02 -1.986547946929931641e+00 2.233555167913436890e-02 -9.542906284332275391e-01 -2.980450987815856934e-01 1.226450324058532715e+00 0.000000000000000000e+00 0.000000000000000000e+00 0.000000000000000000e+00 1.000000000000000000e+00
5.754059925675392151e-02 -2.954785525798797607e-01 9.536149501800537109e-01 -4.449034929275512695e-01 -9.980938434600830078e-01 -3.838131576776504517e-02 4.833191633224487305e-02 -1.985275268554687500e+00 2.231995761394500732e-02 -9.545782208442687988e-01 -2.971237301826477051e-01 1.226480245590209961e+00 0.000000000000000000e+00 0.000000000000000000e+00 0.000000000000000000e+00 1.000000000000000000e+00
5.941864848136901855e-02 -2.945564985275268555e-01 9.537851214408874512e-01 -4.484549760818481445e-01 -9.979841709136962891e-01 -3.887882456183433533e-02 5.016521364450454712e-02 -1.984002470970153809e+00 2.230555750429630280e-02 -9.548429846763610840e-01 -2.962727546691894531e-01 1.226510167121887207e+00 0.000000000000000000e+00 0.000000000000000000e+00 0.000000000000000000e+00 1.000000000000000000e+00
6.128720939159393311e-02 -2.937061488628387451e-01 9.539290666580200195e-01 -4.519993364810943604e-01 -9.978714585304260254e-01 -3.937535360455513000e-02 5.198703333735466003e-02 -1.982711791992187500e+00 2.229238487780094147e-02 -9.550846219062805176e-01 -2.954940497875213623e-01 1.226539015769958496e+00 0.000000000000000000e+00 0.000000000000000000e+00 0.000000000000000000e+00 1.000000000000000000e+00
6.314579397439956665e-02 -2.929292023181915283e-01 9.540467858314514160e-01 -4.554589688777923584e-01 -9.977558255195617676e-01 -3.987130895256996155e-02 5.379672348499298096e-02 -1.981207132339477539e+00 2.228046581149101257e-02 -9.553026556968688965e-01 -2.947894334793090820e-01 1.226555585861206055e+00 0.000000000000000000e+00 0.000000000000000000e+00 0.000000000000000000e+00 1.000000000000000000e+00
6.499369442462921143e-02 -2.922276854515075684e-01 9.541377425193786621e-01 -4.589185714721679688e-01 -9.976374506950378418e-01 -4.036708176136016846e-02 5.559337511658668518e-02 -1.979702234268188477e+00 2.226983569562435150e-02 -9.554966092109680176e-01 -2.941607832908630371e-01 1.226572155952453613e+00 0.000000000000000000e+00 0.000000000000000000e+00 0.000000000000000000e+00 1.000000000000000000e+00
6.683020293712615967e-02 -2.916033267974853516e-01 9.542019367218017578e-01 -4.623782336711883545e-01 -9.975162744522094727e-01 -4.086303338408470154e-02 5.737610533833503723e-02 -1.978197455406188965e+00 2.226052433252334595e-02 -9.556663036346435547e-01 -2.936098575592041016e-01 1.226588845252990723e+00 0.000000000000000000e+00 0.000000000000000000e+00 0.000000000000000000e+00 1.000000000000000000e+00
6.865458190441131592e-02 -2.910582721233367920e-01 9.542388319969177246e-01 -4.658378362655639648e-01 -9.973925948143005371e-01 -4.135956987738609314e-02 5.914399772882461548e-02 -1.976692676544189453e+00 2.225256152451038361e-02 -9.558110833168029785e-01 -2.931387722492218018e-01 1.226605415344238281e+00 0.000000000000000000e+00 0.000000000000000000e+00 0.000000000000000000e+00 1.000000000000000000e+00
7.046625763177871704e-02 -2.905942201614379883e-01 9.542481303215026855e-01 -4.692974388599395752e-01 -9.972661733627319336e-01 -4.185711592435836792e-02 6.089627742767333984e-02 -1.975187778472900391e+00 2.224597521126270294e-02 -9.559305310249328613e-01 -2.927492260932922363e-01 1.226621985435485840e+00 0.000000000000000000e+00 0.000000000000000000e+00 0.000000000000000000e+00 1.000000000000000000e+00
7.226461917161941528e-02 -2.902129888534545898e-01 9.542295932769775391e-01 -4.727571010589599609e-01 -9.971377253532409668e-01 -4.235611483454704285e-02 6.263213604688644409e-02 -1.973683118820190430e+00 2.224080450832843781e-02 -9.560244679450988770e-01 -2.924430072307586670e-01 1.226638674736022949e+00 0.000000000000000000e+00 0.000000000000000000e+00 0.000000000000000000e+00 1.000000000000000000e+00
7.404871284961700439e-02 -2.899163067340850830e-01 9.541831016540527344e-01 -4.762167334556579590e-01 -9.970069527626037598e-01 -4.285688698291778564e-02 6.435047835111618042e-02 -1.972178220748901367e+00 2.223706804215908051e-02 -9.560920596122741699e-01 -2.922219932079315186e-01 1.226655244827270508e+00 0.000000000000000000e+00 0.000000000000000000e+00 0.000000000000000000e+00 1.000000000000000000e+00
7.581819593906402588e-02 -2.897064387798309326e-01 9.541078805923461914e-01 -4.796763658523559570e-01 -9.968740344047546387e-01 -4.335999861359596252e-02 6.605069339275360107e-02 -1.970673561096191406e+00 2.223480679094791412e-02 -9.561330676078796387e-01 -2.920881807804107666e-01 1.226671814918518066e+00 0.000000000000000000e+00 0.000000000000000000e+00 0.000000000000000000e+00 1.000000000000000000e+00
7.757234573364257812e-02 -2.895846962928771973e-01 9.540038704872131348e-01 -4.831359684467315674e-01 -9.967390298843383789e-01 -4.386582225561141968e-02 6.773188710212707520e-02 -1.969168663024902344e+00 2.223404496908187866e-02 -9.561468362808227539e-01 -2.920430302619934082e-01 1.226688504219055176e+00 0.000000000000000000e+00 0.000000000000000000e+00 0.000000000000000000e+00 1.000000000000000000e+00
7.931044697761535645e-02 -2.895124554634094238e-01 9.538828730583190918e-01 -4.865956306457519531e-01 -9.966021776199340820e-01 -4.437509551644325256e-02 6.939403712749481201e-02 -1.967663884162902832e+00 2.223820611834526062e-02 -9.561452269554138184e-01 -2.920480370521545410e-01 1.226705074310302734e+00 0.000000000000000000e+00 0.000000000000000000e+00 0.000000000000000000e+00 1.000000000000000000e+00
8.103273063898086548e-02 -2.894492447376251221e-01 9.537572860717773438e-01 -4.900552034378051758e-01 -9.964633584022521973e-01 -4.488829895853996277e-02 7.103822380304336548e-02 -1.966159105300903320e+00 2.225057967007160187e-02 -9.561403989791870117e-01 -2.920628786087036133e-01 1.226721644401550293e+00 0.000000000000000000e+00 0.000000000000000000e+00 0.000000000000000000e+00 1.000000000000000000e+00
8.273943513631820679e-02 -2.893947362899780273e-01 9.536271691322326660e-01 -4.935148656368255615e-01 -9.963226318359375000e-01 -4.540535435080528259e-02 7.266470789909362793e-02 -1.964654445648193359e+00 2.227100171148777008e-02 -9.561324119567871094e-01 -2.920872569084167480e-01 1.226738333702087402e+00 0.000000000000000000e+00 0.000000000000000000e+00 0.000000000000000000e+00 1.000000000000000000e+00
8.443056046962738037e-02 -2.893490791320800781e-01 9.534928202629089355e-01 -4.969744682312011719e-01 -9.961801171302795410e-01 -4.592617601156234741e-02 7.427354902029037476e-02 -1.963149547576904297e+00 2.229929901659488678e-02 -9.561213850975036621e-01 -2.921212613582611084e-01 1.226754903793334961e+00 0.000000000000000000e+00 0.000000000000000000e+00 0.000000000000000000e+00 1.000000000000000000e+00
8.610657602548599243e-02 -2.893119454383850098e-01 9.533542990684509277e-01 -5.004340410232543945e-01 -9.960357546806335449e-01 -4.645074531435966492e-02 7.586523145437240601e-02 -1.961644887924194336e+00 2.233530580997467041e-02 -9.561072587966918945e-01 -2.921646833419799805e-01 1.226771473884582520e+00 0.000000000000000000e+00 0.000000000000000000e+00 0.000000000000000000e+00 1.000000000000000000e+00
8.776773512363433838e-02 -2.892831861972808838e-01 9.532114863395690918e-01 -5.038937330245971680e-01 -9.958898425102233887e-01 -4.697902500629425049e-02 7.744001597166061401e-02 -1.960139989852905273e+00 2.237885445356369019e-02 -9.560902118682861328e-01 -2.922172844409942627e-01 1.226788163185119629e+00 0.000000000000000000e+00 0.000000000000000000e+00 0.000000000000000000e+00 1.000000000000000000e+00
8.941391855478286743e-02 -2.892623245716094971e-01 9.530647993087768555e-01 -5.073331594467163086e-01 -9.957422018051147461e-01 -4.751081019639968872e-02 7.899785786867141724e-02 -1.958592653274536133e+00 2.242977730929851532e-02 -9.560702443122863770e-01 -2.922787368297576904e-01 1.226802229881286621e+00 0.000000000000000000e+00 0.000000000000000000e+00 0.000000000000000000e+00 1.000000000000000000e+00
9.104559570550918579e-02 -2.892495393753051758e-01 9.529141783714294434e-01 -5.106842517852783203e-01 -9.955930709838867188e-01 -4.804613813757896423e-02 8.053924143314361572e-02 -1.956859588623046875e+00 2.248790860176086426e-02 -9.560473561286926270e-01 -2.923491299152374268e-01 1.226805329322814941e+00 0.000000000000000000e+00 0.000000000000000000e+00 0.000000000000000000e+00 1.000000000000000000e+00
9.266299009323120117e-02 -2.892444133758544922e-01 9.527597427368164062e-01 -5.140354037284851074e-01 -9.954423904418945312e-01 -4.858491569757461548e-02 8.206443488597869873e-02 -1.955126523971557617e+00 2.255307883024215698e-02 -9.560216665267944336e-01 -2.924279868602752686e-01 1.226808428764343262e+00 0.000000000000000000e+00 0.000000000000000000e+00 0.000000000000000000e+00 1.000000000000000000e+00
9.426613152027130127e-02 -2.892469167709350586e-01 9.526017904281616211e-01 -5.173865556716918945e-01 -9.952902197837829590e-01 -4.912703111767768860e-02 8.357350528240203857e-02 -1.953393459320068359e+00 2.262511849403381348e-02 -9.559931755065917969e-01 -2.925155460834503174e-01 1.226811408996582031e+00 0.000000000000000000e+00 0.000000000000000000e+00 0.000000000000000000e+00 1.000000000000000000e+00
9.585537016391754150e-02 -2.892569303512573242e-01 9.524401426315307617e-01 -5.207376480102539062e-01 -9.951366186141967773e-01 -4.967243596911430359e-02 8.506680279970169067e-02 -1.951660394668579102e+00 2.270386554300785065e-02 -9.559619426727294922e-01 -2.926113903522491455e-01 1.226814508438110352e+00 0.000000000000000000e+00 0.000000000000000000e+00 0.000000000000000000e+00 1.000000000000000000e+00
9.743104130029678345e-02 -2.892740368843078613e-01 9.522750377655029297e-01 -5.240887999534606934e-01 -9.949816465377807617e-01 -5.022109299898147583e-02 8.654473721981048584e-02 -1.949927330017089844e+00 2.278914861381053925e-02 -9.559281468391418457e-01 -2.927153408527374268e-01 1.226817607879638672e+00 0.000000000000000000e+00 0.000000000000000000e+00 0.000000000000000000e+00 1.000000000000000000e+00
9.899318963289260864e-02 -2.892983853816986084e-01 9.521065354347229004e-01 -5.274398922920227051e-01 -9.948253035545349121e-01 -5.077286809682846069e-02 8.800734579563140869e-02 -1.948194265365600586e+00 2.288079634308815002e-02 -9.558916687965393066e-01 -2.928274273872375488e-01 1.226820707321166992e+00 0.000000000000000000e+00 0.000000000000000000e+00 0.000000000000000000e+00 1.000000000000000000e+00
1.005421206355094910e-01 -2.893295288085937500e-01 9.519347548484802246e-01 -5.307910442352294922e-01 -9.946676492691040039e-01 -5.132770538330078125e-02 8.945501595735549927e-02 -1.946460962295532227e+00 2.297864854335784912e-02 -9.558525681495666504e-01 -2.929472029209136963e-01 1.226823806762695312e+00 0.000000000000000000e+00 0.000000000000000000e+00 0.000000000000000000e+00 1.000000000000000000e+00
1.020781174302101135e-01 -2.893672883510589600e-01 9.517598152160644531e-01 -5.341421365737915039e-01 -9.945088624954223633e-01 -5.188552290201187134e-02 9.088803082704544067e-02 -1.944727897644042969e+00 2.308253571391105652e-02 -9.558110833168029785e-01 -2.930746078491210938e-01 1.226826906204223633e+00 0.000000000000000000e+00 0.000000000000000000e+00 0.000000000000000000e+00 1.000000000000000000e+00
1.036010459065437317e-01 -2.894116938114166260e-01 9.515817165374755859e-01 -5.374932885169982910e-01 -9.943487644195556641e-01 -5.244616419076919556e-02 9.230630844831466675e-02 -1.942994832992553711e+00 2.319228462874889374e-02 -9.557670354843139648e-01 -2.932095229625701904e-01 1.226830005645751953e+00 0.000000000000000000e+00 0.000000000000000000e+00 0.000000000000000000e+00 1.000000000000000000e+00
1.051114946603775024e-01 -2.894624173641204834e-01 9.514004588127136230e-01 -5.408443808555603027e-01 -9.941875934600830078e-01 -5.300962552428245544e-02 9.371045976877212524e-02 -1.941261768341064453e+00 2.330773323774337769e-02 -9.557206034660339355e-01 -2.933517396450042725e-01 1.226832985877990723e+00 0.000000000000000000e+00 0.000000000000000000e+00 0.000000000000000000e+00 1.000000000000000000e+00
1.066097095608711243e-01 -2.895193994045257568e-01 9.512165188789367676e-01 -5.441955327987670898e-01 -9.940251111984252930e-01 -5.357585102319717407e-02 9.510079026222229004e-02 -1.939528584480285645e+00 2.342871390283107758e-02 -9.556717276573181152e-01 -2.935011684894561768e-01 1.226836085319519043e+00 0.000000000000000000e+00 0.000000000000000000e+00 0.000000000000000000e+00 1.000000000000000000e+00
1.080954596400260925e-01 -2.895824015140533447e-01 9.510295987129211426e-01 -5.475466251373291016e-01 -9.938616752624511719e-01 -5.414460226893424988e-02 9.647707641124725342e-02 -1.937795639038085938e+00 2.355505526065826416e-02 -9.556205868721008301e-01 -2.936575114727020264e-01 1.226839184761047363e+00 0.000000000000000000e+00 0.000000000000000000e+00 0.000000000000000000e+00 1.000000000000000000e+00
1.095695868134498596e-01 -2.896512150764465332e-01 9.508400559425354004e-01 -5.508977770805358887e-01 -9.936971664428710938e-01 -5.471595749258995056e-02 9.784021228551864624e-02 -1.936062455177307129e+00 2.368659339845180511e-02 -9.555671811103820801e-01 -2.938206493854522705e-01 1.226842284202575684e+00 0.000000000000000000e+00 0.000000000000000000e+00 0.000000000000000000e+00 1.000000000000000000e+00
1.110319346189498901e-01 -2.897258102893829346e-01 9.506476521492004395e-01 -5.542488098144531250e-01 -9.935315251350402832e-01 -5.528976023197174072e-02 9.919007122516632080e-02 -1.934329390525817871e+00 2.382315881550312042e-02 -9.555115103721618652e-01 -2.939905524253845215e-01 1.226845383644104004e+00 0.000000000000000000e+00 0.000000000000000000e+00 0.000000000000000000e+00 1.000000000000000000e+00
1.124825477600097656e-01 -2.898058891296386719e-01 9.504526257514953613e-01 -5.576000213623046875e-01 -9.933649897575378418e-01 -5.586582422256469727e-02 1.005267351865768433e-01 -1.932596206665039062e+00 2.396458201110363007e-02 -9.554537534713745117e-01 -2.941667437553405762e-01 1.226848483085632324e+00 0.000000000000000000e+00 0.000000000000000000e+00 0.000000000000000000e+00 1.000000000000000000e+00
1.139221042394638062e-01 -2.898912429809570312e-01 9.502551555633544922e-01 -5.609374046325683594e-01 -9.931973218917846680e-01 -5.644420906901359558e-02 1.018509566783905029e-01 -1.930838823318481445e+00 2.411070093512535095e-02 -9.553939104080200195e-01 -2.943493425846099854e-01 1.226850032806396484e+00 0.000000000000000000e+00 0.000000000000000000e+00 0.000000000000000000e+00 1.000000000000000000e+00
1.153506413102149963e-01 -2.899818122386932373e-01 9.500552415847778320e-01 -5.641635656356811523e-01 -9.930288195610046387e-01 -5.702475458383560181e-02 1.031627580523490906e-01 -1.928882837295532227e+00 2.426134422421455383e-02 -9.553319215774536133e-01 -2.945380210876464844e-01 1.226839423179626465e+00 0.000000000000000000e+00 0.000000000000000000e+00 0.000000000000000000e+00 1.000000000000000000e+00
1.167681068181991577e-01 -2.900774478912353516e-01 9.498526453971862793e-01 -5.673897266387939453e-01 -9.928590655326843262e-01 -5.760730430483818054e-02 1.044621691107749939e-01 -1.926926851272583008e+00 2.441633492708206177e-02 -9.552679061889648438e-01 -2.947326302528381348e-01 1.226828813552856445e+00 0.000000000000000000e+00 0.000000000000000000e+00 0.000000000000000000e+00 1.000000000000000000e+00
1.181750744581222534e-01 -2.901780009269714355e-01 9.496480822563171387e-01 -5.706158876419067383e-01 -9.926888346672058105e-01 -5.819184333086013794e-02 1.057497262954711914e-01 -1.924970984458923340e+00 2.457552775740623474e-02 -9.552019834518432617e-01 -2.949331700801849365e-01 1.226818203926086426e+00 0.000000000000000000e+00 0.000000000000000000e+00 0.000000000000000000e+00 1.000000000000000000e+00
1.195716559886932373e-01 -2.902831435203552246e-01 9.494411349296569824e-01 -5.738420486450195312e-01 -9.925173521041870117e-01 -5.877826362848281860e-02 1.070257052779197693e-01 -1.923015236854553223e+00 2.473873458802700043e-02 -9.551340937614440918e-01 -2.951392233371734619e-01 1.226807594299316406e+00 0.000000000000000000e+00 0.000000000000000000e+00 0.000000000000000000e+00 1.000000000000000000e+00
1.209578663110733032e-01 -2.903928160667419434e-01 9.492319822311401367e-01 -5.770682096481323242e-01 -9.923453927040100098e-01 -5.936636030673980713e-02 1.082900315523147583e-01 -1.921059370040893555e+00 2.490580268204212189e-02 -9.550644159317016602e-01 -2.953507006168365479e-01 1.226796984672546387e+00 0.000000000000000000e+00 0.000000000000000000e+00 0.000000000000000000e+00 1.000000000000000000e+00
1.223343089222908020e-01 -2.905068397521972656e-01 9.490206241607666016e-01 -5.802943706512451172e-01 -9.921724200248718262e-01 -5.995619297027587891e-02 1.095434427261352539e-01 -1.919103384017944336e+00 2.507655322551727295e-02 -9.549927711486816406e-01 -2.955674529075622559e-01 1.226786375045776367e+00 0.000000000000000000e+00 0.000000000000000000e+00 0.000000000000000000e+00 1.000000000000000000e+00
1.237009242177009583e-01 -2.906251549720764160e-01 9.488072395324707031e-01 -5.835205316543579102e-01 -9.919984936714172363e-01 -6.054757162928581238e-02 1.107858568429946899e-01 -1.917147517204284668e+00 2.525082230567932129e-02 -9.549194574356079102e-01 -2.957893908023834229e-01 1.226775765419006348e+00 0.000000000000000000e+00 0.000000000000000000e+00 0.000000000000000000e+00 1.000000000000000000e+00
1.250578165054321289e-01 -2.907474040985107422e-01 9.485917687416076660e-01 -5.867466926574707031e-01 -9.918237924575805664e-01 -6.114033982157707214e-02 1.120174676179885864e-01 -1.915191650390625000e+00 2.542844228446483612e-02 -9.548445343971252441e-01 -2.960161566734313965e-01 1.226765155792236328e+00 0.000000000000000000e+00 0.000000000000000000e+00 0.000000000000000000e+00 1.000000000000000000e+00
1.264057010412216187e-01 -2.908736169338226318e-01 9.483745098114013672e-01 -5.899728536605834961e-01 -9.916482567787170410e-01 -6.173455715179443359e-02 1.132390052080154419e-01 -1.913235664367675781e+00 2.560924738645553589e-02 -9.547678232192993164e-01 -2.962478101253509521e-01 1.226754546165466309e+00 0.000000000000000000e+00 0.000000000000000000e+00 0.000000000000000000e+00 1.000000000000000000e+00
1.277442276477813721e-01 -2.910035550594329834e-01 9.481552243232727051e-01 -5.931990146636962891e-01 -9.914720058441162109e-01 -6.232994049787521362e-02 1.144501715898513794e-01 -1.911279916763305664e+00 2.579306066036224365e-02 -9.546895623207092285e-01 -2.964840531349182129e-01 1.226743936538696289e+00 0.000000000000000000e+00 0.000000000000000000e+00 0.000000000000000000e+00 1.000000000000000000e+00
1.290739774703979492e-01 -2.911369800567626953e-01 9.479341506958007812e-01 -5.964251756668090820e-01 -9.912949204444885254e-01 -6.292650103569030762e-02 1.156515777111053467e-01 -1.909324049949645996e+00 2.597973123192787170e-02 -9.546097517013549805e-01 -2.967246770858764648e-01 1.226733326911926270e+00 0.000000000000000000e+00 0.000000000000000000e+00 0.000000000000000000e+00 1.000000000000000000e+00
1.303950846195220947e-01 -2.912738323211669922e-01 9.477112889289855957e-01 -5.996512174606323242e-01 -9.911169409751892090e-01 -6.352409720420837402e-02 1.168434023857116699e-01 -1.907368063926696777e+00 2.616907656192779541e-02 -9.545284509658813477e-01 -2.969695627689361572e-01 1.226722717285156250e+00 0.000000000000000000e+00 0.000000000000000000e+00 0.000000000000000000e+00 1.000000000000000000e+00
1.317075490951538086e-01 -2.914138436317443848e-01 9.474867582321166992e-01 -6.028774976730346680e-01 -9.909383058547973633e-01 -6.412254273891448975e-02 1.180257126688957214e-01 -1.905412197113037109e+00 2.636093832552433014e-02 -9.544456005096435547e-01 -2.972185015678405762e-01 1.226712107658386230e+00 0.000000000000000000e+00 0.000000000000000000e+00 0.000000000000000000e+00 1.000000000000000000e+00
1.330119371414184570e-01 -2.915571331977844238e-01 9.472604393959045410e-01 -6.061035394668579102e-01 -9.907587170600891113e-01 -6.472188979387283325e-02 1.191990971565246582e-01 -1.903456330299377441e+00 2.655513957142829895e-02 -9.543614983558654785e-01 -2.974714934825897217e-01 1.226701498031616211e+00 0.000000000000000000e+00 0.000000000000000000e+00 0.000000000000000000e+00 1.000000000000000000e+00
1.343083083629608154e-01 -2.917032241821289062e-01 9.470325708389282227e-01 -6.093297004699707031e-01 -9.905786514282226562e-01 -6.532192230224609375e-02 1.203636378049850464e-01 -1.901500463485717773e+00 2.675152570009231567e-02 -9.542759060859680176e-01 -2.977281808853149414e-01 1.226691007614135742e+00 0.000000000000000000e+00 0.000000000000000000e+00 0.000000000000000000e+00 1.000000000000000000e+00
1.355968564748764038e-01 -2.918520867824554443e-01 9.468029141426086426e-01 -6.125559806823730469e-01 -9.903977513313293457e-01 -6.592255085706710815e-02 1.215196028351783752e-01 -1.899544477462768555e+00 2.694992348551750183e-02 -9.541890025138854980e-01 -2.979884147644042969e-01 1.226680397987365723e+00 0.000000000000000000e+00 0.000000000000000000e+00 0.000000000000000000e+00 1.000000000000000000e+00
1.368778347969055176e-01 -2.920036017894744873e-01 9.465719461441040039e-01 -6.156575679779052734e-01 -9.902160763740539551e-01 -6.652367115020751953e-02 1.226672902703285217e-01 -1.897398471832275391e+00 2.715015783905982971e-02 -9.541009664535522461e-01 -2.982521951198577881e-01 1.226657629013061523e+00 0.000000000000000000e+00 0.000000000000000000e+00 0.000000000000000000e+00 1.000000000000000000e+00
1.381513476371765137e-01 -2.921575009822845459e-01 9.463393092155456543e-01 -6.187427639961242676e-01 -9.900336861610412598e-01 -6.712514162063598633e-02 1.238068416714668274e-01 -1.895227074623107910e+00 2.735207043588161469e-02 -9.540117979049682617e-01 -2.985190451145172119e-01 1.226633310317993164e+00 0.000000000000000000e+00 0.000000000000000000e+00 0.000000000000000000e+00 1.000000000000000000e+00
1.394177675247192383e-01 -2.923138141632080078e-01 9.461053609848022461e-01 -6.218278408050537109e-01 -9.898504018783569336e-01 -6.772691011428833008e-02 1.249386891722679138e-01 -1.893055677413940430e+00 2.755548804998397827e-02 -9.539213776588439941e-01 -2.987892329692840576e-01 1.226608872413635254e+00 0.000000000000000000e+00 0.000000000000000000e+00 0.000000000000000000e+00 1.000000000000000000e+00
1.406773179769515991e-01 -2.924721539020538330e-01 9.458698034286499023e-01 -6.249130368232727051e-01 -9.896665215492248535e-01 -6.832882761955261230e-02 1.260630786418914795e-01 -1.890884280204772949e+00 2.776024304330348969e-02 -9.538299441337585449e-01 -2.990620732307434082e-01 1.226584553718566895e+00 0.000000000000000000e+00 0.000000000000000000e+00 0.000000000000000000e+00 1.000000000000000000e+00
1.419301629066467285e-01 -2.926325500011444092e-01 9.456331729888916016e-01 -6.279981136322021484e-01 -9.894818663597106934e-01 -6.893078982830047607e-02 1.271802335977554321e-01 -1.888712882995605469e+00 2.796616964042186737e-02 -9.537374377250671387e-01 -2.993378043174743652e-01 1.226560235023498535e+00 0.000000000000000000e+00 0.000000000000000000e+00 0.000000000000000000e+00 1.000000000000000000e+00
1.431763470172882080e-01 -2.927948534488677979e-01 9.453949928283691406e-01 -6.310832500457763672e-01 -9.892964363098144531e-01 -6.953265517950057983e-02 1.282902508974075317e-01 -1.886541485786437988e+00 2.817310579121112823e-02 -9.536439180374145508e-01 -2.996162474155426025e-01 1.226535797119140625e+00 0.000000000000000000e+00 0.000000000000000000e+00 0.000000000000000000e+00 1.000000000000000000e+00
1.444163918495178223e-01 -2.929587662220001221e-01 9.451555609703063965e-01 -6.341683864593505859e-01 -9.891101717948913574e-01 -7.013436406850814819e-02 1.293936818838119507e-01 -1.884370088577270508e+00 2.838087640702724457e-02 -9.535494446754455566e-01 -2.998969256877899170e-01 1.226511478424072266e+00 0.000000000000000000e+00 0.000000000000000000e+00 0.000000000000000000e+00 1.000000000000000000e+00
1.456504166126251221e-01 -2.931240797042846680e-01 9.449149370193481445e-01 -6.372535824775695801e-01 -9.889232516288757324e-01 -7.073576748371124268e-02 1.304907500743865967e-01 -1.882198691368103027e+00 2.858931571245193481e-02 -9.534543156623840332e-01 -3.001798093318939209e-01 1.226487159729003906e+00 0.000000000000000000e+00 0.000000000000000000e+00 0.000000000000000000e+00 1.000000000000000000e+00
1.468784064054489136e-01 -2.932910025119781494e-01 9.446730613708496094e-01 -6.403387188911437988e-01 -9.887355566024780273e-01 -7.133673876523971558e-02 1.315814107656478882e-01 -1.880027294158935547e+00 2.879825420677661896e-02 -9.533581137657165527e-01 -3.004649877548217773e-01 1.226462841033935547e+00 0.000000000000000000e+00 0.000000000000000000e+00 0.000000000000000000e+00 1.000000000000000000e+00
1.481009721755981445e-01 -2.934590280055999756e-01 9.444299340248107910e-01 -6.434238553047180176e-01 -9.885469675064086914e-01 -7.193721085786819458e-02 1.326663643121719360e-01 -1.877856016159057617e+00 2.900752983987331390e-02 -9.532612562179565430e-01 -3.007518947124481201e-01 1.226438403129577637e+00 0.000000000000000000e+00 0.000000000000000000e+00 0.000000000000000000e+00 1.000000000000000000e+00
1.493179798126220703e-01 -2.936280667781829834e-01 9.441857933998107910e-01 -6.465089917182922363e-01 -9.883577823638916016e-01 -7.253700494766235352e-02 1.337455213069915771e-01 -1.875684499740600586e+00 2.921697311103343964e-02 -9.531638026237487793e-01 -3.010405004024505615e-01 1.226414084434509277e+00 0.000000000000000000e+00 0.000000000000000000e+00 0.000000000000000000e+00 1.000000000000000000e+00
1.505296826362609863e-01 -2.937980294227600098e-01 9.439404606819152832e-01 -6.495941877365112305e-01 -9.881677031517028809e-01 -7.313599437475204468e-02 1.348191946744918823e-01 -1.873513102531433105e+00 2.942641079425811768e-02 -9.530656933784484863e-01 -3.013307750225067139e-01 1.226389765739440918e+00 0.000000000000000000e+00 0.000000000000000000e+00 0.000000000000000000e+00 1.000000000000000000e+00
1.517366170883178711e-01 -2.939688265323638916e-01 9.436940550804138184e-01 -6.526793241500854492e-01 -9.879766106605529785e-01 -7.373418658971786499e-02 1.358879953622817993e-01 -1.871341705322265625e+00 2.963567338883876801e-02 -9.529669284820556641e-01 -3.016225099563598633e-01 1.226365327835083008e+00 0.000000000000000000e+00 0.000000000000000000e+00 0.000000000000000000e+00 1.000000000000000000e+00
1.529386639595031738e-01 -2.941402196884155273e-01 9.434465169906616211e-01 -6.557644605636596680e-01 -9.877851605415344238e-01 -7.433133572340011597e-02 1.369517594575881958e-01 -1.869170308113098145e+00 2.984461374580860138e-02 -9.528675675392150879e-01 -3.019153773784637451e-01 1.226341009140014648e+00 0.000000000000000000e+00 0.000000000000000000e+00 0.000000000000000000e+00 1.000000000000000000e+00
1.541362106800079346e-01 -2.943120002746582031e-01 9.431980252265930176e-01 -6.588496565818786621e-01 -9.875926971435546875e-01 -7.492735236883163452e-02 1.380110085010528564e-01 -1.866998910903930664e+00 3.005304560065269470e-02 -9.527678489685058594e-01 -3.022092580795288086e-01 1.226316690444946289e+00 0.000000000000000000e+00 0.000000000000000000e+00 0.000000000000000000e+00 1.000000000000000000e+00
1.553294956684112549e-01 -2.944841980934143066e-01 9.429485201835632324e-01 -6.619347333908081055e-01 -9.873993396759033203e-01 -7.552219927310943604e-02 1.390660256147384644e-01 -1.864827513694763184e+00 3.026080504059791565e-02 -9.526677131652832031e-01 -3.025042414665222168e-01 1.226292371749877930e+00 0.000000000000000000e+00 0.000000000000000000e+00 0.000000000000000000e+00 1.000000000000000000e+00
1.565185636281967163e-01 -2.946565449237823486e-01 9.426980614662170410e-01 -6.649354100227355957e-01 -9.872052073478698730e-01 -7.611564546823501587e-02 1.401168555021286011e-01 -1.862544655799865723e+00 3.046772442758083344e-02 -9.525671601295471191e-01 -3.027998805046081543e-01 1.226260542869567871e+00 0.000000000000000000e+00 0.000000000000000000e+00 0.000000000000000000e+00 1.000000000000000000e+00
1.577036976814270020e-01 -2.948288321495056152e-01 9.424466490745544434e-01 -6.678641438484191895e-01 -9.870102405548095703e-01 -7.670761644840240479e-02 1.411639451980590820e-01 -1.860166668891906738e+00 3.067363426089286804e-02 -9.524663686752319336e-01 -3.030960261821746826e-01 1.226222515106201172e+00 0.000000000000000000e+00 0.000000000000000000e+00 0.000000000000000000e+00 1.000000000000000000e+00
1.588853150606155396e-01 -2.950010895729064941e-01 9.421941637992858887e-01 -6.707929968833923340e-01 -9.868143200874328613e-01 -7.729805260896682739e-02 1.422076374292373657e-01 -1.857788801193237305e+00 3.087837435305118561e-02 -9.523653388023376465e-01 -3.033927083015441895e-01 1.226184487342834473e+00 0.000000000000000000e+00 0.000000000000000000e+00 0.000000000000000000e+00 1.000000000000000000e+00
1.600631475448608398e-01 -2.951730489730834961e-01 9.419409036636352539e-01 -6.737217307090759277e-01 -9.866175651550292969e-01 -7.788668572902679443e-02 1.432478129863739014e-01 -1.855410814285278320e+00 3.108176775276660919e-02 -9.522640705108642578e-01 -3.036896288394927979e-01 1.226146340370178223e+00 0.000000000000000000e+00 0.000000000000000000e+00 0.000000000000000000e+00 1.000000000000000000e+00
1.612380445003509521e-01 -2.953444421291351318e-01 9.416867494583129883e-01 -6.766504645347595215e-01 -9.864199161529541016e-01 -7.847356796264648438e-02 1.442853212356567383e-01 -1.853032946586608887e+00 3.128365799784660339e-02 -9.521627426147460938e-01 -3.039864599704742432e-01 1.226108312606811523e+00 0.000000000000000000e+00 0.000000000000000000e+00 0.000000000000000000e+00 1.000000000000000000e+00
1.624097377061843872e-01 -2.955154478549957275e-01 9.414317607879638672e-01 -6.795792579650878906e-01 -9.862212538719177246e-01 -7.905849814414978027e-02 1.453199982643127441e-01 -1.850654959678649902e+00 3.148386999964714050e-02 -9.520612359046936035e-01 -3.042833805084228516e-01 1.226070284843444824e+00 0.000000000000000000e+00 0.000000000000000000e+00 0.000000000000000000e+00 1.000000000000000000e+00
1.635785102844238281e-01 -2.956856489181518555e-01 9.411759376525878906e-01 -6.825080513954162598e-01 -9.860217571258544922e-01 -7.964129000902175903e-02 1.463521271944046021e-01 -1.848277091979980469e+00 3.168223798274993896e-02 -9.519598484039306641e-01 -3.045799434185028076e-01 1.226032137870788574e+00 0.000000000000000000e+00 0.000000000000000000e+00 0.000000000000000000e+00 1.000000000000000000e+00
1.647449135780334473e-01 -2.958548665046691895e-01 9.409192800521850586e-01 -6.854367852210998535e-01 -9.858211278915405273e-01 -8.022193610668182373e-02 1.473823636770248413e-01 -1.845899105072021484e+00 3.187859058380126953e-02 -9.518584609031677246e-01 -3.048760592937469482e-01 1.225994110107421875e+00 0.000000000000000000e+00 0.000000000000000000e+00 0.000000000000000000e+00 1.000000000000000000e+00
1.659088581800460815e-01 -2.960230708122253418e-01 9.406617283821105957e-01 -6.883655786514282227e-01 -9.856196641921997070e-01 -8.080026507377624512e-02 1.484106034040451050e-01 -1.843521118164062500e+00 3.207276016473770142e-02 -9.517572522163391113e-01 -3.051714897155761719e-01 1.225956082344055176e+00 0.000000000000000000e+00 0.000000000000000000e+00 0.000000000000000000e+00 1.000000000000000000e+00
1.670704334974288940e-01 -2.961902916431427002e-01 9.404035210609436035e-01 -6.912943720817565918e-01 -9.854171276092529297e-01 -8.137612789869308472e-02 1.494370996952056885e-01 -1.841143250465393066e+00 3.226459026336669922e-02 -9.516562223434448242e-01 -3.054664433002471924e-01 1.225917935371398926e+00 0.000000000000000000e+00 0.000000000000000000e+00 0.000000000000000000e+00 1.000000000000000000e+00
1.682302653789520264e-01 -2.963560521602630615e-01 9.401444196701049805e-01 -6.942231655120849609e-01 -9.852136373519897461e-01 -8.194947987794876099e-02 1.504624187946319580e-01 -1.838765382766723633e+00 3.245390206575393677e-02 -9.515554308891296387e-01 -3.057602643966674805e-01 1.225879907608032227e+00 0.000000000000000000e+00 0.000000000000000000e+00 0.000000000000000000e+00 1.000000000000000000e+00
1.693883091211318970e-01 -2.965203523635864258e-01 9.398846626281738281e-01 -6.971518993377685547e-01 -9.850090146064758301e-01 -8.252012729644775391e-02 1.514866799116134644e-01 -1.836387395858764648e+00 3.264053165912628174e-02 -9.514548778533935547e-01 -3.060529828071594238e-01 1.225841879844665527e+00 0.000000000000000000e+00 0.000000000000000000e+00 0.000000000000000000e+00 1.000000000000000000e+00
1.705445945262908936e-01 -2.966831028461456299e-01 9.396243095397949219e-01 -7.000806331634521484e-01 -9.848033785820007324e-01 -8.308792859315872192e-02 1.525099277496337891e-01 -1.834009528160095215e+00 3.282431513071060181e-02 -9.513547420501708984e-01 -3.063445687294006348e-01 1.225803732872009277e+00 0.000000000000000000e+00 0.000000000000000000e+00 0.000000000000000000e+00 1.000000000000000000e+00
1.716998368501663208e-01 -2.968440055847167969e-01 9.393630027770996094e-01 -7.030094265937805176e-01 -9.845966100692749023e-01 -8.365283906459808350e-02 1.535328924655914307e-01 -1.831631660461425781e+00 3.300507739186286926e-02 -9.512549638748168945e-01 -3.066346943378448486e-01 1.225765705108642578e+00 0.000000000000000000e+00 0.000000000000000000e+00 0.000000000000000000e+00 1.000000000000000000e+00
1.728538721799850464e-01 -2.970031499862670898e-01 9.391009211540222168e-01 -7.059382200241088867e-01 -9.843886494636535645e-01 -8.421471714973449707e-02 1.545555293560028076e-01 -1.829253673553466797e+00 3.318266198039054871e-02 -9.511556029319763184e-01 -3.069232106208801270e-01 1.225727677345275879e+00 0.000000000000000000e+00 0.000000000000000000e+00 0.000000000000000000e+00 1.000000000000000000e+00
1.740069985389709473e-01 -2.971602082252502441e-01 9.388383626937866211e-01 -7.088669538497924805e-01 -9.841795563697814941e-01 -8.477339893579483032e-02 1.555781662464141846e-01 -1.826875805854797363e+00 3.335688635706901550e-02 -9.510571360588073730e-01 -3.072100281715393066e-01 1.225689530372619629e+00 0.000000000000000000e+00 0.000000000000000000e+00 0.000000000000000000e+00 1.000000000000000000e+00
1.751594990491867065e-01 -2.973150908946990967e-01 9.385749101638793945e-01 -7.117753028869628906e-01 -9.839692711830139160e-01 -8.532880991697311401e-02 1.566011756658554077e-01 -1.824474334716796875e+00 3.352759405970573425e-02 -9.509589672088623047e-01 -3.074949681758880615e-01 1.225649833679199219e+00 0.000000000000000000e+00 0.000000000000000000e+00 0.000000000000000000e+00 1.000000000000000000e+00
1.763114482164382935e-01 -2.974674999713897705e-01 9.383109211921691895e-01 -7.145332098007202148e-01 -9.837577939033508301e-01 -8.588071912527084351e-02 1.576246768236160278e-01 -1.821900486946105957e+00 3.369460999965667725e-02 -9.508615732192993164e-01 -3.077776432037353516e-01 1.225598216056823730e+00 0.000000000000000000e+00 0.000000000000000000e+00 0.000000000000000000e+00 1.000000000000000000e+00
1.774632334709167480e-01 -2.976175546646118164e-01 9.380461573600769043e-01 -7.172910571098327637e-01 -9.835451245307922363e-01 -8.642914891242980957e-02 1.586491167545318604e-01 -1.819326639175415039e+00 3.385778144001960754e-02 -9.507650136947631836e-01 -3.080582022666931152e-01 1.225546598434448242e+00 0.000000000000000000e+00 0.000000000000000000e+00 0.000000000000000000e+00 1.000000000000000000e+00
1.786150485277175903e-01 -2.977650165557861328e-01 9.377807974815368652e-01 -7.200490832328796387e-01 -9.833311438560485840e-01 -8.697392046451568604e-02 1.596747040748596191e-01 -1.816752791404724121e+00 3.401692584156990051e-02 -9.506691694259643555e-01 -3.083363771438598633e-01 1.225494980812072754e+00 0.000000000000000000e+00 0.000000000000000000e+00 0.000000000000000000e+00 1.000000000000000000e+00
1.797668486833572388e-01 -2.979097366333007812e-01 9.375146627426147461e-01 -7.228069901466369629e-01 -9.831157922744750977e-01 -8.751481026411056519e-02 1.607015281915664673e-01 -1.814178943634033203e+00 3.417187929153442383e-02 -9.505742192268371582e-01 -3.086118996143341064e-01 1.225443243980407715e+00 0.000000000000000000e+00 0.000000000000000000e+00 0.000000000000000000e+00 1.000000000000000000e+00
1.809191256761550903e-01 -2.980515062808990479e-01 9.372478127479553223e-01 -7.255648970603942871e-01 -9.828991889953613281e-01 -8.805181086063385010e-02 1.617300808429718018e-01 -1.811604976654052734e+00 3.432247787714004517e-02 -9.504800438880920410e-01 -3.088847398757934570e-01 1.225391626358032227e+00 0.000000000000000000e+00 0.000000000000000000e+00 0.000000000000000000e+00 1.000000000000000000e+00
1.820721179246902466e-01 -2.981902658939361572e-01 9.369803071022033691e-01 -7.283228039741516113e-01 -9.826810956001281738e-01 -8.858478069305419922e-02 1.627607047557830811e-01 -1.809031248092651367e+00 3.446855023503303528e-02 -9.503871202468872070e-01 -3.091546297073364258e-01 1.225340008735656738e+00 0.000000000000000000e+00 0.000000000000000000e+00 0.000000000000000000e+00 1.000000000000000000e+00
1.832256615161895752e-01 -2.983258962631225586e-01 9.367123842239379883e-01 -7.310807704925537109e-01 -9.824616909027099609e-01 -8.911351114511489868e-02 1.637933403253555298e-01 -1.806457281112670898e+00 3.460993245244026184e-02 -9.502950310707092285e-01 -3.094215393066406250e-01 1.225288391113281250e+00 0.000000000000000000e+00 0.000000000000000000e+00 0.000000000000000000e+00 1.000000000000000000e+00
1.843805015087127686e-01 -2.984581887722015381e-01 9.364435672760009766e-01 -7.338387370109558105e-01 -9.822407960891723633e-01 -8.963799476623535156e-02 1.648286879062652588e-01 -1.803883314132690430e+00 3.474645316600799561e-02 -9.502041339874267578e-01 -3.096852600574493408e-01 1.225236654281616211e+00 0.000000000000000000e+00 0.000000000000000000e+00 0.000000000000000000e+00 1.000000000000000000e+00
1.855365037918090820e-01 -2.985869348049163818e-01 9.361740946769714355e-01 -7.365966439247131348e-01 -9.820184707641601562e-01 -9.015800803899765015e-02 1.658667623996734619e-01 -1.801309466361999512e+00 3.487794473767280579e-02 -9.501145482063293457e-01 -3.099453449249267578e-01 1.225185036659240723e+00 0.000000000000000000e+00 0.000000000000000000e+00 0.000000000000000000e+00 1.000000000000000000e+00
1.866939216852188110e-01 -2.987121045589447021e-01 9.359040856361389160e-01 -7.393545508384704590e-01 -9.817945957183837891e-01 -9.067343920469284058e-02 1.669078469276428223e-01 -1.798735618591308594e+00 3.500425070524215698e-02 -9.500261545181274414e-01 -3.102020323276519775e-01 1.225133419036865234e+00 0.000000000000000000e+00 0.000000000000000000e+00 0.000000000000000000e+00 1.000000000000000000e+00
1.878530830144882202e-01 -2.988336682319641113e-01 9.356331825256347656e-01 -7.421123981475830078e-01 -9.815691113471984863e-01 -9.118421375751495361e-02 1.679522991180419922e-01 -1.796161770820617676e+00 3.512518480420112610e-02 -9.499390125274658203e-01 -3.104550242424011230e-01 1.225081801414489746e+00 0.000000000000000000e+00 0.000000000000000000e+00 0.000000000000000000e+00 1.000000000000000000e+00
1.890141069889068604e-01 -2.989512085914611816e-01 9.353618621826171875e-01 -7.448703646659851074e-01 -9.813421368598937988e-01 -9.169014543294906616e-02 1.690003871917724609e-01 -1.793587923049926758e+00 3.524059429764747620e-02 -9.498533010482788086e-01 -3.107039928436279297e-01 1.225030183792114258e+00 0.000000000000000000e+00 0.000000000000000000e+00 0.000000000000000000e+00 1.000000000000000000e+00
1.901771426200866699e-01 -2.990648746490478516e-01 9.350897669792175293e-01 -7.476282715797424316e-01 -9.811134338378906250e-01 -9.219108521938323975e-02 1.700522452592849731e-01 -1.791013956069946289e+00 3.535030409693717957e-02 -9.497690200805664062e-01 -3.109490871429443359e-01 1.224978446960449219e+00 0.000000000000000000e+00 0.000000000000000000e+00 0.000000000000000000e+00 1.000000000000000000e+00
1.913425773382186890e-01 -2.991743087768554688e-01 9.348169565200805664e-01 -7.503862380981445312e-01 -9.808829426765441895e-01 -9.268700331449508667e-02 1.711084246635437012e-01 -1.788439989089965820e+00 3.545415028929710388e-02 -9.496862888336181641e-01 -3.111898899078369141e-01 1.224926829338073730e+00 0.000000000000000000e+00 0.000000000000000000e+00 0.000000000000000000e+00 1.000000000000000000e+00
1.925103813409805298e-01 -2.992794811725616455e-01 9.345435500144958496e-01 -7.531442046165466309e-01 -9.806509613990783691e-01 -9.317763894796371460e-02 1.721688210964202881e-01 -1.785866260528564453e+00 3.555196523666381836e-02 -9.496051073074340820e-01 -3.114263117313385010e-01 1.224875211715698242e+00 0.000000000000000000e+00 0.000000000000000000e+00 0.000000000000000000e+00 1.000000000000000000e+00
1.936810910701751709e-01 -2.993803322315216064e-01 9.342691898345947266e-01 -7.559021115303039551e-01 -9.804171323776245117e-01 -9.366299957036972046e-02 1.732341051101684570e-01 -1.783292293548583984e+00 3.564358502626419067e-02 -9.495255947113037109e-01 -3.116582036018371582e-01 1.224823594093322754e+00 0.000000000000000000e+00 0.000000000000000000e+00 0.000000000000000000e+00 1.000000000000000000e+00
1.948547363281250000e-01 -2.994765043258666992e-01 9.339942932128906250e-01 -7.585385441780090332e-01 -9.801813960075378418e-01 -9.414286911487579346e-02 1.743043661117553711e-01 -1.780597209930419922e+00 3.572883084416389465e-02 -9.494478702545166016e-01 -3.118853271007537842e-01 1.224763035774230957e+00 0.000000000000000000e+00 0.000000000000000000e+00 0.000000000000000000e+00 1.000000000000000000e+00
1.960315108299255371e-01 -2.995680272579193115e-01 9.337188005447387695e-01 -7.611122727394104004e-01 -9.799439311027526855e-01 -9.461710602045059204e-02 1.753799170255661011e-01 -1.777839422225952148e+00 3.580754995346069336e-02 -9.493718147277832031e-01 -3.121076822280883789e-01 1.224698066711425781e+00 0.000000000000000000e+00 0.000000000000000000e+00 0.000000000000000000e+00 1.000000000000000000e+00
1.972115337848663330e-01 -2.996547520160675049e-01 9.334423542022705078e-01 -7.636860013008117676e-01 -9.797044396400451660e-01 -9.508558362722396851e-02 1.764609068632125854e-01 -1.775081634521484375e+00 3.587956354022026062e-02 -9.492976665496826172e-01 -3.123249411582946777e-01 1.224633097648620605e+00 0.000000000000000000e+00 0.000000000000000000e+00 0.000000000000000000e+00 1.000000000000000000e+00
1.983952820301055908e-01 -2.997364103794097900e-01 9.331652522087097168e-01 -7.662597894668579102e-01 -9.794629812240600586e-01 -9.554818272590637207e-02 1.775478422641754150e-01 -1.772323846817016602e+00 3.594470396637916565e-02 -9.492253661155700684e-01 -3.125369846820831299e-01 1.224568128585815430e+00 0.000000000000000000e+00 0.000000000000000000e+00 0.000000000000000000e+00 1.000000000000000000e+00
1.995827555656433105e-01 -2.998130023479461670e-01 9.328873753547668457e-01 -7.688335180282592773e-01 -9.792196750640869141e-01 -9.600479155778884888e-02 1.786408275365829468e-01 -1.769566059112548828e+00 3.600281849503517151e-02 -9.491550922393798828e-01 -3.127436041831970215e-01 1.224503159523010254e+00 0.000000000000000000e+00 0.000000000000000000e+00 0.000000000000000000e+00 1.000000000000000000e+00
2.007741928100585938e-01 -2.998845875263214111e-01 9.326087832450866699e-01 -7.714072465896606445e-01 -9.789741635322570801e-01 -9.645526111125946045e-02 1.797401309013366699e-01 -1.766808271408081055e+00 3.605371713638305664e-02 -9.490868449211120605e-01 -3.129448592662811279e-01 1.224438071250915527e+00 0.000000000000000000e+00 0.000000000000000000e+00 0.000000000000000000e+00 1.000000000000000000e+00
2.019699364900588989e-01 -2.999506592750549316e-01 9.323292970657348633e-01 -7.739809751510620117e-01 -9.787265062332153320e-01 -9.689944982528686523e-02 1.808461993932723999e-01 -1.764050483703613281e+00 3.609725460410118103e-02 -9.490207433700561523e-01 -3.131403326988220215e-01 1.224373102188110352e+00 0.000000000000000000e+00 0.000000000000000000e+00 0.000000000000000000e+00 1.000000000000000000e+00
2.031699568033218384e-01 -3.000113070011138916e-01 9.320489168167114258e-01 -7.765547037124633789e-01 -9.784768223762512207e-01 -9.733718633651733398e-02 1.819590628147125244e-01 -1.761292815208435059e+00 3.613324463367462158e-02 -9.489567875862121582e-01 -3.133300244808197021e-01 1.224308133125305176e+00 0.000000000000000000e+00 0.000000000000000000e+00 0.000000000000000000e+00 1.000000000000000000e+00
2.043747603893280029e-01 -3.000662028789520264e-01 9.317678809165954590e-01 -7.791284918785095215e-01 -9.782248735427856445e-01 -9.776837378740310669e-02 1.830792874097824097e-01 -1.758534908294677734e+00 3.616152703762054443e-02 -9.488950371742248535e-01 -3.135134875774383545e-01 1.224243164062500000e+00 0.000000000000000000e+00 0.000000000000000000e+00 0.000000000000000000e+00 1.000000000000000000e+00
2.055843323469161987e-01 -3.001154363155364990e-01 9.314858913421630859e-01 -7.817022204399108887e-01 -9.779706001281738281e-01 -9.819287806749343872e-02 1.842069178819656372e-01 -1.755777239799499512e+00 3.618194162845611572e-02 -9.488357305526733398e-01 -3.136908411979675293e-01 1.224178075790405273e+00 0.000000000000000000e+00 0.000000000000000000e+00 0.000000000000000000e+00 1.000000000000000000e+00
2.067988663911819458e-01 -3.001589477062225342e-01 9.312028884887695312e-01 -7.842759490013122559e-01 -9.777140617370605469e-01 -9.861055761575698853e-02 1.853422224521636963e-01 -1.753019571304321289e+00 3.619430586695671082e-02 -9.487785696983337402e-01 -3.138620555400848389e-01 1.224113106727600098e+00 0.000000000000000000e+00 0.000000000000000000e+00 0.000000000000000000e+00 1.000000000000000000e+00
2.080187201499938965e-01 -3.001963198184967041e-01 9.309191703796386719e-01 -7.868496775627136230e-01 -9.774549007415771484e-01 -9.902125597000122070e-02 1.864856779575347900e-01 -1.750261783599853516e+00 3.619846701622009277e-02 -9.487239718437194824e-01 -3.140265643596649170e-01 1.224048137664794922e+00 0.000000000000000000e+00 0.000000000000000000e+00 0.000000000000000000e+00 1.000000000000000000e+00
2.092440724372863770e-01 -3.002323508262634277e-01 9.306328892707824707e-01 -7.894234061241149902e-01 -9.771942496299743652e-01 -9.941148012876510620e-02 1.876416206359863281e-01 -1.747503995895385742e+00 3.617949783802032471e-02 -9.486718177795410156e-01 -3.141864836215972900e-01 1.223983168601989746e+00 0.000000000000000000e+00 0.000000000000000000e+00 0.000000000000000000e+00 1.000000000000000000e+00
2.104746997356414795e-01 -3.002716302871704102e-01 9.303426742553710938e-01 -7.919971942901611328e-01 -9.769319891929626465e-01 -9.976812452077865601e-02 1.888141334056854248e-01 -1.744746208190917969e+00 3.612300008535385132e-02 -9.486219286918640137e-01 -3.143435120582580566e-01 1.223918199539184570e+00 0.000000000000000000e+00 0.000000000000000000e+00 0.000000000000000000e+00 1.000000000000000000e+00
2.117103040218353271e-01 -3.003142774105072021e-01 9.300484657287597656e-01 -7.945709228515625000e-01 -9.766683578491210938e-01 -1.000917106866836548e-01 1.900026798248291016e-01 -1.741988420486450195e+00 3.602961823344230652e-02 -9.485743045806884766e-01 -3.144977986812591553e-01 1.223853111267089844e+00 0.000000000000000000e+00 0.000000000000000000e+00 0.000000000000000000e+00 1.000000000000000000e+00
2.129504978656768799e-01 -3.003604412078857422e-01 9.297503829002380371e-01 -7.971445918083190918e-01 -9.764034748077392578e-01 -1.003827750682830811e-01 1.912067085504531860e-01 -1.739230632781982422e+00 3.589998930692672729e-02 -9.485289454460144043e-01 -3.146494328975677490e-01 1.223788142204284668e+00 0.000000000000000000e+00 0.000000000000000000e+00 0.000000000000000000e+00 1.000000000000000000e+00
2.141949534416198730e-01 -3.004101514816284180e-01 9.294483661651611328e-01 -7.996795177459716797e-01 -9.761372804641723633e-01 -1.006418317556381226e-01 1.924257129430770874e-01 -1.736438989639282227e+00 3.573475405573844910e-02 -9.484857916831970215e-01 -3.147984445095062256e-01 1.223720550537109375e+00 0.000000000000000000e+00 0.000000000000000000e+00 0.000000000000000000e+00 1.000000000000000000e+00
2.154431492090225220e-01 -3.004633188247680664e-01 9.291426539421081543e-01 -8.020570874214172363e-01 -9.758699536323547363e-01 -1.008693203330039978e-01 1.936590224504470825e-01 -1.733510732650756836e+00 3.553454950451850891e-02 -9.484447240829467773e-01 -3.149445950984954834e-01 1.223642587661743164e+00 0.000000000000000000e+00 0.000000000000000000e+00 0.000000000000000000e+00 1.000000000000000000e+00
2.166949957609176636e-01 -3.005199432373046875e-01 9.288331866264343262e-01 -8.044345378875732422e-01 -9.756011962890625000e-01 -1.010657995939254761e-01 1.949063986539840698e-01 -1.730582475662231445e+00 3.530000895261764526e-02 -9.484059214591979980e-01 -3.150879740715026855e-01 1.223564505577087402e+00 0.000000000000000000e+00 0.000000000000000000e+00 0.000000000000000000e+00 1.000000000000000000e+00
2.179497927427291870e-01 -3.005805909633636475e-01 9.285199642181396484e-01 -8.068120479583740234e-01 -9.753313064575195312e-01 -1.012317836284637451e-01 1.961668729782104492e-01 -1.727654218673706055e+00 3.503178432583808899e-02 -9.483689069747924805e-01 -3.152290284633636475e-01 1.223486542701721191e+00 0.000000000000000000e+00 0.000000000000000000e+00 0.000000000000000000e+00 1.000000000000000000e+00
2.192074060440063477e-01 -3.006448447704315186e-01 9.282029867172241211e-01 -8.091896772384643555e-01 -9.750602245330810547e-01 -1.013677716255187988e-01 1.974402368068695068e-01 -1.724725961685180664e+00 3.473048657178878784e-02 -9.483340382575988770e-01 -3.153673112392425537e-01 1.223408460617065430e+00 0.000000000000000000e+00 0.000000000000000000e+00 0.000000000000000000e+00 1.000000000000000000e+00
2.204674482345581055e-01 -3.007129430770874023e-01 9.278824925422668457e-01 -8.115671873092651367e-01 -9.747878909111022949e-01 -1.014742851257324219e-01 1.987258791923522949e-01 -1.721797704696655273e+00 3.439677506685256958e-02 -9.483010768890380859e-01 -3.155029714107513428e-01 1.223330497741699219e+00 0.000000000000000000e+00 0.000000000000000000e+00 0.000000000000000000e+00 1.000000000000000000e+00
2.217294573783874512e-01 -3.007846474647521973e-01 9.275585412979125977e-01 -8.139448165893554688e-01 -9.745144844055175781e-01 -1.015517637133598328e-01 2.000232338905334473e-01 -1.718869447708129883e+00 3.403127938508987427e-02 -9.482700824737548828e-01 -3.156359195709228516e-01 1.223252534866333008e+00 0.000000000000000000e+00 0.000000000000000000e+00 0.000000000000000000e+00 1.000000000000000000e+00
2.229930758476257324e-01 -3.008604943752288818e-01 9.272308945655822754e-01 -8.163223266601562500e-01 -9.742398858070373535e-01 -1.016007810831069946e-01 2.013317048549652100e-01 -1.715941071510314941e+00 3.363464027643203735e-02 -9.482408165931701660e-01 -3.157664239406585693e-01 1.223174452781677246e+00 0.000000000000000000e+00 0.000000000000000000e+00 0.000000000000000000e+00 1.000000000000000000e+00
2.242579162120819092e-01 -3.009400963783264160e-01 9.268999695777893066e-01 -8.186998367309570312e-01 -9.739641547203063965e-01 -1.016217991709709167e-01 2.026507854461669922e-01 -1.713012933731079102e+00 3.320749476552009583e-02 -9.482132792472839355e-01 -3.158942759037017822e-01 1.223096489906311035e+00 0.000000000000000000e+00 0.000000000000000000e+00 0.000000000000000000e+00 1.000000000000000000e+00
2.255236655473709106e-01 -3.010239303112030029e-01 9.265654683113098145e-01 -8.210774660110473633e-01 -9.736872911453247070e-01 -1.016153842210769653e-01 2.039799094200134277e-01 -1.710084438323974609e+00 3.275047615170478821e-02 -9.481872916221618652e-01 -3.160197138786315918e-01 1.223018407821655273e+00 0.000000000000000000e+00 0.000000000000000000e+00 0.000000000000000000e+00 1.000000000000000000e+00
2.267899364233016968e-01 -3.011114895343780518e-01 9.262279868125915527e-01 -8.234549760818481445e-01 -9.734094738960266113e-01 -1.015819311141967773e-01 2.053186446428298950e-01 -1.707156181335449219e+00 3.226422518491744995e-02 -9.481630921363830566e-01 -3.161424100399017334e-01 1.222940444946289062e+00 0.000000000000000000e+00 0.000000000000000000e+00 0.000000000000000000e+00 1.000000000000000000e+00
2.280564904212951660e-01 -3.012033700942993164e-01 9.258870482444763184e-01 -8.258325457572937012e-01 -9.731304049491882324e-01 -1.015221029520034790e-01 2.066664546728134155e-01 -1.704227924346923828e+00 3.174937516450881958e-02 -9.481403231620788574e-01 -3.162628114223480225e-01 1.222862362861633301e+00 0.000000000000000000e+00 0.000000000000000000e+00 0.000000000000000000e+00 1.000000000000000000e+00
2.293225973844528198e-01 -3.012992143630981445e-01 9.255430698394775391e-01 -8.282100558280944824e-01 -9.728503823280334473e-01 -1.014362126588821411e-01 2.080225199460983276e-01 -1.701299667358398438e+00 3.120656497776508331e-02 -9.481191039085388184e-01 -3.163805902004241943e-01 1.222784399986267090e+00 0.000000000000000000e+00 0.000000000000000000e+00 0.000000000000000000e+00 1.000000000000000000e+00
2.305882424116134644e-01 -3.013992905616760254e-01 9.251959919929504395e-01 -8.305876255035400391e-01 -9.725692868232727051e-01 -1.013249307870864868e-01 2.093866467475891113e-01 -1.698371410369873047e+00 3.063643723726272583e-02 -9.480991363525390625e-01 -3.164959251880645752e-01 1.222706317901611328e+00 0.000000000000000000e+00 0.000000000000000000e+00 0.000000000000000000e+00 1.000000000000000000e+00
2.318529933691024780e-01 -3.015033006668090820e-01 9.248459935188293457e-01 -8.329651951789855957e-01 -9.722871780395507812e-01 -1.011886522173881531e-01 2.107581943273544312e-01 -1.695443153381347656e+00 3.003962151706218719e-02 -9.480806589126586914e-01 -3.166085779666900635e-01 1.222628355026245117e+00 0.000000000000000000e+00 0.000000000000000000e+00 0.000000000000000000e+00 1.000000000000000000e+00
2.331163138151168823e-01 -3.016116023063659668e-01 9.244929552078247070e-01 -8.353427052497863770e-01 -9.720040559768676758e-01 -1.010278984904289246e-01 2.121364772319793701e-01 -1.692514896392822266e+00 2.941675856709480286e-02 -9.480633139610290527e-01 -3.167188167572021484e-01 1.222550272941589355e+00 0.000000000000000000e+00 0.000000000000000000e+00 0.000000000000000000e+00 1.000000000000000000e+00
2.343779802322387695e-01 -3.017240762710571289e-01 9.241371750831604004e-01 -8.377202749252319336e-01 -9.717200398445129395e-01 -1.008432060480117798e-01 2.135211229324340820e-01 -1.689586520195007324e+00 2.876848727464675903e-02 -9.480472207069396973e-01 -3.168266117572784424e-01 1.222472310066223145e+00 0.000000000000000000e+00 0.000000000000000000e+00 0.000000000000000000e+00 1.000000000000000000e+00
2.356375157833099365e-01 -3.018408119678497314e-01 9.237786531448364258e-01 -8.399376273155212402e-01 -9.714350700378417969e-01 -1.006350368261337280e-01 2.149114906787872314e-01 -1.686537265777587891e+00 2.809544466435909271e-02 -9.480320811271667480e-01 -3.169320225715637207e-01 1.222384452819824219e+00 0.000000000000000000e+00 0.000000000000000000e+00 0.000000000000000000e+00 1.000000000000000000e+00
2.368946671485900879e-01 -3.019617199897766113e-01 9.234176278114318848e-01 -8.421084284782409668e-01 -9.711492657661437988e-01 -1.004039123654365540e-01 2.163071334362030029e-01 -1.683452963829040527e+00 2.739826589822769165e-02 -9.480181336402893066e-01 -3.170349299907684326e-01 1.222293853759765625e+00 0.000000000000000000e+00 0.000000000000000000e+00 0.000000000000000000e+00 1.000000000000000000e+00
2.381488680839538574e-01 -3.020869791507720947e-01 9.230539798736572266e-01 -8.442792892456054688e-01 -9.708625078201293945e-01 -1.001502946019172668e-01 2.177073061466217041e-01 -1.680368661880493164e+00 2.667758800089359283e-02 -9.480050802230834961e-01 -3.171355128288269043e-01 1.222203254699707031e+00 0.000000000000000000e+00 0.000000000000000000e+00 0.000000000000000000e+00 1.000000000000000000e+00
2.393999099731445312e-01 -3.022164702415466309e-01 9.226878881454467773e-01 -8.464500904083251953e-01 -9.705747365951538086e-01 -9.987471997737884521e-02 2.191116511821746826e-01 -1.677284479141235352e+00 2.593405172228813171e-02 -9.479929208755493164e-01 -3.172335922718048096e-01 1.222112655639648438e+00 0.000000000000000000e+00 0.000000000000000000e+00 0.000000000000000000e+00 1.000000000000000000e+00
2.406473308801651001e-01 -3.023500442504882812e-01 9.223195314407348633e-01 -8.486208915710449219e-01 -9.702864885330200195e-01 -9.957760572433471680e-02 2.205194830894470215e-01 -1.674200057983398438e+00 2.516829222440719604e-02 -9.479814767837524414e-01 -3.173291981220245361e-01 1.222022056579589844e+00 0.000000000000000000e+00 0.000000000000000000e+00 0.000000000000000000e+00 1.000000000000000000e+00
2.418908774852752686e-01 -3.024878501892089844e-01 9.219490885734558105e-01 -8.507916927337646484e-01 -9.699973464012145996e-01 -9.925954043865203857e-02 2.219304889440536499e-01 -1.671115636825561523e+00 2.438095211982727051e-02 -9.479709267616271973e-01 -3.174222707748413086e-01 1.221931457519531250e+00 0.000000000000000000e+00 0.000000000000000000e+00 0.000000000000000000e+00 1.000000000000000000e+00
2.431301027536392212e-01 -3.026300370693206787e-01 9.215762615203857422e-01 -8.529624938964843750e-01 -9.697074890136718750e-01 -9.892100840806961060e-02 2.233439832925796509e-01 -1.668031454086303711e+00 2.357266470789909363e-02 -9.479609131813049316e-01 -3.175131678581237793e-01 1.221840739250183105e+00 0.000000000000000000e+00 0.000000000000000000e+00 0.000000000000000000e+00 1.000000000000000000e+00
2.443646788597106934e-01 -3.027764558792114258e-01 9.212015271186828613e-01 -8.551332950592041016e-01 -9.694169163703918457e-01 -9.856248646974563599e-02 2.247594147920608521e-01 -1.664947152137756348e+00 2.274406701326370239e-02 -9.479516148567199707e-01 -3.176016211509704590e-01 1.221750140190124512e+00 0.000000000000000000e+00 0.000000000000000000e+00 0.000000000000000000e+00 1.000000000000000000e+00
2.455941140651702881e-01 -3.029270470142364502e-01 9.208251237869262695e-01 -8.573041558265686035e-01 -9.691257476806640625e-01 -9.818444401025772095e-02 2.261762320995330811e-01 -1.661862850189208984e+00 2.189579978585243225e-02 -9.479427337646484375e-01 -3.176877796649932861e-01 1.221659541130065918e+00 0.000000000000000000e+00 0.000000000000000000e+00 0.000000000000000000e+00 1.000000000000000000e+00
2.468181550502777100e-01 -3.030818700790405273e-01 9.204467535018920898e-01 -8.594750165939331055e-01 -9.688338637351989746e-01 -9.778739511966705322e-02 2.275939434766769409e-01 -1.658778429031372070e+00 2.102850377559661865e-02 -9.479342103004455566e-01 -3.177715539932250977e-01 1.221568942070007324e+00 0.000000000000000000e+00 0.000000000000000000e+00 0.000000000000000000e+00 1.000000000000000000e+00
2.480364441871643066e-01 -3.032406866550445557e-01 9.200668334960937500e-01 -8.616457581520080566e-01 -9.685415625572204590e-01 -9.737180918455123901e-02 2.290120124816894531e-01 -1.655694127082824707e+00 2.014280855655670166e-02 -9.479261636734008789e-01 -3.178528547286987305e-01 1.221478343009948730e+00 0.000000000000000000e+00 0.000000000000000000e+00 0.000000000000000000e+00 1.000000000000000000e+00
2.492485046386718750e-01 -3.034039437770843506e-01 9.196853637695312500e-01 -8.638164997100830078e-01 -9.682486653327941895e-01 -9.693825244903564453e-02 2.304298430681228638e-01 -1.652609825134277344e+00 1.923936046659946442e-02 -9.479184150695800781e-01 -3.179320394992828369e-01 1.221387624740600586e+00 0.000000000000000000e+00 0.000000000000000000e+00 0.000000000000000000e+00 1.000000000000000000e+00
2.504540979862213135e-01 -3.035711050033569336e-01 9.193025827407836914e-01 -8.659874200820922852e-01 -9.679554104804992676e-01 -9.648711234331130981e-02 2.318470031023025513e-01 -1.649525523185729980e+00 1.831879653036594391e-02 -9.479109048843383789e-01 -3.180087208747863770e-01 1.221297025680541992e+00 0.000000000000000000e+00 0.000000000000000000e+00 0.000000000000000000e+00 1.000000000000000000e+00
2.516528367996215820e-01 -3.037424087524414062e-01 9.189185500144958496e-01 -8.681582212448120117e-01 -9.676617980003356934e-01 -9.601896256208419800e-02 2.332629412412643433e-01 -1.646441221237182617e+00 1.738175190985202789e-02 -9.479035735130310059e-01 -3.180832266807556152e-01 1.221206426620483398e+00 0.000000000000000000e+00 0.000000000000000000e+00 0.000000000000000000e+00 1.000000000000000000e+00
2.528440654277801514e-01 -3.039176166057586670e-01 9.185336232185363770e-01 -8.703289628028869629e-01 -9.673678874969482422e-01 -9.553413093090057373e-02 2.346768826246261597e-01 -1.643356919288635254e+00 1.642887108027935028e-02 -9.478963613510131836e-01 -3.181552588939666748e-01 1.221115827560424805e+00 0.000000000000000000e+00 0.000000000000000000e+00 0.000000000000000000e+00 1.000000000000000000e+00
2.540278732776641846e-01 -3.040969967842102051e-01 9.181475043296813965e-01 -8.724998235702514648e-01 -9.670735597610473633e-01 -9.503333270549774170e-02 2.360885888338088989e-01 -1.640272617340087891e+00 1.546079292893409729e-02 -9.478892087936401367e-01 -3.182251155376434326e-01 1.221025228500366211e+00 0.000000000000000000e+00 0.000000000000000000e+00 0.000000000000000000e+00 1.000000000000000000e+00
2.552037537097930908e-01 -3.042803406715393066e-01 9.177606701850891113e-01 -8.745783567428588867e-01 -9.667791724205017090e-01 -9.451700001955032349e-02 2.374975681304931641e-01 -1.637128114700317383e+00 1.447814516723155975e-02 -9.478820562362670898e-01 -3.182928860187530518e-01 1.220929384231567383e+00 0.000000000000000000e+00 0.000000000000000000e+00 0.000000000000000000e+00 1.000000000000000000e+00
2.563710510730743408e-01 -3.044674396514892578e-01 9.173732399940490723e-01 -8.765335679054260254e-01 -9.664846658706665039e-01 -9.398543834686279297e-02 2.389028817415237427e-01 -1.633903026580810547e+00 1.348157599568367004e-02 -9.478748440742492676e-01 -3.183580935001373291e-01 1.220826625823974609e+00 0.000000000000000000e+00 0.000000000000000000e+00 0.000000000000000000e+00 1.000000000000000000e+00
2.575296759605407715e-01 -3.046585321426391602e-01 9.169850945472717285e-01 -8.784887194633483887e-01 -9.661900997161865234e-01 -9.343934059143066406e-02 2.403043210506439209e-01 -1.630678057670593262e+00 1.247172523289918900e-02 -9.478673338890075684e-01 -3.184213638305664062e-01 1.220723867416381836e+00 0.000000000000000000e+00 0.000000000000000000e+00 0.000000000000000000e+00 1.000000000000000000e+00
2.586793005466461182e-01 -3.048532307147979736e-01 9.165967702865600586e-01 -8.804438114166259766e-01 -9.658957123756408691e-01 -9.287907183170318604e-02 2.417013049125671387e-01 -1.627453207969665527e+00 1.144923642277717590e-02 -9.478597640991210938e-01 -3.184822499752044678e-01 1.220621228218078613e+00 0.000000000000000000e+00 0.000000000000000000e+00 0.000000000000000000e+00 1.000000000000000000e+00
2.598193287849426270e-01 -3.050518929958343506e-01 9.162081480026245117e-01 -8.823989629745483398e-01 -9.656013250350952148e-01 -9.230519086122512817e-02 2.430931478738784790e-01 -1.624228239059448242e+00 1.041473913937807083e-02 -9.478519558906555176e-01 -3.185410797595977783e-01 1.220518469810485840e+00 0.000000000000000000e+00 0.000000000000000000e+00 0.000000000000000000e+00 1.000000000000000000e+00
2.609495818614959717e-01 -3.052540123462677002e-01 9.158195257186889648e-01 -8.843541741371154785e-01 -9.653072953224182129e-01 -9.171809256076812744e-02 2.444795072078704834e-01 -1.621003150939941406e+00 9.368871338665485382e-03 -9.478439092636108398e-01 -3.185976147651672363e-01 1.220415711402893066e+00 0.000000000000000000e+00 0.000000000000000000e+00 0.000000000000000000e+00 1.000000000000000000e+00
2.620696723461151123e-01 -3.054595887660980225e-01 9.154310226440429688e-01 -8.863093256950378418e-01 -9.650134444236755371e-01 -9.111829847097396851e-02 2.458598017692565918e-01 -1.617778301239013672e+00 8.312285877764225006e-03 -9.478354454040527344e-01 -3.186518847942352295e-01 1.220312952995300293e+00 0.000000000000000000e+00 0.000000000000000000e+00 0.000000000000000000e+00 1.000000000000000000e+00
2.631791532039642334e-01 -3.056690692901611328e-01 9.150428175926208496e-01 -8.882645368576049805e-01 -9.647200107574462891e-01 -9.050638228654861450e-02 2.472333908081054688e-01 -1.614553332328796387e+00 7.245610933750867844e-03 -9.478266239166259766e-01 -3.187043368816375732e-01 1.220210313796997070e+00 0.000000000000000000e+00 0.000000000000000000e+00 0.000000000000000000e+00 1.000000000000000000e+00
2.642778158187866211e-01 -3.058816492557525635e-01 9.146549701690673828e-01 -8.902196288108825684e-01 -9.644271135330200195e-01 -8.988266438245773315e-02 2.485998719930648804e-01 -1.611328363418579102e+00 6.169491913169622421e-03 -9.478173851966857910e-01 -3.187544345855712891e-01 1.220107555389404297e+00 0.000000000000000000e+00 0.000000000000000000e+00 0.000000000000000000e+00 1.000000000000000000e+00
2.653651535511016846e-01 -3.060974776744842529e-01 9.142677783966064453e-01 -8.921748399734497070e-01 -9.641348719596862793e-01 -8.924768865108489990e-02 2.499586343765258789e-01 -1.608103275299072266e+00 5.084567703306674957e-03 -9.478076696395874023e-01 -3.188023567199707031e-01 1.220004796981811523e+00 0.000000000000000000e+00 0.000000000000000000e+00 0.000000000000000000e+00 1.000000000000000000e+00
2.664409279823303223e-01 -3.063167929649353027e-01 9.138814210891723633e-01 -8.941300511360168457e-01 -9.638432264328002930e-01 -8.860201388597488403e-02 2.513092756271362305e-01 -1.604878425598144531e+00 3.991477657109498978e-03 -9.477974176406860352e-01 -3.188484609127044678e-01 1.219902038574218750e+00 0.000000000000000000e+00 0.000000000000000000e+00 0.000000000000000000e+00 1.000000000000000000e+00
2.675047218799591064e-01 -3.065391182899475098e-01 9.134960174560546875e-01 -8.960852026939392090e-01 -9.635525345802307129e-01 -8.794599026441574097e-02 2.526511251926422119e-01 -1.601653456687927246e+00 2.890855772420763969e-03 -9.477866888046264648e-01 -3.188923597335815430e-01 1.219799399375915527e+00 0.000000000000000000e+00 0.000000000000000000e+00 0.000000000000000000e+00 1.000000000000000000e+00
2.685560286045074463e-01 -3.067645430564880371e-01 9.131118655204772949e-01 -8.980403542518615723e-01 -9.632626771926879883e-01 -8.728013187646865845e-02 2.539835870265960693e-01 -1.598428487777709961e+00 1.783353742212057114e-03 -9.477753043174743652e-01 -3.189343512058258057e-01 1.219696640968322754e+00 0.000000000000000000e+00 0.000000000000000000e+00 0.000000000000000000e+00 1.000000000000000000e+00
2.695948779582977295e-01 -3.069927096366882324e-01 9.127289056777954102e-01 -8.999955654144287109e-01 -9.629738926887512207e-01 -8.660493791103363037e-02 2.553064525127410889e-01 -1.595203399658203125e+00 6.696071359328925610e-04 -9.477633833885192871e-01 -3.189740478992462158e-01 1.219593882560729980e+00 0.000000000000000000e+00 0.000000000000000000e+00 0.000000000000000000e+00 1.000000000000000000e+00
2.706205546855926514e-01 -3.072239160537719727e-01 9.123475551605224609e-01 -9.019506573677062988e-01 -9.626862406730651855e-01 -8.592089265584945679e-02 2.566188871860504150e-01 -1.591978549957275391e+00 -4.497478948906064034e-04 -9.477507472038269043e-01 -3.190120756626129150e-01 1.219491243362426758e+00 0.000000000000000000e+00 0.000000000000000000e+00 0.000000000000000000e+00 1.000000000000000000e+00
2.716328799724578857e-01 -3.074578344821929932e-01 9.119677543640136719e-01 -9.039058685302734375e-01 -9.623999595642089844e-01 -8.522844314575195312e-02 2.579204440116882324e-01 -1.588753581047058105e+00 -1.574065187014639378e-03 -9.477373361587524414e-01 -3.190480768680572510e-01 1.219388484954833984e+00 0.000000000000000000e+00 0.000000000000000000e+00 0.000000000000000000e+00 1.000000000000000000e+00
2.726314663887023926e-01 -3.076942265033721924e-01 9.115900397300720215e-01 -9.058175683021545410e-01 -9.621150493621826172e-01 -8.452805131673812866e-02 2.592107057571411133e-01 -1.585504293441772461e+00 -2.702716039493680000e-03 -9.477233886718750000e-01 -3.190821707248687744e-01 1.219283461570739746e+00 0.000000000000000000e+00 0.000000000000000000e+00 0.000000000000000000e+00 1.000000000000000000e+00
2.736158668994903564e-01 -3.079331815242767334e-01 9.112142920494079590e-01 -9.075498580932617188e-01 -9.618317484855651855e-01 -8.382017165422439575e-02 2.604889273643493652e-01 -1.582154750823974609e+00 -3.835044102743268013e-03 -9.477086067199707031e-01 -3.191142380237579346e-01 1.219169259071350098e+00 0.000000000000000000e+00 0.000000000000000000e+00 0.000000000000000000e+00 1.000000000000000000e+00
2.745858430862426758e-01 -3.081744015216827393e-01 9.108409285545349121e-01 -9.092821478843688965e-01 -9.615499973297119141e-01 -8.310530334711074829e-02 2.617547810077667236e-01 -1.578805208206176758e+00 -4.970415960997343063e-03 -9.476931095123291016e-01 -3.191445469856262207e-01 1.219054937362670898e+00 0.000000000000000000e+00 0.000000000000000000e+00 0.000000000000000000e+00 1.000000000000000000e+00
2.755412161350250244e-01 -3.084179461002349854e-01 9.104698300361633301e-01 -9.110144972801208496e-01 -9.612700939178466797e-01 -8.238399028778076172e-02 2.630077898502349854e-01 -1.575455546379089355e+00 -6.108196917921304703e-03 -9.476769566535949707e-01 -3.191730082035064697e-01 1.218940734863281250e+00 0.000000000000000000e+00 0.000000000000000000e+00 0.000000000000000000e+00 1.000000000000000000e+00
2.764812707901000977e-01 -3.086637258529663086e-01 9.101015329360961914e-01 -9.127467870712280273e-01 -9.609922170639038086e-01 -8.165659755468368530e-02 2.642471790313720703e-01 -1.572106122970581055e+00 -7.247736677527427673e-03 -9.476598501205444336e-01 -3.191998302936553955e-01 1.218826413154602051e+00 0.000000000000000000e+00 0.000000000000000000e+00 0.000000000000000000e+00 1.000000000000000000e+00
2.774059176445007324e-01 -3.089112937450408936e-01 9.097362160682678223e-01 -9.144791364669799805e-01 -9.607164263725280762e-01 -8.092357218265533447e-02 2.654726803302764893e-01 -1.568756341934204102e+00 -8.388400077819824219e-03 -9.476420283317565918e-01 -3.192246854305267334e-01 1.218712210655212402e+00 0.000000000000000000e+00 0.000000000000000000e+00 0.000000000000000000e+00 1.000000000000000000e+00
2.783146798610687256e-01 -3.091605603694915771e-01 9.093738794326782227e-01 -9.162114262580871582e-01 -9.604428410530090332e-01 -8.018540591001510620e-02 2.666836082935333252e-01 -1.565406799316406250e+00 -9.529554285109043121e-03 -9.476234912872314453e-01 -3.192477524280548096e-01 1.218597888946533203e+00 0.000000000000000000e+00 0.000000000000000000e+00 0.000000000000000000e+00 1.000000000000000000e+00
2.792073786258697510e-01 -3.094117045402526855e-01 9.090147018432617188e-01 -9.179437160491943359e-01 -9.601718783378601074e-01 -7.944265007972717285e-02 2.678795456886291504e-01 -1.562057256698608398e+00 -1.067054271697998047e-02 -9.476041197776794434e-01 -3.192692697048187256e-01 1.218483686447143555e+00 0.000000000000000000e+00 0.000000000000000000e+00 0.000000000000000000e+00 1.000000000000000000e+00
2.800834178924560547e-01 -3.096643984317779541e-01 9.086589813232421875e-01 -9.196760058403015137e-01 -9.599032402038574219e-01 -7.869565486907958984e-02 2.690597772598266602e-01 -1.558707714080810547e+00 -1.181073579937219620e-02 -9.475839138031005859e-01 -3.192890882492065430e-01 1.218369364738464355e+00 0.000000000000000000e+00 0.000000000000000000e+00 0.000000000000000000e+00 1.000000000000000000e+00
2.809427082538604736e-01 -3.099182844161987305e-01 9.083071947097778320e-01 -9.214083552360534668e-01 -9.596374034881591797e-01 -7.794488221406936646e-02 2.702240943908691406e-01 -1.555358052253723145e+00 -1.294948253780603409e-02 -9.475629925727844238e-01 -3.193070888519287109e-01 1.218255162239074707e+00 0.000000000000000000e+00 0.000000000000000000e+00 0.000000000000000000e+00 1.000000000000000000e+00
2.817846834659576416e-01 -3.101735115051269531e-01 9.079591631889343262e-01 -9.231406450271606445e-01 -9.593744874000549316e-01 -7.719084620475769043e-02 2.713716626167297363e-01 -1.552008509635925293e+00 -1.408616453409194946e-02 -9.475411176681518555e-01 -3.193236589431762695e-01 1.218140959739685059e+00 0.000000000000000000e+00 0.000000000000000000e+00 0.000000000000000000e+00 1.000000000000000000e+00
2.826094031333923340e-01 -3.104299902915954590e-01 9.076151251792907715e-01 -9.248729348182678223e-01 -9.591145515441894531e-01 -7.643412053585052490e-02 2.725023329257965088e-01 -1.548658847808837891e+00 -1.522012241184711456e-02 -9.475185275077819824e-01 -3.193388283252716064e-01 1.218026638031005859e+00 0.000000000000000000e+00 0.000000000000000000e+00 0.000000000000000000e+00 1.000000000000000000e+00
2.834160029888153076e-01 -3.106870949268341064e-01 9.072756171226501465e-01 -9.266052246093750000e-01 -9.588578939437866211e-01 -7.567489147186279297e-02 2.736151814460754395e-01 -1.545309305191040039e+00 -1.635072380304336548e-02 -9.474951028823852539e-01 -3.193522095680236816e-01 1.217912435531616211e+00 0.000000000000000000e+00 0.000000000000000000e+00 0.000000000000000000e+00 1.000000000000000000e+00
2.842044532299041748e-01 -3.109451234340667725e-01 9.069404006004333496e-01 -9.283375740051269531e-01 -9.586046338081359863e-01 -7.491382211446762085e-02 2.747098505496978760e-01 -1.541959762573242188e+00 -1.747732236981391907e-02 -9.474710226058959961e-01 -3.193641304969787598e-01 1.217798113822937012e+00 0.000000000000000000e+00 0.000000000000000000e+00 0.000000000000000000e+00 1.000000000000000000e+00
2.849743962287902832e-01 -3.112036585807800293e-01 9.066101312637329102e-01 -9.300698637962341309e-01 -9.583548903465270996e-01 -7.415128499269485474e-02 2.757859826087951660e-01 -1.538610100746154785e+00 -1.859928667545318604e-02 -9.474461674690246582e-01 -3.193746209144592285e-01 1.217683911323547363e+00 0.000000000000000000e+00 0.000000000000000000e+00 0.000000000000000000e+00 1.000000000000000000e+00
2.857253849506378174e-01 -3.114627003669738770e-01 9.062847495079040527e-01 -9.318021535873413086e-01 -9.581089019775390625e-01 -7.338779419660568237e-02 2.768428027629852295e-01 -1.535260558128356934e+00 -1.971597597002983093e-02 -9.474204182624816895e-01 -3.193838298320770264e-01 1.217569589614868164e+00 0.000000000000000000e+00 0.000000000000000000e+00 0.000000000000000000e+00 1.000000000000000000e+00
2.864573895931243896e-01 -3.117219805717468262e-01 9.059644937515258789e-01 -9.335090517997741699e-01 -9.578669071197509766e-01 -7.262381166219711304e-02 2.778800725936889648e-01 -1.531898975372314453e+00 -2.082674205303192139e-02 -9.473940134048461914e-01 -3.193916678428649902e-01 1.217454195022583008e+00 0.000000000000000000e+00 0.000000000000000000e+00 0.000000000000000000e+00 1.000000000000000000e+00
2.871697843074798584e-01 -3.119812607765197754e-01 9.056496620178222656e-01 -9.350130558013916016e-01 -9.576288461685180664e-01 -7.185972481966018677e-02 2.788971066474914551e-01 -1.528441190719604492e+00 -2.193094603717327118e-02 -9.473668932914733887e-01 -3.193981349468231201e-01 1.217329025268554688e+00 0.000000000000000000e+00 0.000000000000000000e+00 0.000000000000000000e+00 1.000000000000000000e+00
2.878623008728027344e-01 -3.122405409812927246e-01 9.053403139114379883e-01 -9.365170598030090332e-01 -9.573951959609985352e-01 -7.109603285789489746e-02 2.798933684825897217e-01 -1.524983406066894531e+00 -2.302795834839344025e-02 -9.473391175270080566e-01 -3.194033205509185791e-01 1.217203855514526367e+00 0.000000000000000000e+00 0.000000000000000000e+00 0.000000000000000000e+00 1.000000000000000000e+00
2.885346710681915283e-01 -3.124995231628417969e-01 9.050369858741760254e-01 -9.380210041999816895e-01 -9.571659564971923828e-01 -7.033318281173706055e-02 2.808685004711151123e-01 -1.521525621414184570e+00 -2.411714196205139160e-02 -9.473106861114501953e-01 -3.194073736667633057e-01 1.217078685760498047e+00 0.000000000000000000e+00 0.000000000000000000e+00 0.000000000000000000e+00 1.000000000000000000e+00
2.891865372657775879e-01 -3.127579987049102783e-01 9.047394990921020508e-01 -9.395249485969543457e-01 -9.569413661956787109e-01 -6.957161426544189453e-02 2.818218171596527100e-01 -1.518067955970764160e+00 -2.519783563911914825e-02 -9.472816586494445801e-01 -3.194100856781005859e-01 1.216953516006469727e+00 0.000000000000000000e+00 0.000000000000000000e+00 0.000000000000000000e+00 1.000000000000000000e+00
2.898174226284027100e-01 -3.130159080028533936e-01 9.044484496116638184e-01 -9.410288333892822266e-01 -9.567216038703918457e-01 -6.881175190210342407e-02 2.827527523040771484e-01 -1.514610290527343750e+00 -2.626942843198776245e-02 -9.472519755363464355e-01 -3.194118142127990723e-01 1.216828346252441406e+00 0.000000000000000000e+00 0.000000000000000000e+00 0.000000000000000000e+00 1.000000000000000000e+00
2.904272675514221191e-01 -3.132728636264801025e-01 9.041638374328613281e-01 -9.425328969955444336e-01 -9.565069079399108887e-01 -6.805409491062164307e-02 2.836610376834869385e-01 -1.511152386665344238e+00 -2.733125165104866028e-02 -9.472217559814453125e-01 -3.194122910499572754e-01 1.216703295707702637e+00 0.000000000000000000e+00 0.000000000000000000e+00 0.000000000000000000e+00 1.000000000000000000e+00
2.910155951976776123e-01 -3.135288953781127930e-01 9.038859009742736816e-01 -9.440369009971618652e-01 -9.562975168228149414e-01 -6.729910522699356079e-02 2.845460176467895508e-01 -1.507694721221923828e+00 -2.838269248604774475e-02 -9.471909403800964355e-01 -3.194118440151214600e-01 1.216578125953674316e+00 0.000000000000000000e+00 0.000000000000000000e+00 0.000000000000000000e+00 1.000000000000000000e+00
2.915821075439453125e-01 -3.137836754322052002e-01 9.036148786544799805e-01 -9.455408453941345215e-01 -9.560934305191040039e-01 -6.654718518257141113e-02 2.854072153568267822e-01 -1.504236936569213867e+00 -2.942310459911823273e-02 -9.471597075462341309e-01 -3.194103837013244629e-01 1.216452956199645996e+00 0.000000000000000000e+00 0.000000000000000000e+00 0.000000000000000000e+00 1.000000000000000000e+00
2.921263873577117920e-01 -3.140371143817901611e-01 9.033509492874145508e-01 -9.470448493957519531e-01 -9.558951258659362793e-01 -6.579880416393280029e-02 2.862440049648284912e-01 -1.500779151916503906e+00 -3.045183420181274414e-02 -9.471280574798583984e-01 -3.194079697132110596e-01 1.216327786445617676e+00 0.000000000000000000e+00 0.000000000000000000e+00 0.000000000000000000e+00 1.000000000000000000e+00
2.926482558250427246e-01 -3.142889738082885742e-01 9.030944705009460449e-01 -9.485487937927246094e-01 -9.557024836540222168e-01 -6.505440920591354370e-02 2.870560288429260254e-01 -1.497321367263793945e+00 -3.146826475858688354e-02 -9.470958709716796875e-01 -3.194046914577484131e-01 1.216202616691589355e+00 0.000000000000000000e+00 0.000000000000000000e+00 0.000000000000000000e+00 1.000000000000000000e+00
2.931474745273590088e-01 -3.145391345024108887e-01 9.028452634811401367e-01 -9.500527381896972656e-01 -9.555159211158752441e-01 -6.431452184915542603e-02 2.878427803516387939e-01 -1.493863582611083984e+00 -3.247174620628356934e-02 -9.470633864402770996e-01 -3.194006085395812988e-01 1.216077446937561035e+00 0.000000000000000000e+00 0.000000000000000000e+00 0.000000000000000000e+00 1.000000000000000000e+00
2.936234474182128906e-01 -3.147872090339660645e-01 9.026042222976684570e-01 -9.515568017959594727e-01 -9.553356170654296875e-01 -6.357946246862411499e-02 2.886035740375518799e-01 -1.490405917167663574e+00 -3.346163406968116760e-02 -9.470305442810058594e-01 -3.193957507610321045e-01 1.215952396392822266e+00 0.000000000000000000e+00 0.000000000000000000e+00 0.000000000000000000e+00 1.000000000000000000e+00
2.940760254859924316e-01 -3.150329887866973877e-01 9.023711085319519043e-01 -9.530606865882873535e-01 -9.551616907119750977e-01 -6.284968554973602295e-02 2.893380820751190186e-01 -1.486948251724243164e+00 -3.443729877471923828e-02 -9.469975829124450684e-01 -3.193898797035217285e-01 1.215827226638793945e+00 0.000000000000000000e+00 0.000000000000000000e+00 0.000000000000000000e+00 1.000000000000000000e+00
2.945049405097961426e-01 -3.152765333652496338e-01 9.021460413932800293e-01 -9.545647501945495605e-01 -9.549943804740905762e-01 -6.212577968835830688e-02 2.900457084178924561e-01 -1.483490347862243652e+00 -3.539809584617614746e-02 -9.469642639160156250e-01 -3.193835318088531494e-01 1.215702056884765625e+00 0.000000000000000000e+00 0.000000000000000000e+00 0.000000000000000000e+00 1.000000000000000000e+00
2.949096262454986572e-01 -3.155176341533660889e-01 9.019296169281005859e-01 -9.560686349868774414e-01 -9.548339843750000000e-01 -6.140805408358573914e-02 2.907259166240692139e-01 -1.480032682418823242e+00 -3.634341806173324585e-02 -9.469307661056518555e-01 -3.193766772747039795e-01 1.215576887130737305e+00 0.000000000000000000e+00 0.000000000000000000e+00 0.000000000000000000e+00 1.000000000000000000e+00
2.952899038791656494e-01 -3.157558739185333252e-01 9.017217159271240234e-01 -9.575236439704895020e-01 -9.546806216239929199e-01 -6.069698184728622437e-02 2.913781106472015381e-01 -1.476555585861206055e+00 -3.727258369326591492e-02 -9.468972682952880859e-01 -3.193691074848175049e-01 1.215449571609497070e+00 0.000000000000000000e+00 0.000000000000000000e+00 0.000000000000000000e+00 1.000000000000000000e+00
2.956456542015075684e-01 -3.159911036491394043e-01 9.015227556228637695e-01 -9.587956070899963379e-01 -9.545344114303588867e-01 -5.999305099248886108e-02 2.920021712779998779e-01 -1.473006248474121094e+00 -3.818497806787490845e-02 -9.468636512756347656e-01 -3.193609416484832764e-01 1.215314269065856934e+00 0.000000000000000000e+00 0.000000000000000000e+00 0.000000000000000000e+00 1.000000000000000000e+00
2.959763407707214355e-01 -3.162232637405395508e-01 9.013328552246093750e-01 -9.600675106048583984e-01 -9.543957710266113281e-01 -5.929671600461006165e-02 2.925972044467926025e-01 -1.469456911087036133e+00 -3.907996043562889099e-02 -9.468299150466918945e-01 -3.193525075912475586e-01 1.215178847312927246e+00 0.000000000000000000e+00 0.000000000000000000e+00 0.000000000000000000e+00 1.000000000000000000e+00
2.962816655635833740e-01 -3.164521157741546631e-01 9.011521339416503906e-01 -9.613394141197204590e-01 -9.542647004127502441e-01 -5.860837921500205994e-02 2.931627035140991211e-01 -1.465907692909240723e+00 -3.995690122246742249e-02 -9.467963576316833496e-01 -3.193435072898864746e-01 1.215043544769287109e+00 0.000000000000000000e+00 0.000000000000000000e+00 0.000000000000000000e+00 1.000000000000000000e+00
2.965614199638366699e-01 -3.166773617267608643e-01 9.009810686111450195e-01 -9.626113176345825195e-01 -9.541414380073547363e-01 -5.792855098843574524e-02 2.936984896659851074e-01 -1.462358236312866211e+00 -4.081514477729797363e-02 -9.467629194259643555e-01 -3.193342983722686768e-01 1.214908123016357422e+00 0.000000000000000000e+00 0.000000000000000000e+00 0.000000000000000000e+00 1.000000000000000000e+00
2.968150079250335693e-01 -3.168987333774566650e-01 9.008196592330932617e-01 -9.638832211494445801e-01 -9.540263414382934570e-01 -5.725751444697380066e-02 2.942035794258117676e-01 -1.458809137344360352e+00 -4.165406152606010437e-02 -9.467296004295349121e-01 -3.193245530128479004e-01 1.214772820472717285e+00 0.000000000000000000e+00 0.000000000000000000e+00 0.000000000000000000e+00 1.000000000000000000e+00
2.970424294471740723e-01 -3.171163499355316162e-01 9.006680846214294434e-01 -9.651551842689514160e-01 -9.539194703102111816e-01 -5.659592896699905396e-02 2.946778535842895508e-01 -1.455259799957275391e+00 -4.247302561998367310e-02 -9.466964006423950195e-01 -3.193147778511047363e-01 1.214637517929077148e+00 0.000000000000000000e+00 0.000000000000000000e+00 0.000000000000000000e+00 1.000000000000000000e+00
2.972432971000671387e-01 -3.173297941684722900e-01 9.005266427993774414e-01 -9.664270877838134766e-01 -9.538210630416870117e-01 -5.594415962696075439e-02 2.951206266880035400e-01 -1.451710343360900879e+00 -4.327137768268585205e-02 -9.466637969017028809e-01 -3.193046748638153076e-01 1.214502096176147461e+00 0.000000000000000000e+00 0.000000000000000000e+00 0.000000000000000000e+00 1.000000000000000000e+00
2.974171638488769531e-01 -3.175388574600219727e-01 9.003955125808715820e-01 -9.676989912986755371e-01 -9.537312388420104980e-01 -5.530259385704994202e-02 2.955313920974731445e-01 -1.448161125183105469e+00 -4.404850676655769348e-02 -9.466314315795898438e-01 -3.192945122718811035e-01 1.214366793632507324e+00 0.000000000000000000e+00 0.000000000000000000e+00 0.000000000000000000e+00 1.000000000000000000e+00
2.975638210773468018e-01 -3.177433311939239502e-01 9.002749323844909668e-01 -9.689708948135375977e-01 -9.536502957344055176e-01 -5.467170849442481995e-02 2.959097325801849365e-01 -1.444611787796020508e+00 -4.480379074811935425e-02 -9.465992450714111328e-01 -3.192842900753021240e-01 1.214231371879577637e+00 0.000000000000000000e+00 0.000000000000000000e+00 0.000000000000000000e+00 1.000000000000000000e+00
2.976827323436737061e-01 -3.179431855678558350e-01 9.001650810241699219e-01 -9.702427983283996582e-01 -9.535784721374511719e-01 -5.405195802450180054e-02 2.962548732757568359e-01 -1.441062450408935547e+00 -4.553654417395591736e-02 -9.465678930282592773e-01 -3.192740082740783691e-01 1.214096069335937500e+00 0.000000000000000000e+00 0.000000000000000000e+00 0.000000000000000000e+00 1.000000000000000000e+00
2.977738678455352783e-01 -3.181381225585937500e-01 9.000660777091979980e-01 -9.715147018432617188e-01 -9.535158872604370117e-01 -5.344384536147117615e-02 2.965665459632873535e-01 -1.437513232231140137e+00 -4.624613001942634583e-02 -9.465368986129760742e-01 -3.192638158798217773e-01 1.213960647583007812e+00 0.000000000000000000e+00 0.000000000000000000e+00 0.000000000000000000e+00 1.000000000000000000e+00
2.978368401527404785e-01 -3.183279335498809814e-01 8.999781012535095215e-01 -9.727866053581237793e-01 -9.534627199172973633e-01 -5.284775793552398682e-02 2.968441843986511230e-01 -1.433963775634765625e+00 -4.693198204040527344e-02 -9.465065598487854004e-01 -3.192537128925323486e-01 1.213825345039367676e+00 0.000000000000000000e+00 0.000000000000000000e+00 0.000000000000000000e+00 1.000000000000000000e+00
2.978712916374206543e-01 -3.185122907161712646e-01 8.999015092849731445e-01 -9.740585088729858398e-01 -9.534192085266113281e-01 -5.226413533091545105e-02 2.970872521400451660e-01 -1.430414557456970215e+00 -4.759338498115539551e-02 -9.464769959449768066e-01 -3.192435801029205322e-01 1.213690042495727539e+00 0.000000000000000000e+00 0.000000000000000000e+00 0.000000000000000000e+00 1.000000000000000000e+00
2.978768348693847656e-01 -3.186914622783660889e-01 8.998362421989440918e-01 -9.753304719924926758e-01 -9.533854126930236816e-01 -5.169351771473884583e-02 2.972952425479888916e-01 -1.426865220069885254e+00 -4.822975024580955505e-02 -9.464479684829711914e-01 -3.192339539527893066e-01 1.213554620742797852e+00 0.000000000000000000e+00 0.000000000000000000e+00 0.000000000000000000e+00 1.000000000000000000e+00
2.978654801845550537e-01 -3.188543319702148438e-01 8.997822999954223633e-01 -9.766023755073547363e-01 -9.533575177192687988e-01 -5.113045498728752136e-02 2.974819839000701904e-01 -1.423315882682800293e+00 -4.884715005755424500e-02 -9.464237093925476074e-01 -3.192120492458343506e-01 1.213419318199157715e+00 0.000000000000000000e+00 0.000000000000000000e+00 0.000000000000000000e+00 1.000000000000000000e+00
2.978493273258209229e-01 -3.189908862113952637e-01 8.997392654418945312e-01 -9.777512550354003906e-01 -9.533314108848571777e-01 -5.056930333375930786e-02 2.976616322994232178e-01 -1.419727206230163574e+00 -4.945218563079833984e-02 -9.464077949523925781e-01 -3.191660046577453613e-01 1.213279008865356445e+00 0.000000000000000000e+00 0.000000000000000000e+00 0.000000000000000000e+00 1.000000000000000000e+00
2.978287041187286377e-01 -3.191016614437103271e-01 8.997066020965576172e-01 -9.787890315055847168e-01 -9.533069133758544922e-01 -5.001019686460494995e-02 2.978344559669494629e-01 -1.416102886199951172e+00 -5.004497990012168884e-02 -9.464001655578613281e-01 -3.190962076187133789e-01 1.213134169578552246e+00 0.000000000000000000e+00 0.000000000000000000e+00 0.000000000000000000e+00 1.000000000000000000e+00
2.978036403656005859e-01 -3.191871345043182373e-01 8.996847271919250488e-01 -9.798268675804138184e-01 -9.532840847969055176e-01 -4.945319145917892456e-02 2.980005145072937012e-01 -1.412478446960449219e+00 -5.062565952539443970e-02 -9.464007019996643066e-01 -3.190032541751861572e-01 1.212989330291748047e+00 0.000000000000000000e+00 0.000000000000000000e+00 0.000000000000000000e+00 1.000000000000000000e+00
2.977740764617919922e-01 -3.192477822303771973e-01 8.996729850769042969e-01 -9.808647036552429199e-01 -9.532629847526550293e-01 -4.889828339219093323e-02 2.981596589088439941e-01 -1.408854246139526367e+00 -5.119434744119644165e-02 -9.464091062545776367e-01 -3.188876211643218994e-01 1.212844491004943848e+00 0.000000000000000000e+00 0.000000000000000000e+00 0.000000000000000000e+00 1.000000000000000000e+00
2.977402806282043457e-01 -3.192841410636901855e-01 8.996713757514953613e-01 -9.819025993347167969e-01 -9.532434940338134766e-01 -4.834561049938201904e-02 2.983121275901794434e-01 -1.405229926109313965e+00 -5.175118148326873779e-02 -9.464251995086669922e-01 -3.187498152256011963e-01 1.212699651718139648e+00 0.000000000000000000e+00 0.000000000000000000e+00 0.000000000000000000e+00 1.000000000000000000e+00
2.977021634578704834e-01 -3.192965686321258545e-01 8.996794223785400391e-01 -9.829403758049011230e-01 -9.532256126403808594e-01 -4.779512435197830200e-02 2.984578013420104980e-01 -1.401605606079101562e+00 -5.229626595973968506e-02 -9.464489817619323730e-01 -3.185902237892150879e-01 1.212554812431335449e+00 0.000000000000000000e+00 0.000000000000000000e+00 0.000000000000000000e+00 1.000000000000000000e+00
2.976600229740142822e-01 -3.192858099937438965e-01 8.996972441673278809e-01 -9.839782118797302246e-01 -9.532094001770019531e-01 -4.724705591797828674e-02 2.985970079898834229e-01 -1.397981405258178711e+00 -5.282974615693092346e-02 -9.464800357818603516e-01 -3.184096813201904297e-01 1.212409973144531250e+00 0.000000000000000000e+00 0.000000000000000000e+00 0.000000000000000000e+00 1.000000000000000000e+00
2.976139187812805176e-01 -3.192519843578338623e-01 8.997244834899902344e-01 -9.850161075592041016e-01 -9.531946182250976562e-01 -4.670129716396331787e-02 2.987296581268310547e-01 -1.394356966018676758e+00 -5.335173755884170532e-02 -9.465185999870300293e-01 -3.182081282138824463e-01 1.212265133857727051e+00 0.000000000000000000e+00 0.000000000000000000e+00 0.000000000000000000e+00 1.000000000000000000e+00
2.975640594959259033e-01 -3.191960155963897705e-01 8.997608423233032227e-01 -9.860538840293884277e-01 -9.531815052032470703e-01 -4.615812003612518311e-02 2.988560199737548828e-01 -1.390732765197753906e+00 -5.386237427592277527e-02 -9.465641379356384277e-01 -3.179865777492523193e-01 1.212120294570922852e+00 0.000000000000000000e+00 0.000000000000000000e+00 0.000000000000000000e+00 1.000000000000000000e+00
2.975102066993713379e-01 -3.191180527210235596e-01 8.998063206672668457e-01 -9.870917201042175293e-01 -9.531700015068054199e-01 -4.561740159988403320e-02 2.989758253097534180e-01 -1.387108445167541504e+00 -5.436176061630249023e-02 -9.466166496276855469e-01 -3.177452981472015381e-01 1.211975574493408203e+00 0.000000000000000000e+00 0.000000000000000000e+00 0.000000000000000000e+00 1.000000000000000000e+00
2.974527478218078613e-01 -3.190187215805053711e-01 8.998605012893676758e-01 -9.881295561790466309e-01 -9.531596899032592773e-01 -4.507931694388389587e-02 2.990894913673400879e-01 -1.383484125137329102e+00 -5.485003814101219177e-02 -9.466758370399475098e-01 -3.174846768379211426e-01 1.211830735206604004e+00 0.000000000000000000e+00 0.000000000000000000e+00 0.000000000000000000e+00 1.000000000000000000e+00
2.973916828632354736e-01 -3.188984990119934082e-01 8.999232649803161621e-01 -9.891673922538757324e-01 -9.531514048576354980e-01 -4.454388841986656189e-02 2.991967797279357910e-01 -1.379859805107116699e+00 -5.532734841108322144e-02 -9.467416405677795410e-01 -3.172054290771484375e-01 1.211685895919799805e+00 0.000000000000000000e+00 0.000000000000000000e+00 0.000000000000000000e+00 1.000000000000000000e+00
2.973272502422332764e-01 -3.187580406665802002e-01 8.999943137168884277e-01 -9.902052879333496094e-01 -9.531443715095520020e-01 -4.401130601763725281e-02 2.992981970310211182e-01 -1.376235485076904297e+00 -5.579379200935363770e-02 -9.468139410018920898e-01 -3.169080317020416260e-01 1.211541056632995605e+00 0.000000000000000000e+00 0.000000000000000000e+00 0.000000000000000000e+00 1.000000000000000000e+00
2.972593009471893311e-01 -3.185976445674896240e-01 9.000735282897949219e-01 -9.912430644035339355e-01 -9.531387090682983398e-01 -4.348151013255119324e-02 2.993933856487274170e-01 -1.372611165046691895e+00 -5.624949187040328979e-02 -9.468924403190612793e-01 -3.165929019451141357e-01 1.211396217346191406e+00 0.000000000000000000e+00 0.000000000000000000e+00 0.000000000000000000e+00 1.000000000000000000e+00
2.971880733966827393e-01 -3.184176981449127197e-01 9.001607894897460938e-01 -9.922809004783630371e-01 -9.531345367431640625e-01 -4.295456781983375549e-02 2.994827330112457275e-01 -1.368986964225769043e+00 -5.669459328055381775e-02 -9.469768404960632324e-01 -3.162604272365570068e-01 1.211251378059387207e+00 0.000000000000000000e+00 0.000000000000000000e+00 0.000000000000000000e+00 1.000000000000000000e+00
2.971137166023254395e-01 -3.182190060615539551e-01 9.002555608749389648e-01 -9.932990670204162598e-01 -9.531315565109252930e-01 -4.243071004748344421e-02 2.995662391185760498e-01 -1.365357518196105957e+00 -5.712919309735298157e-02 -9.470673203468322754e-01 -3.159112930297851562e-01 1.211105823516845703e+00 0.000000000000000000e+00 0.000000000000000000e+00 0.000000000000000000e+00 1.000000000000000000e+00
2.970362901687622070e-01 -3.180018961429595947e-01 9.003577828407287598e-01 -9.941024184226989746e-01 -9.531303644180297852e-01 -4.190987721085548401e-02 2.996439337730407715e-01 -1.361674547195434570e+00 -5.755346268415451050e-02 -9.471634626388549805e-01 -3.155458867549896240e-01 1.210952281951904297e+00 0.000000000000000000e+00 0.000000000000000000e+00 0.000000000000000000e+00 1.000000000000000000e+00
2.969558835029602051e-01 -3.177667558193206787e-01 9.004673957824707031e-01 -9.949057698249816895e-01 -9.531303644180297852e-01 -4.139218106865882874e-02 2.997159957885742188e-01 -1.357991695404052734e+00 -5.796748772263526917e-02 -9.472651481628417969e-01 -3.151647150516510010e-01 1.210798740386962891e+00 0.000000000000000000e+00 0.000000000000000000e+00 0.000000000000000000e+00 1.000000000000000000e+00
2.968724370002746582e-01 -3.175143599510192871e-01 9.005839824676513672e-01 -9.957091212272644043e-01 -9.531316757202148438e-01 -4.087769612669944763e-02 2.997823059558868408e-01 -1.354308605194091797e+00 -5.837139487266540527e-02 -9.473720788955688477e-01 -3.147683441638946533e-01 1.210645198822021484e+00 0.000000000000000000e+00 0.000000000000000000e+00 0.000000000000000000e+00 1.000000000000000000e+00
2.967863678932189941e-01 -3.172447979450225830e-01 9.007072448730468750e-01 -9.965124726295471191e-01 -9.531343579292297363e-01 -4.036651924252510071e-02 2.998433113098144531e-01 -1.350625514984130859e+00 -5.876533687114715576e-02 -9.474842548370361328e-01 -3.143570423126220703e-01 1.210491657257080078e+00 0.000000000000000000e+00 0.000000000000000000e+00 0.000000000000000000e+00 1.000000000000000000e+00
2.966974675655364990e-01 -3.169590830802917480e-01 9.008372426033020020e-01 -9.973158836364746094e-01 -9.531382322311401367e-01 -3.985873609781265259e-02 2.998987734317779541e-01 -1.346942543983459473e+00 -5.914941430091857910e-02 -9.476014375686645508e-01 -3.139316439628601074e-01 1.210338115692138672e+00 0.000000000000000000e+00 0.000000000000000000e+00 0.000000000000000000e+00 1.000000000000000000e+00
2.966060936450958252e-01 -3.166571259498596191e-01 9.009734392166137695e-01 -9.981192350387573242e-01 -9.531433582305908203e-01 -3.935439884662628174e-02 2.999491095542907715e-01 -1.343259453773498535e+00 -5.952376499772071838e-02 -9.477233886718750000e-01 -3.134923279285430908e-01 1.210184574127197266e+00 0.000000000000000000e+00 0.000000000000000000e+00 0.000000000000000000e+00 1.000000000000000000e+00
2.965121269226074219e-01 -3.163399100303649902e-01 9.011156558990478516e-01 -9.989225864410400391e-01 -9.531497955322265625e-01 -3.885360807180404663e-02 2.999940216541290283e-01 -1.339576482772827148e+00 -5.988849699497222900e-02 -9.478500485420227051e-01 -3.130397200584411621e-01 1.210031032562255859e+00 0.000000000000000000e+00 0.000000000000000000e+00 0.000000000000000000e+00 1.000000000000000000e+00
2.964158952236175537e-01 -3.160076737403869629e-01 9.012639522552490234e-01 -9.997259974479675293e-01 -9.531573057174682617e-01 -3.835648298263549805e-02 3.000340461730957031e-01 -1.335893392562866211e+00 -6.024375930428504944e-02 -9.479811191558837891e-01 -3.125743567943572998e-01 1.209877490997314453e+00 0.000000000000000000e+00 0.000000000000000000e+00 0.000000000000000000e+00 1.000000000000000000e+00
2.963173091411590576e-01 -3.156609535217285156e-01 9.014179110527038574e-01 -1.000529289245605469e+00 -9.531660079956054688e-01 -3.786303848028182983e-02 3.000690042972564697e-01 -1.332210302352905273e+00 -6.058965623378753662e-02 -9.481164216995239258e-01 -3.120966553688049316e-01 1.209723949432373047e+00 0.000000000000000000e+00 0.000000000000000000e+00 0.000000000000000000e+00 1.000000000000000000e+00
2.962164580821990967e-01 -3.153002858161926270e-01 9.015772938728332520e-01 -1.001332759857177734e+00 -9.531759619712829590e-01 -3.737336769700050354e-02 3.000990152359008789e-01 -1.328527331352233887e+00 -6.092632934451103210e-02 -9.482557177543640137e-01 -3.116071820259094238e-01 1.209570407867431641e+00 0.000000000000000000e+00 0.000000000000000000e+00 0.000000000000000000e+00 1.000000000000000000e+00
2.961135804653167725e-01 -3.149261772632598877e-01 9.017418026924133301e-01 -1.002136111259460449e+00 -9.531868696212768555e-01 -3.688760846853256226e-02 3.001242280006408691e-01 -1.324844360351562500e+00 -6.125389412045478821e-02 -9.483992457389831543e-01 -3.111063241958618164e-01 1.209416866302490234e+00 0.000000000000000000e+00 0.000000000000000000e+00 0.000000000000000000e+00 1.000000000000000000e+00
2.960086762905120850e-01 -3.145391643047332764e-01 9.019112586975097656e-01 -1.002939462661743164e+00 -9.531989097595214844e-01 -3.640580177307128906e-02 3.001447618007659912e-01 -1.321161270141601562e+00 -6.157248839735984802e-02 -9.485462307929992676e-01 -3.105946481227874756e-01 1.209263324737548828e+00 0.000000000000000000e+00 0.000000000000000000e+00 0.000000000000000000e+00 1.000000000000000000e+00
2.959017455577850342e-01 -3.141395151615142822e-01 9.020856618881225586e-01 -1.003742933273315430e+00 -9.532120823860168457e-01 -3.592796623706817627e-02 3.001606166362762451e-01 -1.317478299140930176e+00 -6.188222020864486694e-02 -9.486969113349914551e-01 -3.100726604461669922e-01 1.209109783172607422e+00 0.000000000000000000e+00 0.000000000000000000e+00 0.000000000000000000e+00 1.000000000000000000e+00
2.957931756973266602e-01 -3.137277662754058838e-01 9.022645950317382812e-01 -1.004546165466308594e+00 -9.532262086868286133e-01 -3.545425459742546082e-02 3.001721203327178955e-01 -1.313795208930969238e+00 -6.218321993947029114e-02 -9.488509297370910645e-01 -3.095405399799346924e-01 1.208956241607666016e+00 0.000000000000000000e+00 0.000000000000000000e+00 0.000000000000000000e+00 1.000000000000000000e+00
2.956826984882354736e-01 -3.133047819137573242e-01 9.024477601051330566e-01 -1.005349636077880859e+00 -9.532411694526672363e-01 -3.498479723930358887e-02 3.001791238784790039e-01 -1.310112237930297852e+00 -6.247561424970626831e-02 -9.490081071853637695e-01 -3.089993596076965332e-01 1.208802819252014160e+00 0.000000000000000000e+00 0.000000000000000000e+00 0.000000000000000000e+00 1.000000000000000000e+00
2.955708801746368408e-01 -3.128707110881805420e-01 9.026349782943725586e-01 -1.005940198898315430e+00 -9.532573819160461426e-01 -3.451965004205703735e-02 3.001820445060729980e-01 -1.306390047073364258e+00 -6.275953352451324463e-02 -9.491683244705200195e-01 -3.084492087364196777e-01 1.208642005920410156e+00 0.000000000000000000e+00 0.000000000000000000e+00 0.000000000000000000e+00 1.000000000000000000e+00
2.954572737216949463e-01 -3.124260902404785156e-01 9.028261899948120117e-01 -1.006510257720947266e+00 -9.532741904258728027e-01 -3.405880182981491089e-02 3.001806139945983887e-01 -1.302664041519165039e+00 -6.303507834672927856e-02 -9.493315219879150391e-01 -3.078905940055847168e-01 1.208480477333068848e+00 0.000000000000000000e+00 0.000000000000000000e+00 0.000000000000000000e+00 1.000000000000000000e+00
2.953422963619232178e-01 -3.119714856147766113e-01 9.030209183692932129e-01 -1.007080316543579102e+00 -9.532923698425292969e-01 -3.360239788889884949e-02 3.001751303672790527e-01 -1.298938155174255371e+00 -6.330242753028869629e-02 -9.494972229003906250e-01 -3.073241412639617920e-01 1.208319067955017090e+00 0.000000000000000000e+00 0.000000000000000000e+00 0.000000000000000000e+00 1.000000000000000000e+00
2.952261567115783691e-01 -3.115073740482330322e-01 9.032191038131713867e-01 -1.007650375366210938e+00 -9.533110260963439941e-01 -3.315059468150138855e-02 3.001659214496612549e-01 -1.295212268829345703e+00 -6.356165558099746704e-02 -9.496654272079467773e-01 -3.067502379417419434e-01 1.208157539367675781e+00 0.000000000000000000e+00 0.000000000000000000e+00 0.000000000000000000e+00 1.000000000000000000e+00
2.951086163520812988e-01 -3.110343217849731445e-01 9.034205675125122070e-01 -1.008220434188842773e+00 -9.533306360244750977e-01 -3.270335495471954346e-02 3.001526892185211182e-01 -1.291486263275146484e+00 -6.381290405988693237e-02 -9.498359560966491699e-01 -3.061694800853729248e-01 1.207996129989624023e+00 0.000000000000000000e+00 0.000000000000000000e+00 0.000000000000000000e+00 1.000000000000000000e+00
2.949900031089782715e-01 -3.105527162551879883e-01 9.036249518394470215e-01 -1.008790493011474609e+00 -9.533510208129882812e-01 -3.226085007190704346e-02 3.001357913017272949e-01 -1.287760376930236816e+00 -6.405629962682723999e-02 -9.500086307525634766e-01 -3.055823445320129395e-01 1.207834601402282715e+00 0.000000000000000000e+00 0.000000000000000000e+00 0.000000000000000000e+00 1.000000000000000000e+00
2.948703765869140625e-01 -3.100631535053253174e-01 9.038319587707519531e-01 -1.009360551834106445e+00 -9.533722400665283203e-01 -3.182312846183776855e-02 3.001153767108917236e-01 -1.284034371376037598e+00 -6.429196894168853760e-02 -9.501833915710449219e-01 -3.049891591072082520e-01 1.207673072814941406e+00 0.000000000000000000e+00 0.000000000000000000e+00 0.000000000000000000e+00 1.000000000000000000e+00
2.947497963905334473e-01 -3.095660805702209473e-01 9.040417671203613281e-01 -1.009930610656738281e+00 -9.533941149711608887e-01 -3.139027953147888184e-02 3.000914156436920166e-01 -1.280308485031127930e+00 -6.452001631259918213e-02 -9.503598213195800781e-01 -3.043906390666961670e-01 1.207511663436889648e+00 0.000000000000000000e+00 0.000000000000000000e+00 0.000000000000000000e+00 1.000000000000000000e+00
2.946283519268035889e-01 -3.090620040893554688e-01 9.042538404464721680e-01 -1.010500669479370117e+00 -9.534166455268859863e-01 -3.096237592399120331e-02 3.000641763210296631e-01 -1.276582479476928711e+00 -6.474060565233230591e-02 -9.505379199981689453e-01 -3.037871420383453369e-01 1.207350134849548340e+00 0.000000000000000000e+00 0.000000000000000000e+00 0.000000000000000000e+00 1.000000000000000000e+00
2.945060729980468750e-01 -3.085514605045318604e-01 9.044679403305053711e-01 -1.011070728302001953e+00 -9.534398913383483887e-01 -3.053947351872920990e-02 3.000335395336151123e-01 -1.272856473922729492e+00 -6.495382636785507202e-02 -9.507173299789428711e-01 -3.031792640686035156e-01 1.207188725471496582e+00 0.000000000000000000e+00 0.000000000000000000e+00 0.000000000000000000e+00 1.000000000000000000e+00
2.943832576274871826e-01 -3.080348670482635498e-01 9.046838879585266113e-01 -1.011640787124633789e+00 -9.534638524055480957e-01 -3.012169525027275085e-02 2.999998629093170166e-01 -1.269130706787109375e+00 -6.515981256961822510e-02 -9.508982300758361816e-01 -3.025672733783721924e-01 1.207027196884155273e+00 0.000000000000000000e+00 0.000000000000000000e+00 0.000000000000000000e+00 1.000000000000000000e+00
2.942598462104797363e-01 -3.075128197669982910e-01 9.049017429351806641e-01 -1.012210845947265625e+00 -9.534883499145507812e-01 -2.970912307500839233e-02 2.999632060527801514e-01 -1.265404820442199707e+00 -6.535870581865310669e-02 -9.510801434516906738e-01 -3.019519746303558350e-01 1.206865787506103516e+00 0.000000000000000000e+00 0.000000000000000000e+00 0.000000000000000000e+00 1.000000000000000000e+00
2.941359579563140869e-01 -3.069856464862823486e-01 9.051209092140197754e-01 -1.012780904769897461e+00 -9.535133838653564453e-01 -2.930177748203277588e-02 2.999236583709716797e-01 -1.261678814888000488e+00 -6.555061787366867065e-02 -9.512630701065063477e-01 -3.013334572315216064e-01 1.206704258918762207e+00 0.000000000000000000e+00 0.000000000000000000e+00 0.000000000000000000e+00 1.000000000000000000e+00
2.940117716789245605e-01 -3.064541518688201904e-01 9.053414463996887207e-01 -1.013350963592529297e+00 -9.535389542579650879e-01 -2.889985777437686920e-02 2.998813986778259277e-01 -1.257952809333801270e+00 -6.573567539453506470e-02 -9.514467120170593262e-01 -3.007127642631530762e-01 1.206542849540710449e+00 0.000000000000000000e+00 0.000000000000000000e+00 0.000000000000000000e+00 1.000000000000000000e+00
2.938872277736663818e-01 -3.059185147285461426e-01 9.055629372596740723e-01 -1.013913750648498535e+00 -9.535649418830871582e-01 -2.850331366062164307e-02 2.998364567756652832e-01 -1.254226088523864746e+00 -6.591399013996124268e-02 -9.516310095787048340e-01 -3.000898659229278564e-01 1.206381082534790039e+00 0.000000000000000000e+00 0.000000000000000000e+00 0.000000000000000000e+00 1.000000000000000000e+00
2.937624752521514893e-01 -3.053797185420989990e-01 9.057852029800415039e-01 -1.014253139495849609e+00 -9.535915851593017578e-01 -2.811234444379806519e-02 2.997888922691345215e-01 -1.250472426414489746e+00 -6.608571112155914307e-02 -9.518157839775085449e-01 -2.994657456874847412e-01 1.206212520599365234e+00 0.000000000000000000e+00 0.000000000000000000e+00 0.000000000000000000e+00 1.000000000000000000e+00
2.936377227306365967e-01 -3.048376739025115967e-01 9.060082435607910156e-01 -1.014592409133911133e+00 -9.536184668540954590e-01 -2.772691287100315094e-02 2.997390329837799072e-01 -1.246718764305114746e+00 -6.625094264745712280e-02 -9.520007967948913574e-01 -2.988404035568237305e-01 1.206043839454650879e+00 0.000000000000000000e+00 0.000000000000000000e+00 0.000000000000000000e+00 1.000000000000000000e+00
2.935130298137664795e-01 -3.042931854724884033e-01 9.062316417694091797e-01 -1.014931678771972656e+00 -9.536458253860473633e-01 -2.734716236591339111e-02 2.996869087219238281e-01 -1.242964982986450195e+00 -6.640982627868652344e-02 -9.521859884262084961e-01 -2.982146143913269043e-01 1.205875158309936523e+00 0.000000000000000000e+00 0.000000000000000000e+00 0.000000000000000000e+00 1.000000000000000000e+00
2.933884561061859131e-01 -3.037468791007995605e-01 9.064552187919616699e-01 -1.015270948410034180e+00 -9.536734819412231445e-01 -2.697323821485042572e-02 2.996327280998229980e-01 -1.239211320877075195e+00 -6.656248122453689575e-02 -9.523710012435913086e-01 -2.975888848304748535e-01 1.205706596374511719e+00 0.000000000000000000e+00 0.000000000000000000e+00 0.000000000000000000e+00 1.000000000000000000e+00
2.932639420032501221e-01 -3.031990826129913330e-01 9.066789746284484863e-01 -1.015610218048095703e+00 -9.537015557289123535e-01 -2.660506777465343475e-02 2.995763123035430908e-01 -1.235457658767700195e+00 -6.670901924371719360e-02 -9.525558948516845703e-01 -2.969636321067810059e-01 1.205537915229797363e+00 0.000000000000000000e+00 0.000000000000000000e+00 0.000000000000000000e+00 1.000000000000000000e+00
2.931399047374725342e-01 -3.026502728462219238e-01 9.069023728370666504e-01 -1.015949487686157227e+00 -9.537298679351806641e-01 -2.624282240867614746e-02 2.995181977748870850e-01 -1.231703996658325195e+00 -6.684958189725875854e-02 -9.527404308319091797e-01 -2.963393032550811768e-01 1.205369353294372559e+00 0.000000000000000000e+00 0.000000000000000000e+00 0.000000000000000000e+00 1.000000000000000000e+00
2.930161356925964355e-01 -3.021011352539062500e-01 9.071254730224609375e-01 -1.016288757324218750e+00 -9.537584781646728516e-01 -2.588657848536968231e-02 2.994581758975982666e-01 -1.227950215339660645e+00 -6.698428094387054443e-02 -9.529245495796203613e-01 -2.957165837287902832e-01 1.205200672149658203e+00 0.000000000000000000e+00 0.000000000000000000e+00 0.000000000000000000e+00 1.000000000000000000e+00
2.928929626941680908e-01 -3.015519678592681885e-01 9.073479175567626953e-01 -1.016628265380859375e+00 -9.537872076034545898e-01 -2.553639374673366547e-02 2.993966042995452881e-01 -1.224196672439575195e+00 -6.711325049400329590e-02 -9.531078338623046875e-01 -2.950957417488098145e-01 1.205031991004943848e+00 0.000000000000000000e+00 0.000000000000000000e+00 0.000000000000000000e+00 1.000000000000000000e+00
2.927702069282531738e-01 -3.010035455226898193e-01 9.075695276260375977e-01 -1.016967415809631348e+00 -9.538162350654602051e-01 -2.519234269857406616e-02 2.993333935737609863e-01 -1.220442891120910645e+00 -6.723661720752716064e-02 -9.532904028892517090e-01 -2.944774925708770752e-01 1.204863429069519043e+00 0.000000000000000000e+00 0.000000000000000000e+00 0.000000000000000000e+00 1.000000000000000000e+00
2.926483750343322754e-01 -3.004561662673950195e-01 9.077900648117065430e-01 -1.017306804656982422e+00 -9.538453221321105957e-01 -2.485456503927707672e-02 2.992689311504364014e-01 -1.216689348220825195e+00 -6.735449284315109253e-02 -9.534718394279479980e-01 -2.938622534275054932e-01 1.204694747924804688e+00 0.000000000000000000e+00 0.000000000000000000e+00 0.000000000000000000e+00 1.000000000000000000e+00
2.925271987915039062e-01 -2.999103665351867676e-01 9.080096483230590820e-01 -1.017646074295043945e+00 -9.538745284080505371e-01 -2.452300302684307098e-02 2.992031574249267578e-01 -1.212935566902160645e+00 -6.746701896190643311e-02 -9.536522030830383301e-01 -2.932503521442413330e-01 1.204526185989379883e+00 0.000000000000000000e+00 0.000000000000000000e+00 0.000000000000000000e+00 1.000000000000000000e+00
2.924069464206695557e-01 -2.993666529655456543e-01 9.082278609275817871e-01 -1.017985343933105469e+00 -9.539037942886352539e-01 -2.419782988727092743e-02 2.991363108158111572e-01 -1.209181904792785645e+00 -6.757429987192153931e-02 -9.538313746452331543e-01 -2.926425039768218994e-01 1.204357504844665527e+00 0.000000000000000000e+00 0.000000000000000000e+00 0.000000000000000000e+00 1.000000000000000000e+00
2.922875583171844482e-01 -2.988256514072418213e-01 9.084444642066955566e-01 -1.018324613571166992e+00 -9.539331197738647461e-01 -2.387906238436698914e-02 2.990683317184448242e-01 -1.205428242683410645e+00 -6.767649948596954346e-02 -9.540090560913085938e-01 -2.920391261577606201e-01 1.204188823699951172e+00 0.000000000000000000e+00 0.000000000000000000e+00 0.000000000000000000e+00 1.000000000000000000e+00
2.921692728996276855e-01 -2.982877790927886963e-01 9.086592197418212891e-01 -1.018663883209228516e+00 -9.539624452590942383e-01 -2.356686256825923920e-02 2.989995479583740234e-01 -1.201674580574035645e+00 -6.777367740869522095e-02 -9.541851878166198730e-01 -2.914407551288604736e-01 1.204020261764526367e+00 0.000000000000000000e+00 0.000000000000000000e+00 0.000000000000000000e+00 1.000000000000000000e+00
2.920522391796112061e-01 -2.977536022663116455e-01 9.088720083236694336e-01 -1.018898010253906250e+00 -9.539917111396789551e-01 -2.326122671365737915e-02 2.989300787448883057e-01 -1.197914600372314453e+00 -6.786602735519409180e-02 -9.543594717979431152e-01 -2.908478379249572754e-01 1.203848600387573242e+00 0.000000000000000000e+00 0.000000000000000000e+00 0.000000000000000000e+00 1.000000000000000000e+00
2.919363081455230713e-01 -2.972235381603240967e-01 9.090827107429504395e-01 -1.019010305404663086e+00 -9.540209770202636719e-01 -2.296224795281887054e-02 2.988598644733428955e-01 -1.194147706031799316e+00 -6.795361638069152832e-02 -9.545318484306335449e-01 -2.902609705924987793e-01 1.203673601150512695e+00 0.000000000000000000e+00 0.000000000000000000e+00 0.000000000000000000e+00 1.000000000000000000e+00
2.918218374252319336e-01 -2.966983020305633545e-01 9.092910289764404297e-01 -1.019122600555419922e+00 -9.540500640869140625e-01 -2.267001383006572723e-02 2.987892329692840576e-01 -1.190380573272705078e+00 -6.803661584854125977e-02 -9.547022581100463867e-01 -2.896805107593536377e-01 1.203498601913452148e+00 0.000000000000000000e+00 0.000000000000000000e+00 0.000000000000000000e+00 1.000000000000000000e+00
2.917088270187377930e-01 -2.961781322956085205e-01 9.094968438148498535e-01 -1.019235014915466309e+00 -9.540790915489196777e-01 -2.238457649946212769e-02 2.987183034420013428e-01 -1.186613678932189941e+00 -6.811512261629104614e-02 -9.548705816268920898e-01 -2.891070544719696045e-01 1.203323602676391602e+00 0.000000000000000000e+00 0.000000000000000000e+00 0.000000000000000000e+00 1.000000000000000000e+00
2.915974557399749756e-01 -2.956637144088745117e-01 9.096999168395996094e-01 -1.019347310066223145e+00 -9.541077613830566406e-01 -2.210606075823307037e-02 2.986471951007843018e-01 -1.182846665382385254e+00 -6.818927079439163208e-02 -9.550364017486572266e-01 -2.885410189628601074e-01 1.203148603439331055e+00 0.000000000000000000e+00 0.000000000000000000e+00 0.000000000000000000e+00 1.000000000000000000e+00
2.914874553680419922e-01 -2.951555252075195312e-01 9.099001884460449219e-01 -1.019459724426269531e+00 -9.541363716125488281e-01 -2.183438651263713837e-02 2.985757291316986084e-01 -1.179079532623291016e+00 -6.825917959213256836e-02 -9.551998376846313477e-01 -2.879829704761505127e-01 1.202973604202270508e+00 0.000000000000000000e+00 0.000000000000000000e+00 0.000000000000000000e+00 1.000000000000000000e+00
2.913794815540313721e-01 -2.946541607379913330e-01 9.100973010063171387e-01 -1.019572019577026367e+00 -9.541646838188171387e-01 -2.156983129680156708e-02 2.985046207904815674e-01 -1.175312638282775879e+00 -6.832497566938400269e-02 -9.553606510162353516e-01 -2.874334752559661865e-01 1.202798604965209961e+00 0.000000000000000000e+00 0.000000000000000000e+00 0.000000000000000000e+00 1.000000000000000000e+00
2.912731170654296875e-01 -2.941600382328033447e-01 9.102911949157714844e-01 -1.019684314727783203e+00 -9.541926980018615723e-01 -2.131230570375919342e-02 2.984334528446197510e-01 -1.171545505523681641e+00 -6.838679313659667969e-02 -9.555186629295349121e-01 -2.868929505348205566e-01 1.202623605728149414e+00 0.000000000000000000e+00 0.000000000000000000e+00 0.000000000000000000e+00 1.000000000000000000e+00
2.911687791347503662e-01 -2.936737537384033203e-01 9.104814529418945312e-01 -1.019796609878540039e+00 -9.542204141616821289e-01 -2.106199972331523895e-02 2.983626723289489746e-01 -1.167778491973876953e+00 -6.844473630189895630e-02 -9.556737542152404785e-01 -2.863619923591613770e-01 1.202448487281799316e+00 0.000000000000000000e+00 0.000000000000000000e+00 0.000000000000000000e+00 1.000000000000000000e+00
2.910662889480590820e-01 -2.931957244873046875e-01 9.106681942939758301e-01 -1.019908905029296875e+00 -9.542477130889892578e-01 -2.081884816288948059e-02 2.982921898365020752e-01 -1.164011597633361816e+00 -6.849893927574157715e-02 -9.558258652687072754e-01 -2.858408987522125244e-01 1.202273488044738770e+00 0.000000000000000000e+00 0.000000000000000000e+00 0.000000000000000000e+00 1.000000000000000000e+00
2.909661233425140381e-01 -2.927265167236328125e-01 9.108512997627258301e-01 -1.020021319389343262e+00 -9.542746543884277344e-01 -2.058301679790019989e-02 2.982224524021148682e-01 -1.160244464874267578e+00 -6.854955106973648071e-02 -9.559747576713562012e-01 -2.853303253650665283e-01 1.202098488807678223e+00 0.000000000000000000e+00 0.000000000000000000e+00 0.000000000000000000e+00 1.000000000000000000e+00
2.908681333065032959e-01 -2.922666668891906738e-01 9.110302329063415527e-01 -1.020133614540100098e+00 -9.543011784553527832e-01 -2.035458013415336609e-02 2.981533706188201904e-01 -1.156477570533752441e+00 -6.859665364027023315e-02 -9.561204314231872559e-01 -2.848307788372039795e-01 1.201923489570617676e+00 0.000000000000000000e+00 0.000000000000000000e+00 0.000000000000000000e+00 1.000000000000000000e+00
2.907724082469940186e-01 -2.918166816234588623e-01 9.112049937248229980e-01 -1.020246028900146484e+00 -9.543272256851196289e-01 -2.013354189693927765e-02 2.980850338935852051e-01 -1.152710437774658203e+00 -6.864040344953536987e-02 -9.562624692916870117e-01 -2.843427658081054688e-01 1.201748490333557129e+00 0.000000000000000000e+00 0.000000000000000000e+00 0.000000000000000000e+00 1.000000000000000000e+00
2.906790971755981445e-01 -2.913770079612731934e-01 9.113754034042358398e-01 -1.020358324050903320e+00 -9.543527364730834961e-01 -1.992000639438629150e-02 2.980177104473114014e-01 -1.148943424224853516e+00 -6.868091225624084473e-02 -9.564009904861450195e-01 -2.838666737079620361e-01 1.201573491096496582e+00 0.000000000000000000e+00 0.000000000000000000e+00 0.000000000000000000e+00 1.000000000000000000e+00
2.905882000923156738e-01 -2.909483015537261963e-01 9.115413427352905273e-01 -1.020420312881469727e+00 -9.543776512145996094e-01 -1.971403323113918304e-02 2.979514002799987793e-01 -1.145175576210021973e+00 -6.871830672025680542e-02 -9.565357565879821777e-01 -2.834031581878662109e-01 1.201446175575256348e+00 0.000000000000000000e+00 0.000000000000000000e+00 0.000000000000000000e+00 1.000000000000000000e+00
2.905000448226928711e-01 -2.905310094356536865e-01 9.117025732994079590e-01 -1.020307779312133789e+00 -9.544020891189575195e-01 -1.951572112739086151e-02 2.978864014148712158e-01 -1.141404628753662109e+00 -6.875271350145339966e-02 -9.566666483879089355e-01 -2.829526066780090332e-01 1.201483845710754395e+00 0.000000000000000000e+00 0.000000000000000000e+00 0.000000000000000000e+00 1.000000000000000000e+00
2.904144227504730225e-01 -2.901256978511810303e-01 9.118588566780090332e-01 -1.020195364952087402e+00 -9.544257521629333496e-01 -1.932508125901222229e-02 2.978226244449615479e-01 -1.137633919715881348e+00 -6.878424435853958130e-02 -9.567935466766357422e-01 -2.825156450271606445e-01 1.201521635055541992e+00 0.000000000000000000e+00 0.000000000000000000e+00 0.000000000000000000e+00 1.000000000000000000e+00
2.903316915035247803e-01 -2.897326946258544922e-01 9.120100736618041992e-01 -1.020082950592041016e+00 -9.544489383697509766e-01 -1.914222352206707001e-02 2.977604269981384277e-01 -1.133862972259521484e+00 -6.881303340196609497e-02 -9.569163322448730469e-01 -2.820925116539001465e-01 1.201559424400329590e+00 0.000000000000000000e+00 0.000000000000000000e+00 0.000000000000000000e+00 1.000000000000000000e+00
2.902517616748809814e-01 -2.893526554107666016e-01 9.121562242507934570e-01 -1.019970536231994629e+00 -9.544713497161865234e-01 -1.896713487803936005e-02 2.976997196674346924e-01 -1.130092144012451172e+00 -6.883922964334487915e-02 -9.570348262786865234e-01 -2.816839814186096191e-01 1.201597213745117188e+00 0.000000000000000000e+00 0.000000000000000000e+00 0.000000000000000000e+00 1.000000000000000000e+00
2.901749312877655029e-01 -2.889861464500427246e-01 9.122968912124633789e-01 -1.019858121871948242e+00 -9.544929862022399902e-01 -1.880002208054065704e-02 2.976409494876861572e-01 -1.126321196556091309e+00 -6.886290758848190308e-02 -9.571487903594970703e-01 -2.812905013561248779e-01 1.201635003089904785e+00 0.000000000000000000e+00 0.000000000000000000e+00 0.000000000000000000e+00 1.000000000000000000e+00
2.901009917259216309e-01 -2.886337935924530029e-01 9.124318957328796387e-01 -1.019745588302612305e+00 -9.545139670372009277e-01 -1.864084228873252869e-02 2.975837886333465576e-01 -1.122550249099731445e+00 -6.888423860073089600e-02 -9.572582840919494629e-01 -2.809126079082489014e-01 1.201672792434692383e+00 0.000000000000000000e+00 0.000000000000000000e+00 0.000000000000000000e+00 1.000000000000000000e+00
2.900303900241851807e-01 -2.882958352565765381e-01 9.125611782073974609e-01 -1.019633293151855469e+00 -9.545339941978454590e-01 -1.848972588777542114e-02 2.975288033485412598e-01 -1.118779420852661133e+00 -6.890332698822021484e-02 -9.573630094528198242e-01 -2.805506885051727295e-01 1.201710581779479980e+00 0.000000000000000000e+00 0.000000000000000000e+00 0.000000000000000000e+00 1.000000000000000000e+00
2.899628281593322754e-01 -2.879729866981506348e-01 9.126846194267272949e-01 -1.019520759582519531e+00 -9.545533061027526855e-01 -1.834664866328239441e-02 2.974757254123687744e-01 -1.115008473396301270e+00 -6.892027705907821655e-02 -9.574629068374633789e-01 -2.802053689956665039e-01 1.201748251914978027e+00 0.000000000000000000e+00 0.000000000000000000e+00 0.000000000000000000e+00 1.000000000000000000e+00
2.898987829685211182e-01 -2.876655757427215576e-01 9.128018617630004883e-01 -1.019408464431762695e+00 -9.545716643333435059e-01 -1.821173354983329773e-02 2.974250614643096924e-01 -1.111237645149230957e+00 -6.893525272607803345e-02 -9.575578570365905762e-01 -2.798768579959869385e-01 1.201786041259765625e+00 0.000000000000000000e+00 0.000000000000000000e+00 0.000000000000000000e+00 1.000000000000000000e+00
2.898382246494293213e-01 -2.873743772506713867e-01 9.129128456115722656e-01 -1.019295930862426758e+00 -9.545891880989074707e-01 -1.808510720729827881e-02 2.973767817020416260e-01 -1.107466816902160645e+00 -6.894835084676742554e-02 -9.576477408409118652e-01 -2.795661389827728271e-01 1.201823830604553223e+00 0.000000000000000000e+00 0.000000000000000000e+00 0.000000000000000000e+00 1.000000000000000000e+00
2.897810935974121094e-01 -2.870997786521911621e-01 9.130172729492187500e-01 -1.019183516502380371e+00 -9.546056389808654785e-01 -1.796673238277435303e-02 2.973308861255645752e-01 -1.103695869445800781e+00 -6.895972043275833130e-02 -9.577323198318481445e-01 -2.792733609676361084e-01 1.201861619949340820e+00 0.000000000000000000e+00 0.000000000000000000e+00 0.000000000000000000e+00 1.000000000000000000e+00
2.897276282310485840e-01 -2.868422269821166992e-01 9.131152629852294922e-01 -1.019071102142333984e+00 -9.546211957931518555e-01 -1.785672642290592194e-02 2.972877025604248047e-01 -1.099925041198730469e+00 -6.896943598985671997e-02 -9.578114748001098633e-01 -2.789991796016693115e-01 1.201899409294128418e+00 0.000000000000000000e+00 0.000000000000000000e+00 0.000000000000000000e+00 1.000000000000000000e+00
2.896777689456939697e-01 -2.866023182868957520e-01 9.132063388824462891e-01 -1.018958687782287598e+00 -9.546357989311218262e-01 -1.775504648685455322e-02 2.972470521926879883e-01 -1.096154093742370605e+00 -6.897769123315811157e-02 -9.578852057456970215e-01 -2.787439227104187012e-01 1.201937198638916016e+00 0.000000000000000000e+00 0.000000000000000000e+00 0.000000000000000000e+00 1.000000000000000000e+00
2.896318733692169189e-01 -2.863805890083312988e-01 9.132905602455139160e-01 -1.018846273422241211e+00 -9.546491503715515137e-01 -1.766194030642509460e-02 2.972095310688018799e-01 -1.092383146286010742e+00 -6.898456811904907227e-02 -9.579533338546752930e-01 -2.785083353519439697e-01 1.201974868774414062e+00 0.000000000000000000e+00 0.000000000000000000e+00 0.000000000000000000e+00 1.000000000000000000e+00
2.895899713039398193e-01 -2.861775755882263184e-01 9.133674502372741699e-01 -1.018506765365600586e+00 -9.546614885330200195e-01 -1.757742464542388916e-02 2.971750199794769287e-01 -1.088625788688659668e+00 -6.899019330739974976e-02 -9.580155014991760254e-01 -2.782928645610809326e-01 1.201992273330688477e+00 0.000000000000000000e+00 0.000000000000000000e+00 0.000000000000000000e+00 1.000000000000000000e+00
2.895520031452178955e-01 -2.859936654567718506e-01 9.134370088577270508e-01 -1.018167138099670410e+00 -9.546726942062377930e-01 -1.750146038830280304e-02 2.971435189247131348e-01 -1.084868431091308594e+00 -6.899469345808029175e-02 -9.580717682838439941e-01 -2.780977785587310791e-01 1.202009677886962891e+00 0.000000000000000000e+00 0.000000000000000000e+00 0.000000000000000000e+00 1.000000000000000000e+00
2.895181179046630859e-01 -2.858295142650604248e-01 9.134991765022277832e-01 -1.017827510833740234e+00 -9.546826481819152832e-01 -1.743420213460922241e-02 2.971152961254119873e-01 -1.081110954284667969e+00 -6.899820268154144287e-02 -9.581220746040344238e-01 -2.779239118099212646e-01 1.202026963233947754e+00 0.000000000000000000e+00 0.000000000000000000e+00 0.000000000000000000e+00 1.000000000000000000e+00
2.894883453845977783e-01 -2.856855392456054688e-01 9.135536551475524902e-01 -1.017488002777099609e+00 -9.546915292739868164e-01 -1.737563498318195343e-02 2.970903515815734863e-01 -1.077353596687316895e+00 -6.900084763765335083e-02 -9.581660628318786621e-01 -2.777715027332305908e-01 1.202044367790222168e+00 0.000000000000000000e+00 0.000000000000000000e+00 0.000000000000000000e+00 1.000000000000000000e+00
2.894630432128906250e-01 -2.855623662471771240e-01 9.136002659797668457e-01 -1.017148256301879883e+00 -9.546990394592285156e-01 -1.732598058879375458e-02 2.970690429210662842e-01 -1.073596119880676270e+00 -6.900272518396377563e-02 -9.582036733627319336e-01 -2.776412367820739746e-01 1.202061653137207031e+00 0.000000000000000000e+00 0.000000000000000000e+00 0.000000000000000000e+00 1.000000000000000000e+00
2.894420921802520752e-01 -2.854604125022888184e-01 9.136387109756469727e-01 -1.016808629035949707e+00 -9.547052979469299316e-01 -1.728515513241291046e-02 2.970512807369232178e-01 -1.069839000701904297e+00 -6.900399178266525269e-02 -9.582347869873046875e-01 -2.775335013866424561e-01 1.202079057693481445e+00 0.000000000000000000e+00 0.000000000000000000e+00 0.000000000000000000e+00 1.000000000000000000e+00
2.894256711006164551e-01 -2.853801846504211426e-01 9.136688709259033203e-01 -1.016469001770019531e+00 -9.547103047370910645e-01 -1.725330576300621033e-02 2.970373034477233887e-01 -1.066081404685974121e+00 -6.900476664304733276e-02 -9.582592248916625977e-01 -2.774488031864166260e-01 1.202096462249755859e+00 0.000000000000000000e+00 0.000000000000000000e+00 0.000000000000000000e+00 1.000000000000000000e+00
2.894137203693389893e-01 -2.853222489356994629e-01 9.136909246444702148e-01 -1.016129493713378906e+00 -9.547138810157775879e-01 -1.723042875528335571e-02 2.970270812511444092e-01 -1.062323927879333496e+00 -6.900516152381896973e-02 -9.582769274711608887e-01 -2.773877084255218506e-01 1.202113747596740723e+00 0.000000000000000000e+00 0.000000000000000000e+00 0.000000000000000000e+00 1.000000000000000000e+00
2.894065678119659424e-01 -2.852871417999267578e-01 9.137041568756103516e-01 -1.015789866447448730e+00 -9.547159671783447266e-01 -1.721668429672718048e-02 2.970209419727325439e-01 -1.058566689491271973e+00 -6.900530308485031128e-02 -9.582876563072204590e-01 -2.773506939411163330e-01 1.202131152153015137e+00 0.000000000000000000e+00 0.000000000000000000e+00 0.000000000000000000e+00 1.000000000000000000e+00
2.894041836261749268e-01 -2.852753400802612305e-01 9.137085080146789551e-01 -1.015450239181518555e+00 -9.547167420387268066e-01 -1.721208915114402771e-02 2.970188856124877930e-01 -1.054809212684631348e+00 -6.900532543659210205e-02 -9.582912325859069824e-01 -2.773382365703582764e-01 1.202148437500000000e+00 0.000000000000000000e+00 0.000000000000000000e+00 0.000000000000000000e+00 1.000000000000000000e+00
2.894310355186462402e-01 -2.852789759635925293e-01 9.136988520622253418e-01 -1.015110492706298828e+00 -9.547098278999328613e-01 -1.723865233361721039e-02 2.970395386219024658e-01 -1.051051735877990723e+00 -6.898820400238037109e-02 -9.582896232604980469e-01 -2.773479521274566650e-01 1.202165842056274414e+00 0.000000000000000000e+00 0.000000000000000000e+00 0.000000000000000000e+00 1.000000000000000000e+00
2.895111739635467529e-01 -2.852898240089416504e-01 9.136701822280883789e-01 -1.014770984649658203e+00 -9.546892046928405762e-01 -1.731777191162109375e-02 2.971011996269226074e-01 -1.047294497489929199e+00 -6.893721222877502441e-02 -9.582849740982055664e-01 -2.773766815662384033e-01 1.202183127403259277e+00 0.000000000000000000e+00 0.000000000000000000e+00 0.000000000000000000e+00 1.000000000000000000e+00
2.896432578563690186e-01 -2.853079140186309814e-01 9.136226177215576172e-01 -1.014431238174438477e+00 -9.546552300453186035e-01 -1.744863390922546387e-02 2.972026765346527100e-01 -1.043537020683288574e+00 -6.885281950235366821e-02 -9.582772254943847656e-01 -2.774244546890258789e-01 1.202200531959533691e+00 0.000000000000000000e+00 0.000000000000000000e+00 0.000000000000000000e+00 1.000000000000000000e+00
2.898263335227966309e-01 -2.853330671787261963e-01 9.135567545890808105e-01 -1.014091610908508301e+00 -9.546080827713012695e-01 -1.763035729527473450e-02 2.973432540893554688e-01 -1.039779782295227051e+00 -6.873553991317749023e-02 -9.582663774490356445e-01 -2.774909138679504395e-01 1.202217817306518555e+00 0.000000000000000000e+00 0.000000000000000000e+00 0.000000000000000000e+00 1.000000000000000000e+00
2.900592684745788574e-01 -2.853649854660034180e-01 9.134728312492370605e-01 -1.013649225234985352e+00 -9.545480608940124512e-01 -1.786202751100063324e-02 2.975220084190368652e-01 -1.036034703254699707e+00 -6.858588755130767822e-02 -9.582526683807373047e-01 -2.775755524635314941e-01 1.202225923538208008e+00 0.000000000000000000e+00 0.000000000000000000e+00 0.000000000000000000e+00 1.000000000000000000e+00
2.903409004211425781e-01 -2.854037880897521973e-01 9.133711457252502441e-01 -1.013078689575195312e+00 -9.544755220413208008e-01 -1.814282871782779694e-02 2.977378070354461670e-01 -1.032305240631103516e+00 -6.840436160564422607e-02 -9.582358002662658691e-01 -2.776784002780914307e-01 1.202222347259521484e+00 0.000000000000000000e+00 0.000000000000000000e+00 0.000000000000000000e+00 1.000000000000000000e+00
2.906703054904937744e-01 -2.854492664337158203e-01 9.132522344589233398e-01 -1.012508034706115723e+00 -9.543904662132263184e-01 -1.847197301685810089e-02 2.979900240898132324e-01 -1.028576135635375977e+00 -6.819147616624832153e-02 -9.582158923149108887e-01 -2.777992188930511475e-01 1.202218651771545410e+00 0.000000000000000000e+00 0.000000000000000000e+00 0.000000000000000000e+00 1.000000000000000000e+00
2.910463809967041016e-01 -2.855010032653808594e-01 9.131162762641906738e-01 -1.011937499046325684e+00 -9.542932510375976562e-01 -1.884851604700088501e-02 2.982777059078216553e-01 -1.024846553802490234e+00 -6.794770807027816772e-02 -9.581931829452514648e-01 -2.779374122619628906e-01 1.202215075492858887e+00 0.000000000000000000e+00 0.000000000000000000e+00 0.000000000000000000e+00 1.000000000000000000e+00
2.914678156375885010e-01 -2.855591773986816406e-01 9.129635095596313477e-01 -1.011366844177246094e+00 -9.541841149330139160e-01 -1.927163824439048767e-02 2.985996603965759277e-01 -1.021117210388183594e+00 -6.767359375953674316e-02 -9.581674337387084961e-01 -2.780929803848266602e-01 1.202211499214172363e+00 0.000000000000000000e+00 0.000000000000000000e+00 0.000000000000000000e+00 1.000000000000000000e+00
2.919336855411529541e-01 -2.856234610080718994e-01 9.127946496009826660e-01 -1.010796308517456055e+00 -9.540631771087646484e-01 -1.974049583077430725e-02 2.989552319049835205e-01 -1.017387986183166504e+00 -6.736960262060165405e-02 -9.581387639045715332e-01 -2.782656252384185791e-01 1.202207922935485840e+00 0.000000000000000000e+00 0.000000000000000000e+00 0.000000000000000000e+00 1.000000000000000000e+00
2.924428284168243408e-01 -2.856936752796173096e-01 9.126096963882446289e-01 -1.010225772857666016e+00 -9.539307355880737305e-01 -2.025423943996429443e-02 2.993432581424713135e-01 -1.013658523559570312e+00 -6.703627109527587891e-02 -9.581071138381958008e-01 -2.784551084041595459e-01 1.202204346656799316e+00 0.000000000000000000e+00 0.000000000000000000e+00 0.000000000000000000e+00 1.000000000000000000e+00
2.929942607879638672e-01 -2.857695221900939941e-01 9.124090075492858887e-01 -1.009655237197875977e+00 -9.537869691848754883e-01 -2.081202529370784760e-02 2.997630536556243896e-01 -1.009929299354553223e+00 -6.667407602071762085e-02 -9.580725431442260742e-01 -2.786609232425689697e-01 1.202200770378112793e+00 0.000000000000000000e+00 0.000000000000000000e+00 0.000000000000000000e+00 1.000000000000000000e+00
2.935866713523864746e-01 -2.858510017395019531e-01 9.121929407119750977e-01 -1.009084701538085938e+00 -9.536316990852355957e-01 -2.141300402581691742e-02 3.002134561538696289e-01 -1.006199955940246582e+00 -6.628353148698806763e-02 -9.580348730087280273e-01 -2.788830995559692383e-01 1.202197194099426270e+00 0.000000000000000000e+00 0.000000000000000000e+00 0.000000000000000000e+00 1.000000000000000000e+00
2.942190766334533691e-01 -2.859377562999725342e-01 9.119620323181152344e-01 -1.008514165878295898e+00 -9.534659981727600098e-01 -2.205626666545867920e-02 3.006934821605682373e-01 -1.002470493316650391e+00 -6.586515903472900391e-02 -9.579944014549255371e-01 -2.791212499141693115e-01 1.202193617820739746e+00 0.000000000000000000e+00 0.000000000000000000e+00 0.000000000000000000e+00 1.000000000000000000e+00
2.948903143405914307e-01 -2.860296964645385742e-01 9.117164015769958496e-01 -1.007943511009216309e+00 -9.532893896102905273e-01 -2.274103462696075439e-02 3.012022972106933594e-01 -9.987412691116333008e-01 -6.541943550109863281e-02 -9.579509496688842773e-01 -2.793751060962677002e-01 1.202189922332763672e+00 0.000000000000000000e+00 0.000000000000000000e+00 0.000000000000000000e+00 1.000000000000000000e+00
2.955994009971618652e-01 -2.861266136169433594e-01 9.114562273025512695e-01 -1.007372975349426270e+00 -9.531020522117614746e-01 -2.346649952232837677e-02 3.017389178276062012e-01 -9.950118064880371094e-01 -6.494686752557754517e-02 -9.579045772552490234e-01 -2.796443998813629150e-01 1.202186346054077148e+00 0.000000000000000000e+00 0.000000000000000000e+00 0.000000000000000000e+00 1.000000000000000000e+00
2.963450551033020020e-01 -2.862281203269958496e-01 9.111822843551635742e-01 -1.006802320480346680e+00 -9.529043436050415039e-01 -2.423168346285820007e-02 3.023023605346679688e-01 -9.912825822830200195e-01 -6.444796174764633179e-02 -9.578551650047302246e-01 -2.799288332462310791e-01 1.202182769775390625e+00 0.000000000000000000e+00 0.000000000000000000e+00 0.000000000000000000e+00 1.000000000000000000e+00
2.971263229846954346e-01 -2.863341569900512695e-01 9.108945131301879883e-01 -1.006231784820556641e+00 -9.526963233947753906e-01 -2.503585815429687500e-02 3.028917312622070312e-01 -9.875531196594238281e-01 -6.392322480678558350e-02 -9.578028321266174316e-01 -2.802281975746154785e-01 1.202179193496704102e+00 0.000000000000000000e+00 0.000000000000000000e+00 0.000000000000000000e+00 1.000000000000000000e+00
2.979419231414794922e-01 -2.864443659782409668e-01 9.105933904647827148e-01 -1.005661249160766602e+00 -9.524783492088317871e-01 -2.587806992232799530e-02 3.035058975219726562e-01 -9.838237762451171875e-01 -6.337315589189529419e-02 -9.577474594116210938e-01 -2.805421352386474609e-01 1.202175617218017578e+00 0.000000000000000000e+00 0.000000000000000000e+00 0.000000000000000000e+00 1.000000000000000000e+00
2.987909913063049316e-01 -2.865584790706634521e-01 9.102791547775268555e-01 -1.004955530166625977e+00 -9.522504806518554688e-01 -2.675755321979522705e-02 3.041441142559051514e-01 -9.801195859909057617e-01 -6.279825419187545776e-02 -9.576891064643859863e-01 -2.808702588081359863e-01 1.202159643173217773e+00 0.000000000000000000e+00 0.000000000000000000e+00 0.000000000000000000e+00 1.000000000000000000e+00
2.996720969676971436e-01 -2.866766750812530518e-01 9.099522829055786133e-01 -1.004151582717895508e+00 -9.520128369331359863e-01 -2.767345309257507324e-02 3.048052191734313965e-01 -9.764335155487060547e-01 -6.219903379678726196e-02 -9.576278328895568848e-01 -2.812127172946929932e-01 1.202134728431701660e+00 0.000000000000000000e+00 0.000000000000000000e+00 0.000000000000000000e+00 1.000000000000000000e+00
3.005843460559844971e-01 -2.867983579635620117e-01 9.096130132675170898e-01 -1.003347516059875488e+00 -9.517657756805419922e-01 -2.862489596009254456e-02 3.054883480072021484e-01 -9.727473855018615723e-01 -6.157599389553070068e-02 -9.575633406639099121e-01 -2.815689146518707275e-01 1.202109694480895996e+00 0.000000000000000000e+00 0.000000000000000000e+00 0.000000000000000000e+00 1.000000000000000000e+00
3.015266656875610352e-01 -2.869232594966888428e-01 9.092617034912109375e-01 -1.002543568611145020e+00 -9.515091776847839355e-01 -2.961102873086929321e-02 3.061926066875457764e-01 -9.690615534782409668e-01 -6.092962250113487244e-02 -9.574959278106689453e-01 -2.819385528564453125e-01 1.202084779739379883e+00 0.000000000000000000e+00 0.000000000000000000e+00 0.000000000000000000e+00 1.000000000000000000e+00
3.024978041648864746e-01 -2.870513498783111572e-01 9.088986515998840332e-01 -1.001739501953125000e+00 -9.512435793876647949e-01 -3.063097596168518066e-02 3.069168031215667725e-01 -9.653754830360412598e-01 -6.026044115424156189e-02 -9.574254751205444336e-01 -2.823214232921600342e-01 1.202059864997863770e+00 0.000000000000000000e+00 0.000000000000000000e+00 0.000000000000000000e+00 1.000000000000000000e+00
3.034968078136444092e-01 -2.871823310852050781e-01 9.085240960121154785e-01 -1.000935554504394531e+00 -9.509689211845397949e-01 -3.168398886919021606e-02 3.076602518558502197e-01 -9.616895914077758789e-01 -5.956893414258956909e-02 -9.573519825935363770e-01 -2.827173471450805664e-01 1.202034831047058105e+00 0.000000000000000000e+00 0.000000000000000000e+00 0.000000000000000000e+00 1.000000000000000000e+00
3.045221865177154541e-01 -2.873160839080810547e-01 9.081386923789978027e-01 -1.000131487846374512e+00 -9.506853818893432617e-01 -3.276908770203590393e-02 3.084216415882110596e-01 -9.580035209655761719e-01 -5.885562673211097717e-02 -9.572752714157104492e-01 -2.831260263919830322e-01 1.202009916305541992e+00 0.000000000000000000e+00 0.000000000000000000e+00 0.000000000000000000e+00 1.000000000000000000e+00
3.055732846260070801e-01 -2.874522507190704346e-01 9.077424407005310059e-01 -9.993275403976440430e-01 -9.503933191299438477e-01 -3.388551622629165649e-02 3.092002868652343750e-01 -9.543174505233764648e-01 -5.812101066112518311e-02 -9.571955204010009766e-01 -2.835471332073211670e-01 1.201985001564025879e+00 0.000000000000000000e+00 0.000000000000000000e+00 0.000000000000000000e+00 1.000000000000000000e+00
3.066488802433013916e-01 -2.875906825065612793e-01 9.073358178138732910e-01 -9.985234737396240234e-01 -9.500927329063415527e-01 -3.503240644931793213e-02 3.099952340126037598e-01 -9.506315588951110840e-01 -5.736558511853218079e-02 -9.571126103401184082e-01 -2.839803099632263184e-01 1.201959967613220215e+00 0.000000000000000000e+00 0.000000000000000000e+00 0.000000000000000000e+00 1.000000000000000000e+00
3.077478110790252686e-01 -2.877309620380401611e-01 9.069190025329589844e-01 -9.977194666862487793e-01 -9.497839212417602539e-01 -3.620885312557220459e-02 3.108054101467132568e-01 -9.469454884529113770e-01 -5.658985674381256104e-02 -9.570266604423522949e-01 -2.844252884387969971e-01 1.201935052871704102e+00 0.000000000000000000e+00 0.000000000000000000e+00 0.000000000000000000e+00 1.000000000000000000e+00
3.088687956333160400e-01 -2.878732383251190186e-01 9.064927697181701660e-01 -9.969154000282287598e-01 -9.494670033454895020e-01 -3.741402924060821533e-02 3.116297125816345215e-01 -9.432594776153564453e-01 -5.579433217644691467e-02 -9.569374322891235352e-01 -2.848820984363555908e-01 1.201910138130187988e+00 0.000000000000000000e+00 0.000000000000000000e+00 0.000000000000000000e+00 1.000000000000000000e+00
3.100109696388244629e-01 -2.880171239376068115e-01 9.060570597648620605e-01 -9.961114525794982910e-01 -9.491422176361083984e-01 -3.864708915352821350e-02 3.124674260616302490e-01 -9.395735263824462891e-01 -5.497951433062553406e-02 -9.568451642990112305e-01 -2.853501737117767334e-01 1.201885104179382324e+00 0.000000000000000000e+00 0.000000000000000000e+00 0.000000000000000000e+00 1.000000000000000000e+00
3.111731112003326416e-01 -2.881623804569244385e-01 9.056124091148376465e-01 -9.953074455261230469e-01 -9.488098025321960449e-01 -3.990717604756355286e-02 3.133175373077392578e-01 -9.358874559402465820e-01 -5.414590239524841309e-02 -9.567497372627258301e-01 -2.858292162418365479e-01 1.201860189437866211e+00 0.000000000000000000e+00 0.000000000000000000e+00 0.000000000000000000e+00 1.000000000000000000e+00
3.123540580272674561e-01 -2.883088290691375732e-01 9.051591753959655762e-01 -9.945033788681030273e-01 -9.484699368476867676e-01 -4.119336977601051331e-02 3.141788542270660400e-01 -9.322015643119812012e-01 -5.329399555921554565e-02 -9.566511511802673340e-01 -2.863190770149230957e-01 1.201835274696350098e+00 0.000000000000000000e+00 0.000000000000000000e+00 0.000000000000000000e+00 1.000000000000000000e+00
3.135530054569244385e-01 -2.884563207626342773e-01 9.046974778175354004e-01 -9.936993718147277832e-01 -9.481227993965148926e-01 -4.250493645668029785e-02 3.150508701801300049e-01 -9.285154938697814941e-01 -5.242431163787841797e-02 -9.565492868423461914e-01 -2.868194282054901123e-01 1.201810240745544434e+00 0.000000000000000000e+00 0.000000000000000000e+00 0.000000000000000000e+00 1.000000000000000000e+00
3.147682547569274902e-01 -2.886047661304473877e-01 9.042279124259948730e-01 -9.927971959114074707e-01 -9.477685689926147461e-01 -4.384090751409530640e-02 3.159320950508117676e-01 -9.248542785644531250e-01 -5.153733864426612854e-02 -9.564441442489624023e-01 -2.873301804065704346e-01 1.201776266098022461e+00 0.000000000000000000e+00 0.000000000000000000e+00 0.000000000000000000e+00 1.000000000000000000e+00
3.159993588924407959e-01 -2.887537777423858643e-01 9.037508964538574219e-01 -9.917587041854858398e-01 -9.474076032638549805e-01 -4.520047083497047424e-02 3.168220520019531250e-01 -9.212276339530944824e-01 -5.063360556960105896e-02 -9.563359618186950684e-01 -2.878507375717163086e-01 1.201729655265808105e+00 0.000000000000000000e+00 0.000000000000000000e+00 0.000000000000000000e+00 1.000000000000000000e+00
3.172448575496673584e-01 -2.889033257961273193e-01 9.032667279243469238e-01 -9.907201528549194336e-01 -9.470400214195251465e-01 -4.658275470137596130e-02 3.177195489406585693e-01 -9.176008701324462891e-01 -4.971359297633171082e-02 -9.562244415283203125e-01 -2.883810698986053467e-01 1.201683044433593750e+00 0.000000000000000000e+00 0.000000000000000000e+00 0.000000000000000000e+00 1.000000000000000000e+00
3.185037374496459961e-01 -2.890533208847045898e-01 9.027755856513977051e-01 -9.896816611289978027e-01 -9.466661214828491211e-01 -4.798696190118789673e-02 3.186237215995788574e-01 -9.139741659164428711e-01 -4.877780377864837646e-02 -9.561097025871276855e-01 -2.889208793640136719e-01 1.201636433601379395e+00 0.000000000000000000e+00 0.000000000000000000e+00 0.000000000000000000e+00 1.000000000000000000e+00
3.197747766971588135e-01 -2.892032563686370850e-01 9.022780060768127441e-01 -9.886431694030761719e-01 -9.462860226631164551e-01 -4.941203072667121887e-02 3.195335566997528076e-01 -9.103474617004394531e-01 -4.782675951719284058e-02 -9.559916853904724121e-01 -2.894696295261383057e-01 1.201589822769165039e+00 0.000000000000000000e+00 0.000000000000000000e+00 0.000000000000000000e+00 1.000000000000000000e+00
3.210570216178894043e-01 -2.893534004688262939e-01 9.017744064331054688e-01 -9.876046776771545410e-01 -9.459001421928405762e-01 -5.085730552673339844e-02 3.204481601715087891e-01 -9.067207574844360352e-01 -4.686095938086509705e-02 -9.558705091476440430e-01 -2.900273799896240234e-01 1.201543211936950684e+00 0.000000000000000000e+00 0.000000000000000000e+00 0.000000000000000000e+00 1.000000000000000000e+00
3.223492801189422607e-01 -2.895034551620483398e-01 9.012651443481445312e-01 -9.865661263465881348e-01 -9.455084800720214844e-01 -5.232185870409011841e-02 3.213666081428527832e-01 -9.030941128730773926e-01 -4.588088393211364746e-02 -9.557459950447082520e-01 -2.905938029289245605e-01 1.201496601104736328e+00 0.000000000000000000e+00 0.000000000000000000e+00 0.000000000000000000e+00 1.000000000000000000e+00
3.236504793167114258e-01 -2.896532416343688965e-01 9.007505178451538086e-01 -9.855276346206665039e-01 -9.451116323471069336e-01 -5.380475521087646484e-02 3.222878873348236084e-01 -8.994673490524291992e-01 -4.488707706332206726e-02 -9.556182622909545898e-01 -2.911684811115264893e-01 1.201449990272521973e+00 0.000000000000000000e+00 0.000000000000000000e+00 0.000000000000000000e+00 1.000000000000000000e+00
3.249596059322357178e-01 -2.898026406764984131e-01 9.002310037612915039e-01 -9.844890832901000977e-01 -9.447097182273864746e-01 -5.530519038438796997e-02 3.232111930847167969e-01 -8.958406448364257812e-01 -4.388002306222915649e-02 -9.554873108863830566e-01 -2.917512059211730957e-01 1.201403379440307617e+00 0.000000000000000000e+00 0.000000000000000000e+00 0.000000000000000000e+00 1.000000000000000000e+00
3.262753784656524658e-01 -2.899516224861145020e-01 8.997069001197814941e-01 -9.834505915641784668e-01 -9.443028569221496582e-01 -5.682225897908210754e-02 3.241355121135711670e-01 -8.922140002250671387e-01 -4.286022484302520752e-02 -9.553530812263488770e-01 -2.923417091369628906e-01 1.201356768608093262e+00 0.000000000000000000e+00 0.000000000000000000e+00 0.000000000000000000e+00 1.000000000000000000e+00
3.275970518589019775e-01 -2.900999486446380615e-01 8.991786837577819824e-01 -9.824120998382568359e-01 -9.438915252685546875e-01 -5.835516005754470825e-02 3.250600397586822510e-01 -8.885872364044189453e-01 -4.182819649577140808e-02 -9.552156925201416016e-01 -2.929397225379943848e-01 1.201310157775878906e+00 0.000000000000000000e+00 0.000000000000000000e+00 0.000000000000000000e+00 1.000000000000000000e+00
3.289231359958648682e-01 -2.902477979660034180e-01 8.986467719078063965e-01 -9.813735485076904297e-01 -9.434759020805358887e-01 -5.990299209952354431e-02 3.259837031364440918e-01 -8.849606513977050781e-01 -4.078443348407745361e-02 -9.550749659538269043e-01 -2.935451865196228027e-01 1.201263546943664551e+00 0.000000000000000000e+00 0.000000000000000000e+00 0.000000000000000000e+00 1.000000000000000000e+00
3.302526772022247314e-01 -2.903946340084075928e-01 8.981115221977233887e-01 -9.803350567817687988e-01 -9.430564045906066895e-01 -6.146475300192832947e-02 3.269056379795074463e-01 -8.813338875770568848e-01 -3.972944617271423340e-02 -9.549310207366943359e-01 -2.941573262214660645e-01 1.201216936111450195e+00 0.000000000000000000e+00 0.000000000000000000e+00 0.000000000000000000e+00 1.000000000000000000e+00
3.315846025943756104e-01 -2.905408442020416260e-01 8.975732326507568359e-01 -9.792965054512023926e-01 -9.426332116127014160e-01 -6.303972750902175903e-02 3.278248310089111328e-01 -8.777071237564086914e-01 -3.866373747587203979e-02 -9.547838568687438965e-01 -2.947763204574584961e-01 1.201170325279235840e+00 0.000000000000000000e+00 0.000000000000000000e+00 0.000000000000000000e+00 1.000000000000000000e+00
3.329179584980010986e-01 -2.906859815120697021e-01 8.970326185226440430e-01 -9.782580137252807617e-01 -9.422066211700439453e-01 -6.462699174880981445e-02 3.287408053874969482e-01 -8.740805387496948242e-01 -3.758782520890235901e-02 -9.546335935592651367e-01 -2.954016327857971191e-01 1.201123714447021484e+00 0.000000000000000000e+00 0.000000000000000000e+00 0.000000000000000000e+00 1.000000000000000000e+00
3.342514932155609131e-01 -2.908303141593933105e-01 8.964897394180297852e-01 -9.772195219993591309e-01 -9.417770504951477051e-01 -6.622570008039474487e-02 3.296522200107574463e-01 -8.704537749290466309e-01 -3.650220483541488647e-02 -9.544801115989685059e-01 -2.960332632064819336e-01 1.201077103614807129e+00 0.000000000000000000e+00 0.000000000000000000e+00 0.000000000000000000e+00 1.000000000000000000e+00
3.355843722820281982e-01 -2.909735739231109619e-01 8.959450721740722656e-01 -9.759499430656433105e-01 -9.413447976112365723e-01 -6.783495098352432251e-02 3.305584788322448730e-01 -8.669017553329467773e-01 -3.540738672018051147e-02 -9.543234109878540039e-01 -2.966707050800323486e-01 1.201008915901184082e+00 0.000000000000000000e+00 0.000000000000000000e+00 0.000000000000000000e+00 1.000000000000000000e+00
3.369150459766387939e-01 -2.911157608032226562e-01 8.953993320465087891e-01 -9.746775031089782715e-01 -9.409100413322448730e-01 -6.945380568504333496e-02 3.314583599567413330e-01 -8.633508086204528809e-01 -3.430386260151863098e-02 -9.541636109352111816e-01 -2.973137199878692627e-01 1.200940489768981934e+00 0.000000000000000000e+00 0.000000000000000000e+00 0.000000000000000000e+00 1.000000000000000000e+00
3.382430374622344971e-01 -2.912569046020507812e-01 8.948525786399841309e-01 -9.734049439430236816e-01 -9.404734969139099121e-01 -7.108151912689208984e-02 3.323514163494110107e-01 -8.597997426986694336e-01 -3.319216147065162659e-02 -9.540005326271057129e-01 -2.979621291160583496e-01 1.200872063636779785e+00 0.000000000000000000e+00 0.000000000000000000e+00 0.000000000000000000e+00 1.000000000000000000e+00
3.395667374134063721e-01 -2.913970351219177246e-01 8.943054080009460449e-01 -9.721325039863586426e-01 -9.400352239608764648e-01 -7.271707057952880859e-02 3.332362174987792969e-01 -8.562488555908203125e-01 -3.207277879118919373e-02 -9.538344740867614746e-01 -2.986156344413757324e-01 1.200803637504577637e+00 0.000000000000000000e+00 0.000000000000000000e+00 0.000000000000000000e+00 1.000000000000000000e+00
3.408853709697723389e-01 -2.915361225605010986e-01 8.937582373619079590e-01 -9.708599448204040527e-01 -9.395956993103027344e-01 -7.435972243547439575e-02 3.341123461723327637e-01 -8.526977300643920898e-01 -3.094622306525707245e-02 -9.536653757095336914e-01 -2.992740869522094727e-01 1.200735211372375488e+00 0.000000000000000000e+00 0.000000000000000000e+00 0.000000000000000000e+00 1.000000000000000000e+00
3.421977460384368896e-01 -2.916739583015441895e-01 8.932116627693176270e-01 -9.695873856544494629e-01 -9.391552209854125977e-01 -7.600840181112289429e-02 3.349787592887878418e-01 -8.491466641426086426e-01 -2.981299720704555511e-02 -9.534931182861328125e-01 -2.999369502067565918e-01 1.200666785240173340e+00 0.000000000000000000e+00 0.000000000000000000e+00 0.000000000000000000e+00 1.000000000000000000e+00
3.435030281543731689e-01 -2.918109297752380371e-01 8.926657438278198242e-01 -9.683148860931396484e-01 -9.387139678001403809e-01 -7.766250520944595337e-02 3.358347713947296143e-01 -8.455957174301147461e-01 -2.867360785603523254e-02 -9.533179998397827148e-01 -3.006042242050170898e-01 1.200598359107971191e+00 0.000000000000000000e+00 0.000000000000000000e+00 0.000000000000000000e+00 1.000000000000000000e+00
3.447998464107513428e-01 -2.919467389583587646e-01 8.921211361885070801e-01 -9.670423865318298340e-01 -9.382727742195129395e-01 -7.932086288928985596e-02 3.366791605949401855e-01 -8.420446515083312988e-01 -2.752856723964214325e-02 -9.531398415565490723e-01 -3.012753427028656006e-01 1.200529813766479492e+00 0.000000000000000000e+00 0.000000000000000000e+00 0.000000000000000000e+00 1.000000000000000000e+00
3.460872769355773926e-01 -2.920816242694854736e-01 8.915783762931823730e-01 -9.657698869705200195e-01 -9.378316998481750488e-01 -8.098277449607849121e-02 3.375113904476165771e-01 -8.384935855865478516e-01 -2.637837454676628113e-02 -9.529587626457214355e-01 -3.019503951072692871e-01 1.200461387634277344e+00 0.000000000000000000e+00 0.000000000000000000e+00 0.000000000000000000e+00 1.000000000000000000e+00
3.473643958568572998e-01 -2.922155261039733887e-01 8.910377025604248047e-01 -9.644973874092102051e-01 -9.373912215232849121e-01 -8.264736831188201904e-02 3.383306562900543213e-01 -8.349426388740539551e-01 -2.522355131804943085e-02 -9.527748227119445801e-01 -3.026289343833923340e-01 1.200392961502075195e+00 0.000000000000000000e+00 0.000000000000000000e+00 0.000000000000000000e+00 1.000000000000000000e+00
3.486298620700836182e-01 -2.923486232757568359e-01 8.904996514320373535e-01 -9.632248282432556152e-01 -9.369517564773559570e-01 -8.431363850831985474e-02 3.391357064247131348e-01 -8.313915729522705078e-01 -2.406458556652069092e-02 -9.525879025459289551e-01 -3.033106923103332520e-01 1.200324535369873047e+00 0.000000000000000000e+00 0.000000000000000000e+00 0.000000000000000000e+00 1.000000000000000000e+00
3.498829305171966553e-01 -2.924808859825134277e-01 8.899645805358886719e-01 -9.619523882865905762e-01 -9.365137219429016113e-01 -8.598084002733230591e-02 3.399261534214019775e-01 -8.278406858444213867e-01 -2.290200255811214447e-02 -9.523983001708984375e-01 -3.039954900741577148e-01 1.200256109237670898e+00 0.000000000000000000e+00 0.000000000000000000e+00 0.000000000000000000e+00 1.000000000000000000e+00
3.511222600936889648e-01 -2.926123142242431641e-01 8.894331455230712891e-01 -9.606797695159912109e-01 -9.360775351524353027e-01 -8.764792233705520630e-02 3.407008945941925049e-01 -8.242895603179931641e-01 -2.173630706965923309e-02 -9.522059559822082520e-01 -3.046828508377075195e-01 1.200187683105468750e+00 0.000000000000000000e+00 0.000000000000000000e+00 0.000000000000000000e+00 1.000000000000000000e+00
3.523469269275665283e-01 -2.927432060241699219e-01 8.889056444168090820e-01 -9.594072699546813965e-01 -9.356436729431152344e-01 -8.931412547826766968e-02 3.414590656757354736e-01 -8.207385540008544922e-01 -2.056798711419105530e-02 -9.520108699798583984e-01 -3.053727447986602783e-01 1.200119256973266602e+00 0.000000000000000000e+00 0.000000000000000000e+00 0.000000000000000000e+00 1.000000000000000000e+00
3.535560667514801025e-01 -2.928734719753265381e-01 8.883824348449707031e-01 -9.581347703933715820e-01 -9.352124929428100586e-01 -9.097860008478164673e-02 3.422001898288726807e-01 -8.171876668930053711e-01 -1.939757168292999268e-02 -9.518131613731384277e-01 -3.060648739337921143e-01 1.200050830841064453e+00 0.000000000000000000e+00 0.000000000000000000e+00 0.000000000000000000e+00 1.000000000000000000e+00
3.547484576702117920e-01 -2.930033802986145020e-01 8.878641128540039062e-01 -9.567905664443969727e-01 -9.347844719886779785e-01 -9.264040738344192505e-02 3.429231941699981689e-01 -8.136650323867797852e-01 -1.822555810213088989e-02 -9.516128301620483398e-01 -3.067589402198791504e-01 1.199975609779357910e+00 0.000000000000000000e+00 0.000000000000000000e+00 0.000000000000000000e+00 1.000000000000000000e+00
3.559229373931884766e-01 -2.931329011917114258e-01 8.873511552810668945e-01 -9.552862048149108887e-01 -9.343600273132324219e-01 -9.429858624935150146e-02 3.436271548271179199e-01 -8.102063536643981934e-01 -1.705246977508068085e-02 -9.514100551605224609e-01 -3.074545562267303467e-01 1.199885368347167969e+00 0.000000000000000000e+00 0.000000000000000000e+00 0.000000000000000000e+00 1.000000000000000000e+00
3.570787012577056885e-01 -2.932622730731964111e-01 8.868439197540283203e-01 -9.537819027900695801e-01 -9.339395761489868164e-01 -9.595237672328948975e-02 3.443115055561065674e-01 -8.067478537559509277e-01 -1.587879471480846405e-02 -9.512047767639160156e-01 -3.081517219543457031e-01 1.199795126914978027e+00 0.000000000000000000e+00 0.000000000000000000e+00 0.000000000000000000e+00 1.000000000000000000e+00
3.582147359848022461e-01 -2.933915257453918457e-01 8.863428831100463867e-01 -9.522774219512939453e-01 -9.335237741470336914e-01 -9.760084003210067749e-02 3.449753820896148682e-01 -8.032890558242797852e-01 -1.470505259931087494e-02 -9.509972333908081055e-01 -3.088499009609222412e-01 1.199704766273498535e+00 0.000000000000000000e+00 0.000000000000000000e+00 0.000000000000000000e+00 1.000000000000000000e+00
3.593297898769378662e-01 -2.935210764408111572e-01 8.858485221862792969e-01 -9.507731795310974121e-01 -9.331128001213073730e-01 -9.924317151308059692e-02 3.456179201602935791e-01 -7.998305559158325195e-01 -1.353173330426216125e-02 -9.507872462272644043e-01 -3.095492124557495117e-01 1.199614524841308594e+00 0.000000000000000000e+00 0.000000000000000000e+00 0.000000000000000000e+00 1.000000000000000000e+00
3.604230582714080811e-01 -2.936508357524871826e-01 8.853612542152404785e-01 -9.492688179016113281e-01 -9.327073693275451660e-01 -1.008783876895904541e-01 3.462383747100830078e-01 -7.963718175888061523e-01 -1.235937047749757767e-02 -9.505750536918640137e-01 -3.102490901947021484e-01 1.199524283409118652e+00 0.000000000000000000e+00 0.000000000000000000e+00 0.000000000000000000e+00 1.000000000000000000e+00
3.614932894706726074e-01 -2.937810719013214111e-01 8.848816156387329102e-01 -9.477643966674804688e-01 -9.323078989982604980e-01 -1.025056391954421997e-01 3.468358814716339111e-01 -7.929130196571350098e-01 -1.118845865130424500e-02 -9.503607153892517090e-01 -3.109493851661682129e-01 1.199433922767639160e+00 0.000000000000000000e+00 0.000000000000000000e+00 0.000000000000000000e+00 1.000000000000000000e+00
3.625396192073822021e-01 -2.939118742942810059e-01 8.844099640846252441e-01 -9.462600946426391602e-01 -9.319148063659667969e-01 -1.041240319609642029e-01 3.474096655845642090e-01 -7.894545197486877441e-01 -1.001951005309820175e-02 -9.501443505287170410e-01 -3.116498291492462158e-01 1.199343681335449219e+00 0.000000000000000000e+00 0.000000000000000000e+00 0.000000000000000000e+00 1.000000000000000000e+00
3.635610044002532959e-01 -2.940435111522674561e-01 8.839467167854309082e-01 -9.447557330131530762e-01 -9.315286278724670410e-01 -1.057326942682266235e-01 3.479590117931365967e-01 -7.859957814216613770e-01 -8.853020146489143372e-03 -9.499259591102600098e-01 -3.123500347137451172e-01 1.199253439903259277e+00 0.000000000000000000e+00 0.000000000000000000e+00 0.000000000000000000e+00 1.000000000000000000e+00
3.645564019680023193e-01 -2.941761910915374756e-01 8.834925889968872070e-01 -9.432513117790222168e-01 -9.311498403549194336e-01 -1.073307693004608154e-01 3.484831750392913818e-01 -7.825369834899902344e-01 -7.689521647989749908e-03 -9.497056007385253906e-01 -3.130501210689544678e-01 1.199163198471069336e+00 0.000000000000000000e+00 0.000000000000000000e+00 0.000000000000000000e+00 1.000000000000000000e+00
3.655247986316680908e-01 -2.943101227283477783e-01 8.830476999282836914e-01 -9.417470097541809082e-01 -9.307790398597717285e-01 -1.089173778891563416e-01 3.489813506603240967e-01 -7.790784835815429688e-01 -6.529494654387235641e-03 -9.494835138320922852e-01 -3.137495517730712891e-01 1.199072837829589844e+00 0.000000000000000000e+00 0.000000000000000000e+00 0.000000000000000000e+00 1.000000000000000000e+00
3.664653897285461426e-01 -2.944455146789550781e-01 8.826126456260681152e-01 -9.402425885200500488e-01 -9.304165244102478027e-01 -1.104916781187057495e-01 3.494528532028198242e-01 -7.756196260452270508e-01 -5.373464431613683701e-03 -9.492595195770263672e-01 -3.144482076168060303e-01 1.198982596397399902e+00 0.000000000000000000e+00 0.000000000000000000e+00 0.000000000000000000e+00 1.000000000000000000e+00
3.673766255378723145e-01 -2.945823967456817627e-01 8.821880817413330078e-01 -9.387382864952087402e-01 -9.300629496574401855e-01 -1.120525673031806946e-01 3.498965203762054443e-01 -7.721611261367797852e-01 -4.221934359520673752e-03 -9.490341544151306152e-01 -3.151455819606781006e-01 1.198892354965209961e+00 0.000000000000000000e+00 0.000000000000000000e+00 0.000000000000000000e+00 1.000000000000000000e+00
3.682581484317779541e-01 -2.947213351726531982e-01 8.817740082740783691e-01 -9.372338652610778809e-01 -9.297187924385070801e-01 -1.135994642972946167e-01 3.503121435642242432e-01 -7.687023878097534180e-01 -3.075409214943647385e-03 -9.488070607185363770e-01 -3.158417940139770508e-01 1.198801994323730469e+00 0.000000000000000000e+00 0.000000000000000000e+00 0.000000000000000000e+00 1.000000000000000000e+00
3.691084682941436768e-01 -2.948622703552246094e-01 8.813712000846862793e-01 -9.357295632362365723e-01 -9.293843507766723633e-01 -1.151313036680221558e-01 3.506986796855926514e-01 -7.652437686920166016e-01 -1.934404368512332439e-03 -9.485785365104675293e-01 -3.165362775325775146e-01 1.198711752891540527e+00 0.000000000000000000e+00 0.000000000000000000e+00 0.000000000000000000e+00 1.000000000000000000e+00
3.699267506599426270e-01 -2.950057089328765869e-01 8.809799551963806152e-01 -9.342252016067504883e-01 -9.290608763694763184e-01 -1.166472211480140686e-01 3.510552048683166504e-01 -7.617851495742797852e-01 -7.994213374331593513e-04 -9.483487606048583984e-01 -3.172290325164794922e-01 1.198621511459350586e+00 0.000000000000000000e+00 0.000000000000000000e+00 0.000000000000000000e+00 1.000000000000000000e+00
3.707120418548583984e-01 -2.951516509056091309e-01 8.806010484695434570e-01 -9.326266050338745117e-01 -9.287480711936950684e-01 -1.181463971734046936e-01 3.513813912868499756e-01 -7.583713531494140625e-01 3.290326276328414679e-04 -9.481176733970642090e-01 -3.179197013378143311e-01 1.198522210121154785e+00 0.000000000000000000e+00 0.000000000000000000e+00 0.000000000000000000e+00 1.000000000000000000e+00
3.714633285999298096e-01 -2.953006029129028320e-01 8.802344202995300293e-01 -9.308942556381225586e-01 -9.284467697143554688e-01 -1.196279600262641907e-01 3.516762256622314453e-01 -7.550218105316162109e-01 1.450441661290824413e-03 -9.478855729103088379e-01 -3.186081945896148682e-01 1.198410272598266602e+00 0.000000000000000000e+00 0.000000000000000000e+00 0.000000000000000000e+00 1.000000000000000000e+00
3.721794784069061279e-01 -2.954525351524353027e-01 8.798807859420776367e-01 -9.291620254516601562e-01 -9.281575679779052734e-01 -1.210909113287925720e-01 3.519389629364013672e-01 -7.516722083091735840e-01 2.564305206760764122e-03 -9.476523399353027344e-01 -3.192939162254333496e-01 1.198298335075378418e+00 0.000000000000000000e+00 0.000000000000000000e+00 0.000000000000000000e+00 1.000000000000000000e+00
3.728596270084381104e-01 -2.956078648567199707e-01 8.795406818389892578e-01 -9.274294972419738770e-01 -9.278807640075683594e-01 -1.225344762206077576e-01 3.521690368652343750e-01 -7.483224868774414062e-01 3.670111764222383499e-03 -9.474183320999145508e-01 -3.199769258499145508e-01 1.198186278343200684e+00 0.000000000000000000e+00 0.000000000000000000e+00 0.000000000000000000e+00 1.000000000000000000e+00
3.735027015209197998e-01 -2.957669794559478760e-01 8.792142868041992188e-01 -9.256972074508666992e-01 -9.276171326637268066e-01 -1.239577457308769226e-01 3.523654639720916748e-01 -7.449728250503540039e-01 4.767359700053930283e-03 -9.471835494041442871e-01 -3.206569850444793701e-01 1.198074340820312500e+00 0.000000000000000000e+00 0.000000000000000000e+00 0.000000000000000000e+00 1.000000000000000000e+00
3.741076290607452393e-01 -2.959299683570861816e-01 8.789021968841552734e-01 -9.239649176597595215e-01 -9.273671507835388184e-01 -1.253597885370254517e-01 3.525275886058807373e-01 -7.416232824325561523e-01 5.855531897395849228e-03 -9.469480514526367188e-01 -3.213336169719696045e-01 1.197962403297424316e+00 0.000000000000000000e+00 0.000000000000000000e+00 0.000000000000000000e+00 1.000000000000000000e+00
3.746736943721771240e-01 -2.960971593856811523e-01 8.786047697067260742e-01 -9.222325682640075684e-01 -9.271311759948730469e-01 -1.267398148775100708e-01 3.526547849178314209e-01 -7.382735013961791992e-01 6.934131029993295670e-03 -9.467120766639709473e-01 -3.220068216323852539e-01 1.197850346565246582e+00 0.000000000000000000e+00 0.000000000000000000e+00 0.000000000000000000e+00 1.000000000000000000e+00
3.751995563507080078e-01 -2.962689101696014404e-01 8.783223032951354980e-01 -9.205001592636108398e-01 -9.269098043441772461e-01 -1.280969083309173584e-01 3.527461886405944824e-01 -7.349239587783813477e-01 8.002655580639839172e-03 -9.464756846427917480e-01 -3.226763606071472168e-01 1.197738409042358398e+00 0.000000000000000000e+00 0.000000000000000000e+00 0.000000000000000000e+00 1.000000000000000000e+00
3.756844699382781982e-01 -2.964454293251037598e-01 8.780554533004760742e-01 -9.187679290771484375e-01 -9.267035722732543945e-01 -1.294301897287368774e-01 3.528012335300445557e-01 -7.315743565559387207e-01 9.060569107532501221e-03 -9.462389945983886719e-01 -3.233418762683868408e-01 1.197626352310180664e+00 0.000000000000000000e+00 0.000000000000000000e+00 0.000000000000000000e+00 1.000000000000000000e+00
3.761272132396697998e-01 -2.966269254684448242e-01 8.778045773506164551e-01 -9.170356392860412598e-01 -9.265131950378417969e-01 -1.307386606931686401e-01 3.528189063072204590e-01 -7.282247543334960938e-01 1.010740734636783600e-02 -9.460021853446960449e-01 -3.240030109882354736e-01 1.197514414787292480e+00 0.000000000000000000e+00 0.000000000000000000e+00 0.000000000000000000e+00 1.000000000000000000e+00
3.765270709991455078e-01 -2.968139350414276123e-01 8.775699734687805176e-01 -9.153031706809997559e-01 -9.263389706611633301e-01 -1.320216357707977295e-01 3.527988195419311523e-01 -7.248749732971191406e-01 1.114262174814939499e-02 -9.457653760910034180e-01 -3.246598839759826660e-01 1.197402477264404297e+00 0.000000000000000000e+00 0.000000000000000000e+00 0.000000000000000000e+00 1.000000000000000000e+00
3.768827617168426514e-01 -2.970064878463745117e-01 8.773520588874816895e-01 -9.135708808898925781e-01 -9.261813759803771973e-01 -1.332780867815017700e-01 3.527400195598602295e-01 -7.215254306793212891e-01 1.216572709381580353e-02 -9.455286860466003418e-01 -3.253119885921478271e-01 1.197290420532226562e+00 0.000000000000000000e+00 0.000000000000000000e+00 0.000000000000000000e+00 1.000000000000000000e+00
3.771934509277343750e-01 -2.972050905227661133e-01 8.771512508392333984e-01 -9.118385910987854004e-01 -9.260410666465759277e-01 -1.345071941614151001e-01 3.526418209075927734e-01 -7.181758284568786621e-01 1.317621301859617233e-02 -9.452921748161315918e-01 -3.259592354297637939e-01 1.197178483009338379e+00 0.000000000000000000e+00 0.000000000000000000e+00 0.000000000000000000e+00 1.000000000000000000e+00
3.774580955505371094e-01 -2.974098920822143555e-01 8.769680261611938477e-01 -9.101061224937438965e-01 -9.259184598922729492e-01 -1.357080489397048950e-01 3.525035679340362549e-01 -7.148260474205017090e-01 1.417356636375188828e-02 -9.450560808181762695e-01 -3.266013264656066895e-01 1.197066545486450195e+00 0.000000000000000000e+00 0.000000000000000000e+00 0.000000000000000000e+00 1.000000000000000000e+00
3.776757121086120605e-01 -2.976213097572326660e-01 8.768025636672973633e-01 -9.083738923072814941e-01 -9.258141517639160156e-01 -1.368798017501831055e-01 3.523244559764862061e-01 -7.114764451980590820e-01 1.515728700906038284e-02 -9.448204636573791504e-01 -3.272380828857421875e-01 1.196954488754272461e+00 0.000000000000000000e+00 0.000000000000000000e+00 0.000000000000000000e+00 1.000000000000000000e+00
3.778452277183532715e-01 -2.978394925594329834e-01 8.766553997993469238e-01 -9.066415429115295410e-01 -9.257286787033081055e-01 -1.380214989185333252e-01 3.521037995815277100e-01 -7.081269025802612305e-01 1.612686924636363983e-02 -9.445856213569641113e-01 -3.278691768646240234e-01 1.196842551231384277e+00 0.000000000000000000e+00 0.000000000000000000e+00 0.000000000000000000e+00 1.000000000000000000e+00
3.779656887054443359e-01 -2.980647981166839600e-01 8.765269517898559570e-01 -9.048358201980590820e-01 -9.256622791290283203e-01 -1.391322761774063110e-01 3.518408834934234619e-01 -7.048184871673583984e-01 1.708181202411651611e-02 -9.443514943122863770e-01 -3.284944891929626465e-01 1.196723461151123047e+00 0.000000000000000000e+00 0.000000000000000000e+00 0.000000000000000000e+00 1.000000000000000000e+00
3.780361413955688477e-01 -2.982975542545318604e-01 8.764173388481140137e-01 -9.028812646865844727e-01 -9.256156682968139648e-01 -1.402113139629364014e-01 3.515349626541137695e-01 -7.015945911407470703e-01 1.802160218358039856e-02 -9.441183805465698242e-01 -3.291137814521789551e-01 1.196590065956115723e+00 0.000000000000000000e+00 0.000000000000000000e+00 0.000000000000000000e+00 1.000000000000000000e+00
3.780553936958312988e-01 -2.985380589962005615e-01 8.763270378112792969e-01 -9.009265303611755371e-01 -9.255893826484680176e-01 -1.412575989961624146e-01 3.511851727962493896e-01 -6.983703374862670898e-01 1.894572004675865173e-02 -9.438863992691040039e-01 -3.297266960144042969e-01 1.196456670761108398e+00 0.000000000000000000e+00 0.000000000000000000e+00 0.000000000000000000e+00 1.000000000000000000e+00
3.779977858066558838e-01 -2.987903654575347900e-01 8.762660026550292969e-01 -8.989717960357666016e-01 -9.255939126014709473e-01 -1.422624140977859497e-01 3.507674634456634521e-01 -6.951460838317871094e-01 1.985379122197628021e-02 -9.436554908752441406e-01 -3.303332924842834473e-01 1.196323275566101074e+00 0.000000000000000000e+00 0.000000000000000000e+00 0.000000000000000000e+00 1.000000000000000000e+00
3.778394162654876709e-01 -2.990584373474121094e-01 8.762428164482116699e-01 -8.970173001289367676e-01 -9.256389737129211426e-01 -1.432180851697921753e-01 3.502592742443084717e-01 -6.919220685958862305e-01 2.074583247303962708e-02 -9.434261322021484375e-01 -3.309334516525268555e-01 1.196189880371093750e+00 0.000000000000000000e+00 0.000000000000000000e+00 0.000000000000000000e+00 1.000000000000000000e+00
3.775824606418609619e-01 -2.993425130844116211e-01 8.762565851211547852e-01 -8.950625658035278320e-01 -9.257238507270812988e-01 -1.441254019737243652e-01 3.496624529361724854e-01 -6.886978149414062500e-01 2.162198908627033234e-02 -9.431978464126586914e-01 -3.315275609493255615e-01 1.196056485176086426e+00 0.000000000000000000e+00 0.000000000000000000e+00 0.000000000000000000e+00 1.000000000000000000e+00
3.772286474704742432e-01 -2.996426224708557129e-01 8.763064146041870117e-01 -8.931077718734741211e-01 -9.258475303649902344e-01 -1.449850499629974365e-01 3.489787578582763672e-01 -6.854735612869262695e-01 2.248239889740943909e-02 -9.429707527160644531e-01 -3.321157693862915039e-01 1.195923089981079102e+00 0.000000000000000000e+00 0.000000000000000000e+00 0.000000000000000000e+00 1.000000000000000000e+00
3.767803907394409180e-01 -2.999587953090667725e-01 8.763911128044128418e-01 -8.911532759666442871e-01 -9.260091185569763184e-01 -1.457979083061218262e-01 3.482104539871215820e-01 -6.822496056556701660e-01 2.332720346748828888e-02 -9.427447319030761719e-01 -3.326983153820037842e-01 1.195789694786071777e+00 0.000000000000000000e+00 0.000000000000000000e+00 0.000000000000000000e+00 1.000000000000000000e+00
3.762395083904266357e-01 -3.002910017967224121e-01 8.765095472335815430e-01 -8.891985416412353516e-01 -9.262078404426574707e-01 -1.465647220611572266e-01 3.473591804504394531e-01 -6.790254116058349609e-01 2.415653876960277557e-02 -9.425202012062072754e-01 -3.332751393318176270e-01 1.195656299591064453e+00 0.000000000000000000e+00 0.000000000000000000e+00 0.000000000000000000e+00 1.000000000000000000e+00
3.756080567836761475e-01 -3.006393611431121826e-01 8.766610622406005859e-01 -8.872439265251159668e-01 -9.264424443244934082e-01 -1.472862511873245239e-01 3.464269936084747314e-01 -6.758012771606445312e-01 2.497055195271968842e-02 -9.422966837882995605e-01 -3.338468670845031738e-01 1.195522904396057129e+00 0.000000000000000000e+00 0.000000000000000000e+00 0.000000000000000000e+00 1.000000000000000000e+00
3.748880028724670410e-01 -3.010036051273345947e-01 8.768442869186401367e-01 -8.852891921997070312e-01 -9.267122149467468262e-01 -1.479632258415222168e-01 3.454155623912811279e-01 -6.725771427154541016e-01 2.576938085258007050e-02 -9.420742988586425781e-01 -3.344132304191589355e-01 1.195389509201049805e+00 0.000000000000000000e+00 0.000000000000000000e+00 0.000000000000000000e+00 1.000000000000000000e+00
3.740813732147216797e-01 -3.013837337493896484e-01 8.770582079887390137e-01 -8.833345174789428711e-01 -9.270159602165222168e-01 -1.485963910818099976e-01 3.443268835544586182e-01 -6.693528890609741211e-01 2.655316516757011414e-02 -9.418530464172363281e-01 -3.349745571613311768e-01 1.195256114006042480e+00 0.000000000000000000e+00 0.000000000000000000e+00 0.000000000000000000e+00 1.000000000000000000e+00
3.731901049613952637e-01 -3.017800152301788330e-01 8.773015141487121582e-01 -8.813798427581787109e-01 -9.273528456687927246e-01 -1.491866260766983032e-01 3.431626260280609131e-01 -6.661287546157836914e-01 2.732204273343086243e-02 -9.416329264640808105e-01 -3.355313539505004883e-01 1.195122718811035156e+00 0.000000000000000000e+00 0.000000000000000000e+00 0.000000000000000000e+00 1.000000000000000000e+00
3.722162246704101562e-01 -3.021919429302215576e-01 8.775735497474670410e-01 -8.794252872467041016e-01 -9.277215600013732910e-01 -1.497345864772796631e-01 3.419249355792999268e-01 -6.629046201705932617e-01 2.807615511119365692e-02 -9.414136409759521484e-01 -3.360835611820220947e-01 1.194989323616027832e+00 0.000000000000000000e+00 0.000000000000000000e+00 0.000000000000000000e+00 1.000000000000000000e+00
3.711616694927215576e-01 -3.026195168495178223e-01 8.778727650642395020e-01 -8.774704933166503906e-01 -9.281211495399475098e-01 -1.502410769462585449e-01 3.406155407428741455e-01 -6.596803665161132812e-01 2.881563454866409302e-02 -9.411956667900085449e-01 -3.366312682628631592e-01 1.194855928421020508e+00 0.000000000000000000e+00 0.000000000000000000e+00 0.000000000000000000e+00 1.000000000000000000e+00
3.700284063816070557e-01 -3.030627071857452393e-01 8.781982660293579102e-01 -8.755158782005310059e-01 -9.285510182380676270e-01 -1.507067978382110596e-01 3.392360508441925049e-01 -6.564562916755676270e-01 2.954064309597015381e-02 -9.409786462783813477e-01 -3.371748626232147217e-01 1.194722533226013184e+00 0.000000000000000000e+00 0.000000000000000000e+00 0.000000000000000000e+00 1.000000000000000000e+00
3.688184618949890137e-01 -3.035212457180023193e-01 8.785487413406372070e-01 -8.735412955284118652e-01 -9.290093779563903809e-01 -1.511325389146804810e-01 3.377885520458221436e-01 -6.532452702522277832e-01 3.025129996240139008e-02 -9.407624602317810059e-01 -3.377144336700439453e-01 1.194587230682373047e+00 0.000000000000000000e+00 0.000000000000000000e+00 0.000000000000000000e+00 1.000000000000000000e+00
3.675338327884674072e-01 -3.039949834346771240e-01 8.789232373237609863e-01 -8.713717460632324219e-01 -9.294953942298889160e-01 -1.515190750360488892e-01 3.362748920917510986e-01 -6.501626968383789062e-01 3.094775602221488953e-02 -9.405473470687866211e-01 -3.382501900196075439e-01 1.194432854652404785e+00 0.000000000000000000e+00 0.000000000000000000e+00 0.000000000000000000e+00 1.000000000000000000e+00
3.661761581897735596e-01 -3.044837415218353271e-01 8.793205022811889648e-01 -8.692020773887634277e-01 -9.300081133842468262e-01 -1.518670171499252319e-01 3.346965312957763672e-01 -6.470799446105957031e-01 3.163014352321624756e-02 -9.403331279754638672e-01 -3.387822806835174561e-01 1.194278478622436523e+00 0.000000000000000000e+00 0.000000000000000000e+00 0.000000000000000000e+00 1.000000000000000000e+00
3.647478222846984863e-01 -3.049873113632202148e-01 8.797396421432495117e-01 -8.670324683189392090e-01 -9.305462837219238281e-01 -1.521773040294647217e-01 3.330558240413665771e-01 -6.439973711967468262e-01 3.229860961437225342e-02 -9.401197433471679688e-01 -3.393110334873199463e-01 1.194124221801757812e+00 0.000000000000000000e+00 0.000000000000000000e+00 0.000000000000000000e+00 1.000000000000000000e+00
3.632504642009735107e-01 -3.055055141448974609e-01 8.801792860031127930e-01 -8.648629188537597656e-01 -9.311088323593139648e-01 -1.524505466222763062e-01 3.313542008399963379e-01 -6.409148573875427246e-01 3.295329585671424866e-02 -9.399071335792541504e-01 -3.398365378379821777e-01 1.193969845771789551e+00 0.000000000000000000e+00 0.000000000000000000e+00 0.000000000000000000e+00 1.000000000000000000e+00
3.616861701011657715e-01 -3.060380816459655762e-01 8.806384205818176270e-01 -8.626931905746459961e-01 -9.316947460174560547e-01 -1.526875495910644531e-01 3.295935690402984619e-01 -6.378321051597595215e-01 3.359433636069297791e-02 -9.396954178810119629e-01 -3.403589427471160889e-01 1.193815469741821289e+00 0.000000000000000000e+00 0.000000000000000000e+00 0.000000000000000000e+00 1.000000000000000000e+00
3.600569367408752441e-01 -3.065847456455230713e-01 8.811156749725341797e-01 -8.605236411094665527e-01 -9.323027133941650391e-01 -1.528890728950500488e-01 3.277758657932281494e-01 -6.347495317459106445e-01 3.422187268733978271e-02 -9.394844174385070801e-01 -3.408784568309783936e-01 1.193661093711853027e+00 0.000000000000000000e+00 0.000000000000000000e+00 0.000000000000000000e+00 1.000000000000000000e+00
3.583646714687347412e-01 -3.071452975273132324e-01 8.816102743148803711e-01 -8.583540320396423340e-01 -9.329318404197692871e-01 -1.530558168888092041e-01 3.259027898311614990e-01 -6.316669583320617676e-01 3.483605757355690002e-02 -9.392741322517395020e-01 -3.413952887058258057e-01 1.193506717681884766e+00 0.000000000000000000e+00 0.000000000000000000e+00 0.000000000000000000e+00 1.000000000000000000e+00
3.566111922264099121e-01 -3.077194094657897949e-01 8.821209073066711426e-01 -8.561843633651733398e-01 -9.335808157920837402e-01 -1.531884670257568359e-01 3.239761590957641602e-01 -6.285842061042785645e-01 3.543700277805328369e-02 -9.390646219253540039e-01 -3.419095873832702637e-01 1.193352341651916504e+00 0.000000000000000000e+00 0.000000000000000000e+00 0.000000000000000000e+00 1.000000000000000000e+00
3.547987043857574463e-01 -3.083069622516632080e-01 8.826463818550109863e-01 -8.540147542953491211e-01 -9.342486858367919922e-01 -1.532879471778869629e-01 3.219978809356689453e-01 -6.255016326904296875e-01 3.602487966418266296e-02 -9.388555884361267090e-01 -3.424215912818908691e-01 1.193198084831237793e+00 0.000000000000000000e+00 0.000000000000000000e+00 0.000000000000000000e+00 1.000000000000000000e+00
3.529290556907653809e-01 -3.089075982570648193e-01 8.831859230995178223e-01 -8.518452048301696777e-01 -9.349342584609985352e-01 -1.533549278974533081e-01 3.199698030948638916e-01 -6.224190592765808105e-01 3.659981116652488708e-02 -9.386472105979919434e-01 -3.429315686225891113e-01 1.193043708801269531e+00 0.000000000000000000e+00 0.000000000000000000e+00 0.000000000000000000e+00 1.000000000000000000e+00
3.510041534900665283e-01 -3.095208704471588135e-01 8.837381005287170410e-01 -8.496754765510559082e-01 -9.356364607810974121e-01 -1.533900648355484009e-01 3.178936541080474854e-01 -6.193363070487976074e-01 3.716194257140159607e-02 -9.384394884109497070e-01 -3.434394598007202148e-01 1.192889332771301270e+00 0.000000000000000000e+00 0.000000000000000000e+00 0.000000000000000000e+00 1.000000000000000000e+00
3.490259945392608643e-01 -3.101467788219451904e-01 8.843019604682922363e-01 -8.475059270858764648e-01 -9.363542199134826660e-01 -1.533942371606826782e-01 3.157711923122406006e-01 -6.162537336349487305e-01 3.771141171455383301e-02 -9.382320642471313477e-01 -3.439457118511199951e-01 1.192734956741333008e+00 0.000000000000000000e+00 0.000000000000000000e+00 0.000000000000000000e+00 1.000000000000000000e+00
3.469966053962707520e-01 -3.107847869396209717e-01 8.848763704299926758e-01 -8.453363180160522461e-01 -9.370863437652587891e-01 -1.533681601285934448e-01 3.136044442653656006e-01 -6.131712198257446289e-01 3.824835643172264099e-02 -9.380252361297607422e-01 -3.444502949714660645e-01 1.192580699920654297e+00 0.000000000000000000e+00 0.000000000000000000e+00 0.000000000000000000e+00 1.000000000000000000e+00
3.449179232120513916e-01 -3.114347457885742188e-01 8.854604363441467285e-01 -8.431667089462280273e-01 -9.378319978713989258e-01 -1.533125638961791992e-01 3.113951086997985840e-01 -6.100885868072509766e-01 3.877292945981025696e-02 -9.378186464309692383e-01 -3.449536263942718506e-01 1.192426323890686035e+00 0.000000000000000000e+00 0.000000000000000000e+00 0.000000000000000000e+00 1.000000000000000000e+00
3.427919447422027588e-01 -3.120962679386138916e-01 8.860527873039245605e-01 -8.409970402717590332e-01 -9.385898113250732422e-01 -1.532282382249832153e-01 3.091450929641723633e-01 -6.070058345794677734e-01 3.928526863455772400e-02 -9.376125931739807129e-01 -3.454556167125701904e-01 1.192271947860717773e+00 0.000000000000000000e+00 0.000000000000000000e+00 0.000000000000000000e+00 1.000000000000000000e+00
3.406206965446472168e-01 -3.127689659595489502e-01 8.866527080535888672e-01 -8.388274908065795898e-01 -9.393588900566101074e-01 -1.531158983707427979e-01 3.068563044071197510e-01 -6.039232611656188965e-01 3.978549689054489136e-02 -9.374067187309265137e-01 -3.459566235542297363e-01 1.192117571830749512e+00 0.000000000000000000e+00 0.000000000000000000e+00 0.000000000000000000e+00 1.000000000000000000e+00
3.384061157703399658e-01 -3.134527504444122314e-01 8.872591257095336914e-01 -8.365062475204467773e-01 -9.401382207870483398e-01 -1.529764086008071899e-01 3.045305311679840088e-01 -6.009562611579895020e-01 4.027377441525459290e-02 -9.372010827064514160e-01 -3.464569151401519775e-01 1.191948294639587402e+00 0.000000000000000000e+00 0.000000000000000000e+00 0.000000000000000000e+00 1.000000000000000000e+00
3.361501097679138184e-01 -3.141470849514007568e-01 8.878709077835083008e-01 -8.341306447982788086e-01 -9.409266114234924316e-01 -1.528103947639465332e-01 3.021695315837860107e-01 -5.980303287506103516e-01 4.075022041797637939e-02 -9.369956851005554199e-01 -3.469564914703369141e-01 1.191773533821105957e+00 0.000000000000000000e+00 0.000000000000000000e+00 0.000000000000000000e+00 1.000000000000000000e+00
3.338547945022583008e-01 -3.148516416549682617e-01 8.884872198104858398e-01 -8.317552208900451660e-01 -9.417233467102050781e-01 -1.526186466217041016e-01 2.997752130031585693e-01 -5.951046347618103027e-01 4.121499881148338318e-02 -9.367904067039489746e-01 -3.474555015563964844e-01 1.191598892211914062e+00 0.000000000000000000e+00 0.000000000000000000e+00 0.000000000000000000e+00 1.000000000000000000e+00
3.315222859382629395e-01 -3.155662715435028076e-01 8.891068696975708008e-01 -8.293796777725219727e-01 -9.425271153450012207e-01 -1.524021029472351074e-01 2.973496019840240479e-01 -5.921788811683654785e-01 4.166823998093605042e-02 -9.365851879119873047e-01 -3.479543030261993408e-01 1.191424131393432617e+00 0.000000000000000000e+00 0.000000000000000000e+00 0.000000000000000000e+00 1.000000000000000000e+00
3.291543424129486084e-01 -3.162905871868133545e-01 8.897290229797363281e-01 -8.270041346549987793e-01 -9.433370232582092285e-01 -1.521613597869873047e-01 2.948943972587585449e-01 -5.892530083656311035e-01 4.211007431149482727e-02 -9.363800287246704102e-01 -3.484530150890350342e-01 1.191249489784240723e+00 0.000000000000000000e+00 0.000000000000000000e+00 0.000000000000000000e+00 1.000000000000000000e+00
3.267531692981719971e-01 -3.170240521430969238e-01 8.903528451919555664e-01 -8.246287107467651367e-01 -9.441521167755126953e-01 -1.518972516059875488e-01 2.924115359783172607e-01 -5.863271951675415039e-01 4.254066571593284607e-02 -9.361747503280639648e-01 -3.489516973495483398e-01 1.191074728965759277e+00 0.000000000000000000e+00 0.000000000000000000e+00 0.000000000000000000e+00 1.000000000000000000e+00
3.243206739425659180e-01 -3.177665174007415771e-01 8.909773826599121094e-01 -8.222532272338867188e-01 -9.449715018272399902e-01 -1.516105234622955322e-01 2.899028658866882324e-01 -5.834015011787414551e-01 4.296012595295906067e-02 -9.359695315361022949e-01 -3.494505882263183594e-01 1.190900087356567383e+00 0.000000000000000000e+00 0.000000000000000000e+00 0.000000000000000000e+00 1.000000000000000000e+00
3.218590319156646729e-01 -3.185177743434906006e-01 8.916014432907104492e-01 -8.198776245117187500e-01 -9.457941055297851562e-01 -1.513020694255828857e-01 2.873702943325042725e-01 -5.804756283760070801e-01 4.336861148476600647e-02 -9.357640743255615234e-01 -3.499499857425689697e-01 1.190725326538085938e+00 0.000000000000000000e+00 0.000000000000000000e+00 0.000000000000000000e+00 1.000000000000000000e+00
3.193701505661010742e-01 -3.192772865295410156e-01 8.922245502471923828e-01 -8.175022006034851074e-01 -9.466190934181213379e-01 -1.509725600481033325e-01 2.848156988620758057e-01 -5.775498747825622559e-01 4.376625269651412964e-02 -9.355584383010864258e-01 -3.504499793052673340e-01 1.190550684928894043e+00 0.000000000000000000e+00 0.000000000000000000e+00 0.000000000000000000e+00 1.000000000000000000e+00
3.168562948703765869e-01 -3.200449347496032715e-01 8.928456902503967285e-01 -8.151267170906066895e-01 -9.474456310272216797e-01 -1.506229639053344727e-01 2.822411954402923584e-01 -5.746241211891174316e-01 4.415320977568626404e-02 -9.353525042533874512e-01 -3.509508669376373291e-01 1.190375924110412598e+00 0.000000000000000000e+00 0.000000000000000000e+00 0.000000000000000000e+00 1.000000000000000000e+00
3.143192827701568604e-01 -3.208201825618743896e-01 8.934639692306518555e-01 -8.127511143684387207e-01 -9.482726454734802246e-01 -1.502538919448852539e-01 2.796483933925628662e-01 -5.716983079910278320e-01 4.452960565686225891e-02 -9.351461529731750488e-01 -3.514526188373565674e-01 1.190201282501220703e+00 0.000000000000000000e+00 0.000000000000000000e+00 0.000000000000000000e+00 1.000000000000000000e+00
3.117611706256866455e-01 -3.216029703617095947e-01 8.940785527229309082e-01 -8.103756308555603027e-01 -9.490994811058044434e-01 -1.498662382364273071e-01 2.770391702651977539e-01 -5.687725543975830078e-01 4.489557445049285889e-02 -9.349395036697387695e-01 -3.519555330276489258e-01 1.190026640892028809e+00 0.000000000000000000e+00 0.000000000000000000e+00 0.000000000000000000e+00 1.000000000000000000e+00
3.091844022274017334e-01 -3.223927617073059082e-01 8.946887850761413574e-01 -8.080002069473266602e-01 -9.499252438545227051e-01 -1.494608819484710693e-01 2.744158804416656494e-01 -5.658468008041381836e-01 4.525128379464149475e-02 -9.347323775291442871e-01 -3.524598777294158936e-01 1.189851880073547363e+00 0.000000000000000000e+00 0.000000000000000000e+00 0.000000000000000000e+00 1.000000000000000000e+00
3.065905869007110596e-01 -3.231892585754394531e-01 8.952938318252563477e-01 -8.056247234344482422e-01 -9.507490396499633789e-01 -1.490384340286254883e-01 2.717799544334411621e-01 -5.629211068153381348e-01 4.559684917330741882e-02 -9.345247745513916016e-01 -3.529654741287231445e-01 1.189677238464355469e+00 0.000000000000000000e+00 0.000000000000000000e+00 0.000000000000000000e+00 1.000000000000000000e+00
3.039820194244384766e-01 -3.239924311637878418e-01 8.958927989006042480e-01 -8.032491803169250488e-01 -9.515700936317443848e-01 -1.485999673604965210e-01 2.691335678100585938e-01 -5.599951744079589844e-01 4.593241214752197266e-02 -9.343163967132568359e-01 -3.534731566905975342e-01 1.189502477645874023e+00 0.000000000000000000e+00 0.000000000000000000e+00 0.000000000000000000e+00 1.000000000000000000e+00
3.013609647750854492e-01 -3.248015642166137695e-01 8.964851498603820801e-01 -8.008736968040466309e-01 -9.523876309394836426e-01 -1.481461524963378906e-01 2.664787769317626953e-01 -5.570694804191589355e-01 4.625812545418739319e-02 -9.341075420379638672e-01 -3.539822995662689209e-01 1.189327836036682129e+00 0.000000000000000000e+00 0.000000000000000000e+00 0.000000000000000000e+00 1.000000000000000000e+00
2.987293303012847900e-01 -3.256165683269500732e-01 8.970699906349182129e-01 -7.984398603439331055e-01 -9.532010555267333984e-01 -1.476778686046600342e-01 2.638172507286071777e-01 -5.541949272155761719e-01 4.657412320375442505e-02 -9.338979125022888184e-01 -3.544936180114746094e-01 1.189147233963012695e+00 0.000000000000000000e+00 0.000000000000000000e+00 0.000000000000000000e+00 1.000000000000000000e+00
2.960890531539916992e-01 -3.264373242855072021e-01 8.976468443870544434e-01 -7.958690524101257324e-01 -9.540094137191772461e-01 -1.471959054470062256e-01 2.611509561538696289e-01 -5.514403581619262695e-01 4.688053205609321594e-02 -9.336874485015869141e-01 -3.550072312355041504e-01 1.188952922821044922e+00 0.000000000000000000e+00 0.000000000000000000e+00 0.000000000000000000e+00 1.000000000000000000e+00
2.934426069259643555e-01 -3.272632956504821777e-01 8.982149362564086914e-01 -7.932985424995422363e-01 -9.548121690750122070e-01 -1.467012166976928711e-01 2.584820985794067383e-01 -5.486860275268554688e-01 4.717751964926719666e-02 -9.334760904312133789e-01 -3.555232286453247070e-01 1.188758730888366699e+00 0.000000000000000000e+00 0.000000000000000000e+00 0.000000000000000000e+00 1.000000000000000000e+00
2.907920777797698975e-01 -3.280941843986511230e-01 8.987737894058227539e-01 -7.907276749610900879e-01 -9.556084871292114258e-01 -1.461945772171020508e-01 2.558126151561737061e-01 -5.459314584732055664e-01 4.746520519256591797e-02 -9.332640171051025391e-01 -3.560416698455810547e-01 1.188564419746398926e+00 0.000000000000000000e+00 0.000000000000000000e+00 0.000000000000000000e+00 1.000000000000000000e+00
2.881393730640411377e-01 -3.289298713207244873e-01 8.993223905563354492e-01 -7.881568670272827148e-01 -9.563977718353271484e-01 -1.456767916679382324e-01 2.531441748142242432e-01 -5.431768298149108887e-01 4.774373769760131836e-02 -9.330507516860961914e-01 -3.565628528594970703e-01 1.188370108604431152e+00 0.000000000000000000e+00 0.000000000000000000e+00 0.000000000000000000e+00 1.000000000000000000e+00
2.854867577552795410e-01 -3.297700881958007812e-01 8.998605608940124512e-01 -7.855862975120544434e-01 -9.571794867515563965e-01 -1.451488435268402100e-01 2.504790127277374268e-01 -5.404224991798400879e-01 4.801324754953384399e-02 -9.328364729881286621e-01 -3.570871055126190186e-01 1.188175916671752930e+00 0.000000000000000000e+00 0.000000000000000000e+00 0.000000000000000000e+00 1.000000000000000000e+00
2.828362584114074707e-01 -3.306144773960113525e-01 9.003875851631164551e-01 -7.830155491828918457e-01 -9.579529166221618652e-01 -1.446114927530288696e-01 2.478188872337341309e-01 -5.376678109169006348e-01 4.827388375997543335e-02 -9.326209425926208496e-01 -3.576143085956573486e-01 1.187981605529785156e+00 0.000000000000000000e+00 0.000000000000000000e+00 0.000000000000000000e+00 1.000000000000000000e+00
2.801902592182159424e-01 -3.314629495143890381e-01 9.009028077125549316e-01 -7.804447412490844727e-01 -9.587175250053405762e-01 -1.440657377243041992e-01 2.451660037040710449e-01 -5.349132418632507324e-01 4.852578788995742798e-02 -9.324042201042175293e-01 -3.581449985504150391e-01 1.187787294387817383e+00 0.000000000000000000e+00 0.000000000000000000e+00 0.000000000000000000e+00 1.000000000000000000e+00
2.775507867336273193e-01 -3.323150277137756348e-01 9.014056921005249023e-01 -7.778740525245666504e-01 -9.594726562500000000e-01 -1.435123682022094727e-01 2.425222098827362061e-01 -5.321587920188903809e-01 4.876909032464027405e-02 -9.321863055229187012e-01 -3.586789369583129883e-01 1.187593102455139160e+00 0.000000000000000000e+00 0.000000000000000000e+00 0.000000000000000000e+00 1.000000000000000000e+00
2.749201059341430664e-01 -3.331704735755920410e-01 9.018959999084472656e-01 -7.753034234046936035e-01 -9.602177739143371582e-01 -1.429522782564163208e-01 2.398897111415863037e-01 -5.294042825698852539e-01 4.900393635034561157e-02 -9.319669604301452637e-01 -3.592165112495422363e-01 1.187398791313171387e+00 0.000000000000000000e+00 0.000000000000000000e+00 0.000000000000000000e+00 1.000000000000000000e+00
2.723002731800079346e-01 -3.340292870998382568e-01 9.023729562759399414e-01 -7.727326750755310059e-01 -9.609523415565490723e-01 -1.423864066600799561e-01 2.372701764106750488e-01 -5.266498327255249023e-01 4.923046752810478210e-02 -9.317461252212524414e-01 -3.597579002380371094e-01 1.187204599380493164e+00 0.000000000000000000e+00 0.000000000000000000e+00 0.000000000000000000e+00 1.000000000000000000e+00
2.696934640407562256e-01 -3.348909914493560791e-01 9.028364419937133789e-01 -7.701618671417236328e-01 -9.616760015487670898e-01 -1.418156027793884277e-01 2.346658259630203247e-01 -5.238952040672302246e-01 4.944881796836853027e-02 -9.315237998962402344e-01 -3.603032529354095459e-01 1.187010288238525391e+00 0.000000000000000000e+00 0.000000000000000000e+00 0.000000000000000000e+00 1.000000000000000000e+00
2.671017944812774658e-01 -3.357557058334350586e-01 9.032855629920959473e-01 -7.675912380218505859e-01 -9.623882174491882324e-01 -1.412408053874969482e-01 2.320784479379653931e-01 -5.211407542228698730e-01 4.965912923216819763e-02 -9.312999248504638672e-01 -3.608528673648834229e-01 1.186815977096557617e+00 0.000000000000000000e+00 0.000000000000000000e+00 0.000000000000000000e+00 1.000000000000000000e+00
2.645276188850402832e-01 -3.366228342056274414e-01 9.037202000617980957e-01 -7.650206089019775391e-01 -9.630885124206542969e-01 -1.406629383563995361e-01 2.295102179050445557e-01 -5.183862447738647461e-01 4.986156150698661804e-02 -9.310742616653442383e-01 -3.614066541194915771e-01 1.186621785163879395e+00 0.000000000000000000e+00 0.000000000000000000e+00 0.000000000000000000e+00 1.000000000000000000e+00
2.619730830192565918e-01 -3.374924063682556152e-01 9.041399955749511719e-01 -7.624497413635253906e-01 -9.637764096260070801e-01 -1.400828957557678223e-01 2.269631773233413696e-01 -5.156316161155700684e-01 5.005621165037155151e-02 -9.308469295501708984e-01 -3.619650900363922119e-01 1.186427474021911621e+00 0.000000000000000000e+00 0.000000000000000000e+00 0.000000000000000000e+00 1.000000000000000000e+00
2.594405412673950195e-01 -3.383640348911285400e-01 9.045443534851074219e-01 -7.598791122436523438e-01 -9.644515514373779297e-01 -1.395016759634017944e-01 2.244393825531005859e-01 -5.128771662712097168e-01 5.024325847625732422e-02 -9.306176900863647461e-01 -3.625279366970062256e-01 1.186233162879943848e+00 0.000000000000000000e+00 0.000000000000000000e+00 0.000000000000000000e+00 1.000000000000000000e+00
2.569317519664764404e-01 -3.392377793788909912e-01 9.049331545829772949e-01 -7.573083639144897461e-01 -9.651135802268981934e-01 -1.389201283454895020e-01 2.219404578208923340e-01 -5.101227164268493652e-01 5.042282491922378540e-02 -9.303866028785705566e-01 -3.630957901477813721e-01 1.186038970947265625e+00 0.000000000000000000e+00 0.000000000000000000e+00 0.000000000000000000e+00 1.000000000000000000e+00
2.544492483139038086e-01 -3.401131331920623779e-01 9.053058624267578125e-01 -7.545877099037170410e-01 -9.657619595527648926e-01 -1.383391618728637695e-01 2.194687426090240479e-01 -5.075191259384155273e-01 5.059505254030227661e-02 -9.301535487174987793e-01 -3.636685609817504883e-01 1.185829401016235352e+00 0.000000000000000000e+00 0.000000000000000000e+00 0.000000000000000000e+00 1.000000000000000000e+00
2.519952356815338135e-01 -3.409901857376098633e-01 9.056622982025146484e-01 -7.518341541290283203e-01 -9.663965702056884766e-01 -1.377598345279693604e-01 2.170262336730957031e-01 -5.049492716789245605e-01 5.076007917523384094e-02 -9.299184083938598633e-01 -3.642464578151702881e-01 1.185616493225097656e+00 0.000000000000000000e+00 0.000000000000000000e+00 0.000000000000000000e+00 1.000000000000000000e+00
2.495719045400619507e-01 -3.418687880039215088e-01 9.060019254684448242e-01 -7.490802407264709473e-01 -9.670169353485107422e-01 -1.371831297874450684e-01 2.146148681640625000e-01 -5.023791790008544922e-01 5.091805756092071533e-02 -9.296810626983642578e-01 -3.648298084735870361e-01 1.185403466224670410e+00 0.000000000000000000e+00 0.000000000000000000e+00 0.000000000000000000e+00 1.000000000000000000e+00
2.471813857555389404e-01 -3.427485823631286621e-01 9.063249230384826660e-01 -7.463263869285583496e-01 -9.676227569580078125e-01 -1.366098523139953613e-01 2.122366726398468018e-01 -4.998089671134948730e-01 5.106911063194274902e-02 -9.294413924217224121e-01 -3.654186427593231201e-01 1.185190558433532715e+00 0.000000000000000000e+00 0.000000000000000000e+00 0.000000000000000000e+00 1.000000000000000000e+00
2.448260784149169922e-01 -3.436295688152313232e-01 9.066305756568908691e-01 -7.435727715492248535e-01 -9.682137966156005859e-01 -1.360411643981933594e-01 2.098937630653381348e-01 -4.972391724586486816e-01 5.121339112520217896e-02 -9.291995763778686523e-01 -3.660131692886352539e-01 1.184977650642395020e+00 0.000000000000000000e+00 0.000000000000000000e+00 0.000000000000000000e+00 1.000000000000000000e+00
2.425080835819244385e-01 -3.445114791393280029e-01 9.069188237190246582e-01 -7.408188581466674805e-01 -9.687896370887756348e-01 -1.354779303073883057e-01 2.075880765914916992e-01 -4.946690797805786133e-01 5.135102197527885437e-02 -9.289552569389343262e-01 -3.666135370731353760e-01 1.184764742851257324e+00 0.000000000000000000e+00 0.000000000000000000e+00 0.000000000000000000e+00 1.000000000000000000e+00
2.402296513319015503e-01 -3.453942537307739258e-01 9.071893692016601562e-01 -7.380649447441101074e-01 -9.693502783775329590e-01 -1.349211484193801880e-01 2.053215652704238892e-01 -4.920989871025085449e-01 5.148215591907501221e-02 -9.287084341049194336e-01 -3.672199249267578125e-01 1.184551715850830078e+00 0.000000000000000000e+00 0.000000000000000000e+00 0.000000000000000000e+00 1.000000000000000000e+00
2.379928380250930786e-01 -3.462778031826019287e-01 9.074420928955078125e-01 -7.353113889694213867e-01 -9.698951244354248047e-01 -1.343718171119689941e-01 2.030961811542510986e-01 -4.895291328430175781e-01 5.160693451762199402e-02 -9.284589886665344238e-01 -3.678325712680816650e-01 1.184338808059692383e+00 0.000000000000000000e+00 0.000000000000000000e+00 0.000000000000000000e+00 1.000000000000000000e+00
2.358001470565795898e-01 -3.471619486808776855e-01 9.076767563819885254e-01 -7.325574755668640137e-01 -9.704243540763854980e-01 -1.338309496641159058e-01 2.009141147136688232e-01 -4.869589805603027344e-01 5.172549933195114136e-02 -9.282069802284240723e-01 -3.684515953063964844e-01 1.184125900268554688e+00 0.000000000000000000e+00 0.000000000000000000e+00 0.000000000000000000e+00 1.000000000000000000e+00
2.336536645889282227e-01 -3.480464816093444824e-01 9.078930020332336426e-01 -7.298037409782409668e-01 -9.709373116493225098e-01 -1.332995295524597168e-01 1.987773180007934570e-01 -4.843890070915222168e-01 5.183797702193260193e-02 -9.279521107673645020e-01 -3.690771162509918213e-01 1.183912992477416992e+00 0.000000000000000000e+00 0.000000000000000000e+00 0.000000000000000000e+00 1.000000000000000000e+00
2.315557599067687988e-01 -3.489312231540679932e-01 9.080908298492431641e-01 -7.270500659942626953e-01 -9.714338779449462891e-01 -1.327786147594451904e-01 1.966879069805145264e-01 -4.818190336227416992e-01 5.194449424743652344e-02 -9.276944398880004883e-01 -3.697092533111572266e-01 1.183700084686279297e+00 0.000000000000000000e+00 0.000000000000000000e+00 0.000000000000000000e+00 1.000000000000000000e+00
2.295085191726684570e-01 -3.498162925243377686e-01 9.082698822021484375e-01 -7.242960929870605469e-01 -9.719144701957702637e-01 -1.322692036628723145e-01 1.946476101875305176e-01 -4.792488813400268555e-01 5.204524844884872437e-02 -9.274339675903320312e-01 -3.703482747077941895e-01 1.183487176895141602e+00 0.000000000000000000e+00 0.000000000000000000e+00 0.000000000000000000e+00 1.000000000000000000e+00
2.275141030550003052e-01 -3.507016599178314209e-01 9.084303379058837891e-01 -7.215424180030822754e-01 -9.723781943321228027e-01 -1.317723244428634644e-01 1.926585286855697632e-01 -4.766789674758911133e-01 5.214032530784606934e-02 -9.271702170372009277e-01 -3.709945976734161377e-01 1.183274149894714355e+00 0.000000000000000000e+00 0.000000000000000000e+00 0.000000000000000000e+00 1.000000000000000000e+00
2.255750447511672974e-01 -3.515867888927459717e-01 9.085717797279357910e-01 -7.187886238098144531e-01 -9.728249907493591309e-01 -1.312890499830245972e-01 1.907228976488113403e-01 -4.741089344024658203e-01 5.222988128662109375e-02 -9.269036054611206055e-01 -3.716478645801544189e-01 1.183061242103576660e+00 0.000000000000000000e+00 0.000000000000000000e+00 0.000000000000000000e+00 1.000000000000000000e+00
2.236934304237365723e-01 -3.524717986583709717e-01 9.086940884590148926e-01 -7.160347104072570801e-01 -9.732548594474792480e-01 -1.308203935623168945e-01 1.888425499200820923e-01 -4.715388417243957520e-01 5.231405422091484070e-02 -9.266336560249328613e-01 -3.723084032535552979e-01 1.182848334312438965e+00 0.000000000000000000e+00 0.000000000000000000e+00 0.000000000000000000e+00 1.000000000000000000e+00
2.218714058399200439e-01 -3.533567786216735840e-01 9.087970852851867676e-01 -7.132810354232788086e-01 -9.736676216125488281e-01 -1.303674429655075073e-01 1.870193779468536377e-01 -4.689688086509704590e-01 5.239298567175865173e-02 -9.263604283332824707e-01 -3.729767501354217529e-01 1.182635426521301270e+00 0.000000000000000000e+00 0.000000000000000000e+00 0.000000000000000000e+00 1.000000000000000000e+00
2.201113700866699219e-01 -3.542414009571075439e-01 9.088806509971618652e-01 -7.104706764221191406e-01 -9.740629792213439941e-01 -1.299312561750411987e-01 1.852555871009826660e-01 -4.664643406867980957e-01 5.246680974960327148e-02 -9.260837435722351074e-01 -3.736526668071746826e-01 1.182416558265686035e+00 0.000000000000000000e+00 0.000000000000000000e+00 0.000000000000000000e+00 1.000000000000000000e+00
2.184153795242309570e-01 -3.551257550716400146e-01 9.089447259902954102e-01 -7.075473070144653320e-01 -9.744409918785095215e-01 -1.295128762722015381e-01 1.835529208183288574e-01 -4.640907645225524902e-01 5.253568664193153381e-02 -9.258037209510803223e-01 -3.743365705013275146e-01 1.182186007499694824e+00 0.000000000000000000e+00 0.000000000000000000e+00 0.000000000000000000e+00 1.000000000000000000e+00
2.167859971523284912e-01 -3.560096323490142822e-01 9.089890122413635254e-01 -7.046237587928771973e-01 -9.748013019561767578e-01 -1.291134804487228394e-01 1.819136887788772583e-01 -4.617171287536621094e-01 5.259972810745239258e-02 -9.255200028419494629e-01 -3.750284910202026367e-01 1.181955456733703613e+00 0.000000000000000000e+00 0.000000000000000000e+00 0.000000000000000000e+00 1.000000000000000000e+00
2.152250558137893677e-01 -3.568928539752960205e-01 9.090135693550109863e-01 -7.017003297805786133e-01 -9.751437306404113770e-01 -1.287340372800827026e-01 1.803395599126815796e-01 -4.593434929847717285e-01 5.265907570719718933e-02 -9.252325296401977539e-01 -3.757285773754119873e-01 1.181724905967712402e+00 0.000000000000000000e+00 0.000000000000000000e+00 0.000000000000000000e+00 1.000000000000000000e+00
2.137351185083389282e-01 -3.577755987644195557e-01 9.090181589126586914e-01 -6.987770199775695801e-01 -9.754686951637268066e-01 -1.283757090568542480e-01 1.788326352834701538e-01 -4.569699764251708984e-01 5.271390452980995178e-02 -9.249414205551147461e-01 -3.764371275901794434e-01 1.181494355201721191e+00 0.000000000000000000e+00 0.000000000000000000e+00 0.000000000000000000e+00 1.000000000000000000e+00
2.123183310031890869e-01 -3.586575090885162354e-01 9.090026021003723145e-01 -6.958534121513366699e-01 -9.757752418518066406e-01 -1.280396282672882080e-01 1.773949861526489258e-01 -4.545962810516357422e-01 5.276431515812873840e-02 -9.246463775634765625e-01 -3.771541416645050049e-01 1.181263804435729980e+00 0.000000000000000000e+00 0.000000000000000000e+00 0.000000000000000000e+00 1.000000000000000000e+00
2.109767794609069824e-01 -3.595385849475860596e-01 9.089668989181518555e-01 -6.929299831390380859e-01 -9.760637283325195312e-01 -1.277268081903457642e-01 1.760283708572387695e-01 -4.522227048873901367e-01 5.281046032905578613e-02 -9.243474006652832031e-01 -3.778798282146453857e-01 1.181033253669738770e+00 0.000000000000000000e+00 0.000000000000000000e+00 0.000000000000000000e+00 1.000000000000000000e+00
2.097127288579940796e-01 -3.604186773300170898e-01 9.089107513427734375e-01 -6.900066137313842773e-01 -9.763337969779968262e-01 -1.274384260177612305e-01 1.747347712516784668e-01 -4.498491287231445312e-01 5.285249277949333191e-02 -9.240444302558898926e-01 -3.786142468452453613e-01 1.180802822113037109e+00 0.000000000000000000e+00 0.000000000000000000e+00 0.000000000000000000e+00 1.000000000000000000e+00
2.085286080837249756e-01 -3.612980842590332031e-01 9.088341593742370605e-01 -6.870831251144409180e-01 -9.765853285789489746e-01 -1.271757036447525024e-01 1.735163182020187378e-01 -4.474754333496093750e-01 5.289052799344062805e-02 -9.237371087074279785e-01 -3.793580532073974609e-01 1.180572152137756348e+00 0.000000000000000000e+00 0.000000000000000000e+00 0.000000000000000000e+00 1.000000000000000000e+00
2.074265629053115845e-01 -3.621762394905090332e-01 9.087368249893188477e-01 -6.841596961021423340e-01 -9.768182039260864258e-01 -1.269397139549255371e-01 1.723748743534088135e-01 -4.451019167900085449e-01 5.292472243309020996e-02 -9.234256744384765625e-01 -3.801108598709106445e-01 1.180341720581054688e+00 0.000000000000000000e+00 0.000000000000000000e+00 0.000000000000000000e+00 1.000000000000000000e+00
2.064087092876434326e-01 -3.630531728267669678e-01 9.086186885833740234e-01 -6.812363266944885254e-01 -9.770321249961853027e-01 -1.267315894365310669e-01 1.713122874498367310e-01 -4.427283406257629395e-01 5.295521393418312073e-02 -9.231098294258117676e-01 -3.808729946613311768e-01 1.180111169815063477e+00 0.000000000000000000e+00 0.000000000000000000e+00 0.000000000000000000e+00 1.000000000000000000e+00
2.054771482944488525e-01 -3.639289438724517822e-01 9.084794521331787109e-01 -6.783127784729003906e-01 -9.772270321846008301e-01 -1.265524178743362427e-01 1.703303605318069458e-01 -4.403545856475830078e-01 5.298213288187980652e-02 -9.227894544601440430e-01 -3.816447257995605469e-01 1.179880619049072266e+00 0.000000000000000000e+00 0.000000000000000000e+00 0.000000000000000000e+00 1.000000000000000000e+00
2.046345472335815430e-01 -3.648032248020172119e-01 9.083189368247985840e-01 -6.753892898559570312e-01 -9.774024486541748047e-01 -1.264035850763320923e-01 1.694314628839492798e-01 -4.379810690879821777e-01 5.300563201308250427e-02 -9.224646687507629395e-01 -3.824259936809539795e-01 1.179650068283081055e+00 0.000000000000000000e+00 0.000000000000000000e+00 0.000000000000000000e+00 1.000000000000000000e+00
2.038826346397399902e-01 -3.656759858131408691e-01 9.081370830535888672e-01 -6.724659800529479980e-01 -9.775585532188415527e-01 -1.262860149145126343e-01 1.686169952154159546e-01 -4.356074929237365723e-01 5.302584171295166016e-02 -9.221350550651550293e-01 -3.832170963287353516e-01 1.179419517517089844e+00 0.000000000000000000e+00 0.000000000000000000e+00 0.000000000000000000e+00 1.000000000000000000e+00
2.032240033149719238e-01 -3.665472567081451416e-01 9.079334735870361328e-01 -6.695425510406494141e-01 -9.776946902275085449e-01 -1.262011379003524780e-01 1.678892374038696289e-01 -4.332338571548461914e-01 5.304289981722831726e-02 -9.218007922172546387e-01 -3.840183019638061523e-01 1.179188966751098633e+00 0.000000000000000000e+00 0.000000000000000000e+00 0.000000000000000000e+00 1.000000000000000000e+00
2.026606351137161255e-01 -3.674168586730957031e-01 9.077079296112060547e-01 -6.666190028190612793e-01 -9.778108596801757812e-01 -1.261500269174575806e-01 1.672499030828475952e-01 -4.308602213859558105e-01 5.305694416165351868e-02 -9.214615225791931152e-01 -3.848296999931335449e-01 1.178958415985107422e+00 0.000000000000000000e+00 0.000000000000000000e+00 0.000000000000000000e+00 1.000000000000000000e+00
2.021948099136352539e-01 -3.682845532894134521e-01 9.074600934982299805e-01 -6.636956334114074707e-01 -9.779067039489746094e-01 -1.261339187622070312e-01 1.667008996009826660e-01 -4.284866452217102051e-01 5.306814238429069519e-02 -9.211172461509704590e-01 -3.856514096260070801e-01 1.178727865219116211e+00 0.000000000000000000e+00 0.000000000000000000e+00 0.000000000000000000e+00 1.000000000000000000e+00
2.018287926912307739e-01 -3.691502511501312256e-01 9.071898460388183594e-01 -6.606352329254150391e-01 -9.779818654060363770e-01 -1.261540353298187256e-01 1.662441641092300415e-01 -4.262956976890563965e-01 5.307658389210700989e-02 -9.207679033279418945e-01 -3.864836692810058594e-01 1.178482770919799805e+00 0.000000000000000000e+00 0.000000000000000000e+00 0.000000000000000000e+00 1.000000000000000000e+00
2.015645205974578857e-01 -3.700136542320251465e-01 9.068967103958129883e-01 -6.575565338134765625e-01 -9.780360460281372070e-01 -1.262115538120269775e-01 1.658813953399658203e-01 -4.241287708282470703e-01 5.308246985077857971e-02 -9.204133749008178711e-01 -3.873263299465179443e-01 1.178235769271850586e+00 0.000000000000000000e+00 0.000000000000000000e+00 0.000000000000000000e+00 1.000000000000000000e+00
2.014045417308807373e-01 -3.708748519420623779e-01 9.065804481506347656e-01 -6.544779539108276367e-01 -9.780688285827636719e-01 -1.263078153133392334e-01 1.656146794557571411e-01 -4.219620227813720703e-01 5.308587849140167236e-02 -9.200534820556640625e-01 -3.881799578666687012e-01 1.177988767623901367e+00 0.000000000000000000e+00 0.000000000000000000e+00 0.000000000000000000e+00 1.000000000000000000e+00
2.013505250215530396e-01 -3.717336356639862061e-01 9.062406420707702637e-01 -6.513994932174682617e-01 -9.780798554420471191e-01 -1.264439076185226440e-01 1.654454171657562256e-01 -4.197952747344970703e-01 5.308699607849121094e-02 -9.196881651878356934e-01 -3.890446126461029053e-01 1.177741765975952148e+00 0.000000000000000000e+00 0.000000000000000000e+00 0.000000000000000000e+00 1.000000000000000000e+00
2.014570236206054688e-01 -3.725830316543579102e-01 9.058681130409240723e-01 -6.483207345008850098e-01 -9.780580997467041016e-01 -1.266400665044784546e-01 1.654243320226669312e-01 -4.176284670829772949e-01 5.308490991592407227e-02 -9.193173646926879883e-01 -3.899202346801757812e-01 1.177494764328002930e+00 0.000000000000000000e+00 0.000000000000000000e+00 0.000000000000000000e+00 1.000000000000000000e+00
2.017751485109329224e-01 -3.734166026115417480e-01 9.054539799690246582e-01 -6.452422142028808594e-01 -9.779928326606750488e-01 -1.269153803586959839e-01 1.655989587306976318e-01 -4.154617786407470703e-01 5.307864397764205933e-02 -9.189411401748657227e-01 -3.908069729804992676e-01 1.177247762680053711e+00 0.000000000000000000e+00 0.000000000000000000e+00 0.000000000000000000e+00 1.000000000000000000e+00
2.023027539253234863e-01 -3.742341101169586182e-01 9.049986004829406738e-01 -6.421636343002319336e-01 -9.778843522071838379e-01 -1.272695362567901611e-01 1.659671366214752197e-01 -4.132949709892272949e-01 5.306819453835487366e-02 -9.185595512390136719e-01 -3.917045295238494873e-01 1.177000761032104492e+00 0.000000000000000000e+00 0.000000000000000000e+00 0.000000000000000000e+00 1.000000000000000000e+00
2.030380815267562866e-01 -3.750354051589965820e-01 9.045020937919616699e-01 -6.390848755836486816e-01 -9.777327775955200195e-01 -1.277023553848266602e-01 1.665269732475280762e-01 -4.111281037330627441e-01 5.305355414748191833e-02 -9.181724786758422852e-01 -3.926127254962921143e-01 1.176753759384155273e+00 0.000000000000000000e+00 0.000000000000000000e+00 0.000000000000000000e+00 1.000000000000000000e+00
2.039790451526641846e-01 -3.758207559585571289e-01 9.039642810821533203e-01 -6.360063552856445312e-01 -9.775379300117492676e-01 -1.282137036323547363e-01 1.672762930393218994e-01 -4.089613556861877441e-01 5.303471162915229797e-02 -9.177801012992858887e-01 -3.935317993164062500e-01 1.176506757736206055e+00 0.000000000000000000e+00 0.000000000000000000e+00 0.000000000000000000e+00 1.000000000000000000e+00
2.051233649253845215e-01 -3.765895068645477295e-01 9.033851623535156250e-01 -6.329277753829956055e-01 -9.772997498512268066e-01 -1.288031339645385742e-01 1.682128459215164185e-01 -4.067946076393127441e-01 5.301166698336601257e-02 -9.173823595046997070e-01 -3.944611251354217529e-01 1.176259756088256836e+00 0.000000000000000000e+00 0.000000000000000000e+00 0.000000000000000000e+00 1.000000000000000000e+00
2.064688205718994141e-01 -3.773416280746459961e-01 9.027646183967590332e-01 -6.298490762710571289e-01 -9.770175814628601074e-01 -1.294704079627990723e-01 1.693343669176101685e-01 -4.046277403831481934e-01 5.298439040780067444e-02 -9.169793128967285156e-01 -3.954009413719177246e-01 1.176012754440307617e+00 0.000000000000000000e+00 0.000000000000000000e+00 0.000000000000000000e+00 1.000000000000000000e+00
2.080138027667999268e-01 -3.780768811702728271e-01 9.021021127700805664e-01 -6.267705559730529785e-01 -9.766917824745178223e-01 -1.302153915166854858e-01 1.706390529870986938e-01 -4.024609923362731934e-01 5.295290797948837280e-02 -9.165708422660827637e-01 -3.963509798049926758e-01 1.175765752792358398e+00 0.000000000000000000e+00 0.000000000000000000e+00 0.000000000000000000e+00 1.000000000000000000e+00
2.097555398941040039e-01 -3.787947297096252441e-01 9.013974666595458984e-01 -6.236919760704040527e-01 -9.763211607933044434e-01 -1.310375779867172241e-01 1.721242517232894897e-01 -4.002943038940429688e-01 5.291718989610671997e-02 -9.161571860313415527e-01 -3.973109722137451172e-01 1.175518751144409180e+00 0.000000000000000000e+00 0.000000000000000000e+00 0.000000000000000000e+00 1.000000000000000000e+00
2.116922438144683838e-01 -3.794949650764465332e-01 9.006497859954833984e-01 -6.206134557723999023e-01 -9.759051799774169922e-01 -1.319368332624435425e-01 1.737879812717437744e-01 -3.981274962425231934e-01 5.287723243236541748e-02 -9.157381653785705566e-01 -3.982809782028198242e-01 1.175271749496459961e+00 0.000000000000000000e+00 0.000000000000000000e+00 0.000000000000000000e+00 1.000000000000000000e+00
2.138215601444244385e-01 -3.801771998405456543e-01 8.998587131500244141e-01 -6.175347566604614258e-01 -9.754432439804077148e-01 -1.329127997159957886e-01 1.756278872489929199e-01 -3.959606289863586426e-01 5.283302813768386841e-02 -9.153139591217041016e-01 -3.992608189582824707e-01 1.175024747848510742e+00 0.000000000000000000e+00 0.000000000000000000e+00 0.000000000000000000e+00 1.000000000000000000e+00
2.161412239074707031e-01 -3.808411061763763428e-01 8.990234732627868652e-01 -6.144562363624572754e-01 -9.749344587326049805e-01 -1.339651495218276978e-01 1.776416450738906860e-01 -3.937939405441284180e-01 5.278457328677177429e-02 -9.148845076560974121e-01 -4.002503752708435059e-01 1.174777746200561523e+00 0.000000000000000000e+00 0.000000000000000000e+00 0.000000000000000000e+00 1.000000000000000000e+00
2.186490595340728760e-01 -3.814858496189117432e-01 8.981432318687438965e-01 -6.113070249557495117e-01 -9.743780493736267090e-01 -1.350935101509094238e-01 1.798270940780639648e-01 -3.917362093925476074e-01 5.273185670375823975e-02 -9.144498705863952637e-01 -4.012492895126342773e-01 1.174522995948791504e+00 0.000000000000000000e+00 0.000000000000000000e+00 0.000000000000000000e+00 1.000000000000000000e+00
2.213426232337951660e-01 -3.821111619472503662e-01 8.972170352935791016e-01 -6.080884933471679688e-01 -9.737727046012878418e-01 -1.362975537776947021e-01 1.821816414594650269e-01 -3.897849321365356445e-01 5.267486721277236938e-02 -9.140099883079528809e-01 -4.022577106952667236e-01 1.174260854721069336e+00 0.000000000000000000e+00 0.000000000000000000e+00 0.000000000000000000e+00 1.000000000000000000e+00
2.242198586463928223e-01 -3.827164769172668457e-01 8.962440490722656250e-01 -6.048703789710998535e-01 -9.731175303459167480e-01 -1.375769525766372681e-01 1.847032159566879272e-01 -3.878339529037475586e-01 5.261359736323356628e-02 -9.135649204254150391e-01 -4.032754302024841309e-01 1.173998713493347168e+00 0.000000000000000000e+00 0.000000000000000000e+00 0.000000000000000000e+00 1.000000000000000000e+00
2.272782176733016968e-01 -3.833012580871582031e-01 8.952233195304870605e-01 -6.016519069671630859e-01 -9.724113345146179199e-01 -1.389313489198684692e-01 1.873892843723297119e-01 -3.858826756477355957e-01 5.254805088043212891e-02 -9.131147265434265137e-01 -4.043023884296417236e-01 1.173736453056335449e+00 0.000000000000000000e+00 0.000000000000000000e+00 0.000000000000000000e+00 1.000000000000000000e+00
2.305152118206024170e-01 -3.838646709918975830e-01 8.941537141799926758e-01 -5.984333753585815430e-01 -9.716529250144958496e-01 -1.403601914644241333e-01 1.902372837066650391e-01 -3.839314579963684082e-01 5.247820913791656494e-02 -9.126594066619873047e-01 -4.053381681442260742e-01 1.173474311828613281e+00 0.000000000000000000e+00 0.000000000000000000e+00 0.000000000000000000e+00 1.000000000000000000e+00
2.339286953210830688e-01 -3.844062387943267822e-01 8.930338025093078613e-01 -5.952152013778686523e-01 -9.708406925201416016e-01 -1.418631970882415771e-01 1.932449787855148315e-01 -3.819804191589355469e-01 5.240407213568687439e-02 -9.121989011764526367e-01 -4.063829779624938965e-01 1.173212051391601562e+00 0.000000000000000000e+00 0.000000000000000000e+00 0.000000000000000000e+00 1.000000000000000000e+00
2.375160157680511475e-01 -3.849251568317413330e-01 8.918626308441162109e-01 -5.919967889785766602e-01 -9.699735641479492188e-01 -1.434398889541625977e-01 1.964097619056701660e-01 -3.800292611122131348e-01 5.232562124729156494e-02 -9.117335081100463867e-01 -4.074363410472869873e-01 1.172949910163879395e+00 0.000000000000000000e+00 0.000000000000000000e+00 0.000000000000000000e+00 1.000000000000000000e+00
2.412748634815216064e-01 -3.854208588600158691e-01 8.906387090682983398e-01 -5.887783169746398926e-01 -9.690499305725097656e-01 -1.450898796319961548e-01 1.997292488813400269e-01 -3.780779838562011719e-01 5.224285274744033813e-02 -9.112628102302551270e-01 -4.084984064102172852e-01 1.172687649726867676e+00 0.000000000000000000e+00 0.000000000000000000e+00 0.000000000000000000e+00 1.000000000000000000e+00
2.452025562524795532e-01 -3.858925104141235352e-01 8.893607854843139648e-01 -5.855601429939270020e-01 -9.680681228637695312e-01 -1.468126326799392700e-01 2.032007277011871338e-01 -3.761269450187683105e-01 5.215576663613319397e-02 -9.107871651649475098e-01 -4.095688462257385254e-01 1.172425508499145508e+00 0.000000000000000000e+00 0.000000000000000000e+00 0.000000000000000000e+00 1.000000000000000000e+00
2.492968589067459106e-01 -3.863393068313598633e-01 8.880276679992675781e-01 -5.823416709899902344e-01 -9.670268893241882324e-01 -1.486077606678009033e-01 2.068219631910324097e-01 -3.741757273674011230e-01 5.206435173749923706e-02 -9.103065729141235352e-01 -4.106477499008178711e-01 1.172163248062133789e+00 0.000000000000000000e+00 0.000000000000000000e+00 0.000000000000000000e+00 1.000000000000000000e+00
2.535548806190490723e-01 -3.867604136466979980e-01 8.866376876831054688e-01 -5.791233181953430176e-01 -9.659243226051330566e-01 -1.504746526479721069e-01 2.105900645256042480e-01 -3.722246885299682617e-01 5.196859687566757202e-02 -9.098209142684936523e-01 -4.117347002029418945e-01 1.171901106834411621e+00 0.000000000000000000e+00 0.000000000000000000e+00 0.000000000000000000e+00 1.000000000000000000e+00
2.579742670059204102e-01 -3.871552944183349609e-01 8.851892948150634766e-01 -5.759050846099853516e-01 -9.647587537765502930e-01 -1.524129211902618408e-01 2.145025581121444702e-01 -3.702735304832458496e-01 5.186849832534790039e-02 -9.093301892280578613e-01 -4.128299057483673096e-01 1.171638846397399902e+00 0.000000000000000000e+00 0.000000000000000000e+00 0.000000000000000000e+00 1.000000000000000000e+00
2.625522911548614502e-01 -3.875227272510528564e-01 8.836812973022460938e-01 -5.726865530014038086e-01 -9.635285735130310059e-01 -1.544219255447387695e-01 2.185567766427993774e-01 -3.683222532272338867e-01 5.176404491066932678e-02 -9.088345766067504883e-01 -4.139328896999359131e-01 1.171376705169677734e+00 0.000000000000000000e+00 0.000000000000000000e+00 0.000000000000000000e+00 1.000000000000000000e+00
2.672863602638244629e-01 -3.878620564937591553e-01 8.821116685867309570e-01 -5.694682598114013672e-01 -9.622318744659423828e-01 -1.565011739730834961e-01 2.227500975131988525e-01 -3.663710951805114746e-01 5.165522918105125427e-02 -9.083340167999267578e-01 -4.150436520576477051e-01 1.171114563941955566e+00 0.000000000000000000e+00 0.000000000000000000e+00 0.000000000000000000e+00 1.000000000000000000e+00
2.721737325191497803e-01 -3.881722688674926758e-01 8.804792165756225586e-01 -5.662497878074645996e-01 -9.608669877052307129e-01 -1.586500853300094604e-01 2.270798087120056152e-01 -3.644198775291442871e-01 5.154204741120338440e-02 -9.078285098075866699e-01 -4.161621630191802979e-01 1.170852303504943848e+00 0.000000000000000000e+00 0.000000000000000000e+00 0.000000000000000000e+00 1.000000000000000000e+00
2.772114276885986328e-01 -3.884525299072265625e-01 8.787823915481567383e-01 -5.630314350128173828e-01 -9.594318270683288574e-01 -1.608679592609405518e-01 2.315429896116256714e-01 -3.624687790870666504e-01 5.142447352409362793e-02 -9.073182344436645508e-01 -4.172880649566650391e-01 1.170590162277221680e+00 0.000000000000000000e+00 0.000000000000000000e+00 0.000000000000000000e+00 1.000000000000000000e+00
2.823972702026367188e-01 -3.887017667293548584e-01 8.770192861557006836e-01 -5.597835779190063477e-01 -9.579250216484069824e-01 -1.631543487310409546e-01 2.361372560262680054e-01 -3.605709075927734375e-01 5.130254104733467102e-02 -9.068031311035156250e-01 -4.184213280677795410e-01 1.170324563980102539e+00 0.000000000000000000e+00 0.000000000000000000e+00 0.000000000000000000e+00 1.000000000000000000e+00
2.877279222011566162e-01 -3.889194726943969727e-01 8.751882314682006836e-01 -5.564412474632263184e-01 -9.563441276550292969e-01 -1.655085086822509766e-01 2.408594191074371338e-01 -3.588423728942871094e-01 5.117620155215263367e-02 -9.062830209732055664e-01 -4.195621013641357422e-01 1.170048594474792480e+00 0.000000000000000000e+00 0.000000000000000000e+00 0.000000000000000000e+00 1.000000000000000000e+00
2.932007908821105957e-01 -3.891040682792663574e-01 8.732876181602478027e-01 -5.530993938446044922e-01 -9.546875357627868652e-01 -1.679297983646392822e-01 2.457069009542465210e-01 -3.571140766143798828e-01 5.104546621441841125e-02 -9.057582020759582520e-01 -4.207097291946411133e-01 1.169772505760192871e+00 0.000000000000000000e+00 0.000000000000000000e+00 0.000000000000000000e+00 1.000000000000000000e+00
2.988128066062927246e-01 -3.892549276351928711e-01 8.713160157203674316e-01 -5.497571229934692383e-01 -9.529531002044677734e-01 -1.704174578189849854e-01 2.506766915321350098e-01 -3.553854823112487793e-01 5.091032385826110840e-02 -9.052285552024841309e-01 -4.218644499778747559e-01 1.169496417045593262e+00 0.000000000000000000e+00 0.000000000000000000e+00 0.000000000000000000e+00 1.000000000000000000e+00
3.045614361763000488e-01 -3.893710672855377197e-01 8.692712783813476562e-01 -5.464147925376892090e-01 -9.511388540267944336e-01 -1.729709804058074951e-01 2.557661831378936768e-01 -3.536570072174072266e-01 5.077076330780982971e-02 -9.046941995620727539e-01 -4.230260848999023438e-01 1.169220328330993652e+00 0.000000000000000000e+00 0.000000000000000000e+00 0.000000000000000000e+00 1.000000000000000000e+00
3.104432821273803711e-01 -3.894513249397277832e-01 8.671520948410034180e-01 -5.430729389190673828e-01 -9.492430686950683594e-01 -1.755893826484680176e-01 2.609721124172210693e-01 -3.519287109375000000e-01 5.062678456306457520e-02 -9.041550159454345703e-01 -4.241943657398223877e-01 1.168944358825683594e+00 0.000000000000000000e+00 0.000000000000000000e+00 0.000000000000000000e+00 1.000000000000000000e+00
3.164557516574859619e-01 -3.894945979118347168e-01 8.649565577507019043e-01 -5.397306680679321289e-01 -9.472635388374328613e-01 -1.782720386981964111e-01 2.662917673587799072e-01 -3.502000570297241211e-01 5.047837272286415100e-02 -9.036111831665039062e-01 -4.253691434860229492e-01 1.168668270111083984e+00 0.000000000000000000e+00 0.000000000000000000e+00 0.000000000000000000e+00 1.000000000000000000e+00
3.225954174995422363e-01 -3.895001411437988281e-01 8.626829385757446289e-01 -5.363883376121520996e-01 -9.451984763145446777e-01 -1.810181438922882080e-01 2.717219591140747070e-01 -3.484715819358825684e-01 5.032552033662796021e-02 -9.030628204345703125e-01 -4.265503585338592529e-01 1.168392181396484375e+00 0.000000000000000000e+00 0.000000000000000000e+00 0.000000000000000000e+00 1.000000000000000000e+00
3.288595080375671387e-01 -3.894667923450469971e-01 8.603296875953674316e-01 -5.330464839935302734e-01 -9.430456757545471191e-01 -1.838268935680389404e-01 2.772598862648010254e-01 -3.467432260513305664e-01 5.016823112964630127e-02 -9.025095701217651367e-01 -4.277380108833312988e-01 1.168116211891174316e+00 0.000000000000000000e+00 0.000000000000000000e+00 0.000000000000000000e+00 1.000000000000000000e+00
3.352448046207427979e-01 -3.893934488296508789e-01 8.578948974609375000e-01 -5.297041535377502441e-01 -9.408033490180969238e-01 -1.866974383592605591e-01 2.829023301601409912e-01 -3.450147509574890137e-01 5.000647902488708496e-02 -9.019518494606018066e-01 -4.289317429065704346e-01 1.167840123176574707e+00 0.000000000000000000e+00 0.000000000000000000e+00 0.000000000000000000e+00 1.000000000000000000e+00
3.417482376098632812e-01 -3.892790377140045166e-01 8.553771376609802246e-01 -5.263620615005493164e-01 -9.384692907333374023e-01 -1.896289288997650146e-01 2.886463701725006104e-01 -3.432863354682922363e-01 4.984026402235031128e-02 -9.013894796371459961e-01 -4.301316142082214355e-01 1.167564034461975098e+00 0.000000000000000000e+00 0.000000000000000000e+00 0.000000000000000000e+00 1.000000000000000000e+00
3.483664691448211670e-01 -3.891226947307586670e-01 8.527745604515075684e-01 -5.230200290679931641e-01 -9.360417723655700684e-01 -1.926204264163970947e-01 2.944886684417724609e-01 -3.415579199790954590e-01 4.966958612203598022e-02 -9.008225202560424805e-01 -4.313374161720275879e-01 1.167288064956665039e+00 0.000000000000000000e+00 0.000000000000000000e+00 0.000000000000000000e+00 1.000000000000000000e+00
3.550965487957000732e-01 -3.889231383800506592e-01 8.500854372978210449e-01 -5.196777582168579102e-01 -9.335187673568725586e-01 -1.956711262464523315e-01 3.004263341426849365e-01 -3.398293852806091309e-01 4.949443414807319641e-02 -9.002510309219360352e-01 -4.325489699840545654e-01 1.167011976242065430e+00 0.000000000000000000e+00 0.000000000000000000e+00 0.000000000000000000e+00 1.000000000000000000e+00
3.619349300861358643e-01 -3.886792957782745361e-01 8.473084568977355957e-01 -5.163356661796569824e-01 -9.308983087539672852e-01 -1.987799108028411865e-01 3.064560294151306152e-01 -3.381009101867675781e-01 4.931478947401046753e-02 -8.996750712394714355e-01 -4.337661266326904297e-01 1.166735887527465820e+00 0.000000000000000000e+00 0.000000000000000000e+00 0.000000000000000000e+00 1.000000000000000000e+00
3.688783645629882812e-01 -3.883904516696929932e-01 8.444417119026184082e-01 -5.129935741424560547e-01 -9.281785488128662109e-01 -2.019459754228591919e-01 3.125745654106140137e-01 -3.363724946975708008e-01 4.913064837455749512e-02 -8.990945219993591309e-01 -4.349890351295471191e-01 1.166459798812866211e+00 0.000000000000000000e+00 0.000000000000000000e+00 0.000000000000000000e+00 1.000000000000000000e+00
3.759238421916961670e-01 -3.880549073219299316e-01 8.414837121963500977e-01 -5.096513032913208008e-01 -9.253575205802917480e-01 -2.051682323217391968e-01 3.187788724899291992e-01 -3.346440196037292480e-01 4.894201830029487610e-02 -8.985097408294677734e-01 -4.362169504165649414e-01 1.166183829307556152e+00 0.000000000000000000e+00 0.000000000000000000e+00 0.000000000000000000e+00 1.000000000000000000e+00
3.830674886703491211e-01 -3.876721858978271484e-01 8.384329676628112793e-01 -5.062963366508483887e-01 -9.224333763122558594e-01 -2.084456533193588257e-01 3.250654041767120361e-01 -3.329427838325500488e-01 4.874887689948081970e-02 -8.979203701019287109e-01 -4.374503195285797119e-01 1.165906190872192383e+00 0.000000000000000000e+00 0.000000000000000000e+00 0.000000000000000000e+00 1.000000000000000000e+00
3.903062045574188232e-01 -3.872410058975219727e-01 8.352877497673034668e-01 -5.028468370437622070e-01 -9.194043278694152832e-01 -2.117771953344345093e-01 3.314310610294342041e-01 -3.314425349235534668e-01 4.855121672153472900e-02 -8.973266482353210449e-01 -4.386888444423675537e-01 1.165617704391479492e+00 0.000000000000000000e+00 0.000000000000000000e+00 0.000000000000000000e+00 1.000000000000000000e+00
3.976365327835083008e-01 -3.867603838443756104e-01 8.320466876029968262e-01 -4.993973374366760254e-01 -9.162685871124267578e-01 -2.151618301868438721e-01 3.378724157810211182e-01 -3.299421668052673340e-01 4.834903776645660400e-02 -8.967285156250000000e-01 -4.399324059486389160e-01 1.165329217910766602e+00 0.000000000000000000e+00 0.000000000000000000e+00 0.000000000000000000e+00 1.000000000000000000e+00
4.050548076629638672e-01 -3.862290084362030029e-01 8.287085294723510742e-01 -4.959477186203002930e-01 -9.130243062973022461e-01 -2.185982763767242432e-01 3.443861901760101318e-01 -3.284416794776916504e-01 4.814232885837554932e-02 -8.961262106895446777e-01 -4.411805868148803711e-01 1.165040731430053711e+00 0.000000000000000000e+00 0.000000000000000000e+00 0.000000000000000000e+00 1.000000000000000000e+00
4.125578403472900391e-01 -3.856462836265563965e-01 8.252716064453125000e-01 -4.924982190132141113e-01 -9.096698164939880371e-01 -2.220856547355651855e-01 3.509690165519714355e-01 -3.269413113594055176e-01 4.793107882142066956e-02 -8.955194950103759766e-01 -4.424337744712829590e-01 1.164752125740051270e+00 0.000000000000000000e+00 0.000000000000000000e+00 0.000000000000000000e+00 1.000000000000000000e+00
4.201416373252868652e-01 -3.850107789039611816e-01 8.217347264289855957e-01 -4.890487194061279297e-01 -9.062035083770751953e-01 -2.256225049495697021e-01 3.576173484325408936e-01 -3.254410028457641602e-01 4.771528020501136780e-02 -8.949086070060729980e-01 -4.436913728713989258e-01 1.164463639259338379e+00 0.000000000000000000e+00 0.000000000000000000e+00 0.000000000000000000e+00 1.000000000000000000e+00
4.278030097484588623e-01 -3.843216001987457275e-01 8.180963993072509766e-01 -4.855990409851074219e-01 -9.026236534118652344e-01 -2.292077988386154175e-01 3.643280565738677979e-01 -3.239405751228332520e-01 4.749493300914764404e-02 -8.942935466766357422e-01 -4.449533522129058838e-01 1.164175152778625488e+00 0.000000000000000000e+00 0.000000000000000000e+00 0.000000000000000000e+00 1.000000000000000000e+00
4.355381131172180176e-01 -3.835780024528503418e-01 8.143553137779235840e-01 -4.821495711803436279e-01 -8.989286422729492188e-01 -2.328403592109680176e-01 3.710973560810089111e-01 -3.224402070045471191e-01 4.727001860737800598e-02 -8.936741948127746582e-01 -4.462199211120605469e-01 1.163886547088623047e+00 0.000000000000000000e+00 0.000000000000000000e+00 0.000000000000000000e+00 1.000000000000000000e+00
4.433434307575225830e-01 -3.827786445617675781e-01 8.105104565620422363e-01 -4.787001013755798340e-01 -8.951169848442077637e-01 -2.365187853574752808e-01 3.779219090938568115e-01 -3.209397792816162109e-01 4.704053327441215515e-02 -8.930507898330688477e-01 -4.474904537200927734e-01 1.163598060607910156e+00 0.000000000000000000e+00 0.000000000000000000e+00 0.000000000000000000e+00 1.000000000000000000e+00
4.512150883674621582e-01 -3.819227814674377441e-01 8.065606355667114258e-01 -4.752504527568817139e-01 -8.911872506141662598e-01 -2.402419000864028931e-01 3.847981989383697510e-01 -3.194393515586853027e-01 4.680647701025009155e-02 -8.924231529235839844e-01 -4.487652480602264404e-01 1.163309574127197266e+00 0.000000000000000000e+00 0.000000000000000000e+00 0.000000000000000000e+00 1.000000000000000000e+00
4.591496288776397705e-01 -3.810092508792877197e-01 8.025046586990356445e-01 -4.718009531497955322e-01 -8.871378898620605469e-01 -2.440083473920822144e-01 3.917228281497955322e-01 -3.179389834403991699e-01 4.656783118844032288e-02 -8.917915821075439453e-01 -4.500438868999481201e-01 1.163021087646484375e+00 0.000000000000000000e+00 0.000000000000000000e+00 0.000000000000000000e+00 1.000000000000000000e+00
4.671432077884674072e-01 -3.800372779369354248e-01 7.983414530754089355e-01 -4.683514833450317383e-01 -8.829675316810607910e-01 -2.478168904781341553e-01 3.986922204494476318e-01 -3.164385557174682617e-01 4.632458463311195374e-02 -8.911558389663696289e-01 -4.513264000415802002e-01 1.162732481956481934e+00 0.000000000000000000e+00 0.000000000000000000e+00 0.000000000000000000e+00 1.000000000000000000e+00
4.751918613910675049e-01 -3.790057897567749023e-01 7.940701842308044434e-01 -4.649018049240112305e-01 -8.786752223968505859e-01 -2.516658604145050049e-01 4.057025909423828125e-01 -3.149381279945373535e-01 4.607675224542617798e-02 -8.905162215232849121e-01 -4.526124000549316406e-01 1.162443995475769043e+00 0.000000000000000000e+00 0.000000000000000000e+00 0.000000000000000000e+00 1.000000000000000000e+00
4.832921028137207031e-01 -3.779140710830688477e-01 7.896897196769714355e-01 -4.614523649215698242e-01 -8.742592930793762207e-01 -2.555541992187500000e-01 4.127506017684936523e-01 -3.134377598762512207e-01 4.582430422306060791e-02 -8.898726105690002441e-01 -4.539020359516143799e-01 1.162155508995056152e+00 0.000000000000000000e+00 0.000000000000000000e+00 0.000000000000000000e+00 1.000000000000000000e+00
4.914400577545166016e-01 -3.767612278461456299e-01 7.851991653442382812e-01 -4.580028653144836426e-01 -8.697188496589660645e-01 -2.594805061817169189e-01 4.198325872421264648e-01 -3.119374513626098633e-01 4.556724056601524353e-02 -8.892250657081604004e-01 -4.551952183246612549e-01 1.161866903305053711e+00 0.000000000000000000e+00 0.000000000000000000e+00 0.000000000000000000e+00 1.000000000000000000e+00
4.996316730976104736e-01 -3.755462467670440674e-01 7.805981040000915527e-01 -4.545533955097198486e-01 -8.650526404380798340e-01 -2.634430229663848877e-01 4.269450306892395020e-01 -3.104370832443237305e-01 4.530555382370948792e-02 -8.885736465454101562e-01 -4.564915597438812256e-01 1.161578416824340820e+00 0.000000000000000000e+00 0.000000000000000000e+00 0.000000000000000000e+00 1.000000000000000000e+00
5.078632831573486328e-01 -3.742682635784149170e-01 7.758854627609252930e-01 -4.510872066020965576e-01 -8.602597117424011230e-01 -2.674404680728912354e-01 4.340842664241790771e-01 -3.089787364006042480e-01 4.503923654556274414e-02 -8.879183530807495117e-01 -4.577910006046295166e-01 1.161287903785705566e+00 0.000000000000000000e+00 0.000000000000000000e+00 0.000000000000000000e+00 1.000000000000000000e+00
5.161309242248535156e-01 -3.729268312454223633e-01 7.710607051849365234e-01 -4.475468695163726807e-01 -8.553390502929687500e-01 -2.714714705944061279e-01 4.412466287612915039e-01 -3.077100515365600586e-01 4.476827383041381836e-02 -8.872593641281127930e-01 -4.590936005115509033e-01 1.160988330841064453e+00 0.000000000000000000e+00 0.000000000000000000e+00 0.000000000000000000e+00 1.000000000000000000e+00
5.244309902191162109e-01 -3.715209066867828369e-01 7.661230564117431641e-01 -4.440065622329711914e-01 -8.502899408340454102e-01 -2.755343914031982422e-01 4.484285116195678711e-01 -3.064413666725158691e-01 4.449267312884330750e-02 -8.865965008735656738e-01 -4.603991508483886719e-01 1.160688757896423340e+00 0.000000000000000000e+00 0.000000000000000000e+00 0.000000000000000000e+00 1.000000000000000000e+00
5.327591896057128906e-01 -3.700496256351470947e-01 7.610722780227661133e-01 -4.404660165309906006e-01 -8.451114296913146973e-01 -2.796275317668914795e-01 4.556263983249664307e-01 -3.051725625991821289e-01 4.421240463852882385e-02 -8.859299421310424805e-01 -4.617072045803070068e-01 1.160389184951782227e+00 0.000000000000000000e+00 0.000000000000000000e+00 0.000000000000000000e+00 1.000000000000000000e+00
5.411118865013122559e-01 -3.685126304626464844e-01 7.559077739715576172e-01 -4.369257092475891113e-01 -8.398028016090393066e-01 -2.837496995925903320e-01 4.628366231918334961e-01 -3.039039373397827148e-01 4.392747953534126282e-02 -8.852597475051879883e-01 -4.630181193351745605e-01 1.160089731216430664e+00 0.000000000000000000e+00 0.000000000000000000e+00 0.000000000000000000e+00 1.000000000000000000e+00
5.494848489761352539e-01 -3.669090270996093750e-01 7.506291866302490234e-01 -4.333853721618652344e-01 -8.343634605407714844e-01 -2.878990173339843750e-01 4.700553417205810547e-01 -3.026351928710937500e-01 4.363787919282913208e-02 -8.845858573913574219e-01 -4.643315672874450684e-01 1.159790158271789551e+00 0.000000000000000000e+00 0.000000000000000000e+00 0.000000000000000000e+00 1.000000000000000000e+00
5.578745603561401367e-01 -3.652381002902984619e-01 7.452364563941955566e-01 -4.298448264598846436e-01 -8.287928700447082520e-01 -2.920739352703094482e-01 4.772791564464569092e-01 -3.013665080070495605e-01 4.334360361099243164e-02 -8.839084506034851074e-01 -4.656472802162170410e-01 1.159490585327148438e+00 0.000000000000000000e+00 0.000000000000000000e+00 0.000000000000000000e+00 1.000000000000000000e+00
5.662767291069030762e-01 -3.634994626045227051e-01 7.397289872169494629e-01 -4.263045191764831543e-01 -8.230907320976257324e-01 -2.962729930877685547e-01 4.845042824745178223e-01 -3.000978231430053711e-01 4.304465651512145996e-02 -8.832274675369262695e-01 -4.669654071331024170e-01 1.159191012382507324e+00 0.000000000000000000e+00 0.000000000000000000e+00 0.000000000000000000e+00 1.000000000000000000e+00
5.746875405311584473e-01 -3.616923391819000244e-01 7.341070771217346191e-01 -4.227642118930816650e-01 -8.172563314437866211e-01 -3.004942536354064941e-01 4.917271733283996582e-01 -2.988291382789611816e-01 4.274099692702293396e-02 -8.825429677963256836e-01 -4.682855010032653809e-01 1.158891439437866211e+00 0.000000000000000000e+00 0.000000000000000000e+00 0.000000000000000000e+00 1.000000000000000000e+00
5.831030607223510742e-01 -3.598161637783050537e-01 7.283702492713928223e-01 -4.192236661911010742e-01 -8.112896084785461426e-01 -3.047362864017486572e-01 4.989442229270935059e-01 -2.975603342056274414e-01 4.243263974785804749e-02 -8.818550705909729004e-01 -4.696075618267059326e-01 1.158591866493225098e+00 0.000000000000000000e+00 0.000000000000000000e+00 0.000000000000000000e+00 1.000000000000000000e+00
5.915193557739257812e-01 -3.578706383705139160e-01 7.225189805030822754e-01 -4.156833589076995850e-01 -8.051902651786804199e-01 -3.089973926544189453e-01 5.061518549919128418e-01 -2.962916493415832520e-01 4.211957007646560669e-02 -8.811637163162231445e-01 -4.709317088127136230e-01 1.158292293548583984e+00 0.000000000000000000e+00 0.000000000000000000e+00 0.000000000000000000e+00 1.000000000000000000e+00
5.999323129653930664e-01 -3.558551073074340820e-01 7.165531516075134277e-01 -4.121430218219757080e-01 -7.989581227302551270e-01 -3.132756948471069336e-01 5.133463144302368164e-01 -2.950229644775390625e-01 4.180178791284561157e-02 -8.804690837860107422e-01 -4.722574651241302490e-01 1.157992839813232422e+00 0.000000000000000000e+00 0.000000000000000000e+00 0.000000000000000000e+00 1.000000000000000000e+00
6.083382368087768555e-01 -3.537692427635192871e-01 7.104731798171997070e-01 -4.086024761199951172e-01 -7.925933599472045898e-01 -3.175696432590484619e-01 5.205241441726684570e-01 -2.937542200088500977e-01 4.147927835583686829e-02 -8.797711133956909180e-01 -4.735848605632781982e-01 1.157693266868591309e+00 0.000000000000000000e+00 0.000000000000000000e+00 0.000000000000000000e+00 1.000000000000000000e+00
6.167331933975219727e-01 -3.516127169132232666e-01 7.042790055274963379e-01 -4.050621688365936279e-01 -7.860960960388183594e-01 -3.218776583671569824e-01 5.276817083358764648e-01 -2.924854755401611328e-01 4.115204140543937683e-02 -8.790696859359741211e-01 -4.749138653278350830e-01 1.157393693923950195e+00 0.000000000000000000e+00 0.000000000000000000e+00 0.000000000000000000e+00 1.000000000000000000e+00
6.251131892204284668e-01 -3.493849039077758789e-01 6.979712247848510742e-01 -4.015218317508697510e-01 -7.794662714004516602e-01 -3.261975646018981934e-01 5.348155498504638672e-01 -2.912168502807617188e-01 4.082006588578224182e-02 -8.783652782440185547e-01 -4.762439429759979248e-01 1.157094120979309082e+00 0.000000000000000000e+00 0.000000000000000000e+00 0.000000000000000000e+00 1.000000000000000000e+00
6.334742307662963867e-01 -3.470858037471771240e-01 6.915505528450012207e-01 -3.979814946651458740e-01 -7.727043032646179199e-01 -3.305279910564422607e-01 5.419220924377441406e-01 -2.899481058120727539e-01 4.048332944512367249e-02 -8.776576519012451172e-01 -4.775755107402801514e-01 1.156794548034667969e+00 0.000000000000000000e+00 0.000000000000000000e+00 0.000000000000000000e+00 1.000000000000000000e+00
6.418125629425048828e-01 -3.447151482105255127e-01 6.850170493125915527e-01 -3.944070339202880859e-01 -7.658106088638305664e-01 -3.348670899868011475e-01 5.489977598190307617e-01 -2.887860536575317383e-01 4.014183953404426575e-02 -8.769468665122985840e-01 -4.789082109928131104e-01 1.156490564346313477e+00 0.000000000000000000e+00 0.000000000000000000e+00 0.000000000000000000e+00 1.000000000000000000e+00
6.501241922378540039e-01 -3.422724902629852295e-01 6.783717274665832520e-01 -3.907923102378845215e-01 -7.587854266166687012e-01 -3.392129540443420410e-01 5.560390949249267578e-01 -2.877510190010070801e-01 3.979558870196342468e-02 -8.762331008911132812e-01 -4.802417159080505371e-01 1.156181454658508301e+00 0.000000000000000000e+00 0.000000000000000000e+00 0.000000000000000000e+00 1.000000000000000000e+00
6.584055423736572266e-01 -3.397578895092010498e-01 6.716152429580688477e-01 -3.871775567531585693e-01 -7.516295313835144043e-01 -3.435639739036560059e-01 5.630428791046142578e-01 -2.867159247398376465e-01 3.944457322359085083e-02 -8.755162358283996582e-01 -4.815762937068939209e-01 1.155872344970703125e+00 0.000000000000000000e+00 0.000000000000000000e+00 0.000000000000000000e+00 1.000000000000000000e+00
6.666525006294250488e-01 -3.371711969375610352e-01 6.647483110427856445e-01 -3.835626840591430664e-01 -7.443434596061706543e-01 -3.479183614253997803e-01 5.700053572654724121e-01 -2.856807708740234375e-01 3.908877074718475342e-02 -8.747963309288024902e-01 -4.829116165637969971e-01 1.155563116073608398e+00 0.000000000000000000e+00 0.000000000000000000e+00 0.000000000000000000e+00 1.000000000000000000e+00
6.748613715171813965e-01 -3.345121741294860840e-01 6.577720046043395996e-01 -3.799479305744171143e-01 -7.369279265403747559e-01 -3.522740900516510010e-01 5.769232511520385742e-01 -2.846457362174987793e-01 3.872817009687423706e-02 -8.740736842155456543e-01 -4.842473864555358887e-01 1.155254006385803223e+00 0.000000000000000000e+00 0.000000000000000000e+00 0.000000000000000000e+00 1.000000000000000000e+00
6.830285191535949707e-01 -3.317809998989105225e-01 6.506870985031127930e-01 -3.763332068920135498e-01 -7.293839454650878906e-01 -3.566296696662902832e-01 5.837934017181396484e-01 -2.836105823516845703e-01 3.836278617382049561e-02 -8.733481764793395996e-01 -4.855837523937225342e-01 1.154944896697998047e+00 0.000000000000000000e+00 0.000000000000000000e+00 0.000000000000000000e+00 1.000000000000000000e+00
6.911500692367553711e-01 -3.289775848388671875e-01 6.434949040412902832e-01 -3.727182745933532715e-01 -7.217123508453369141e-01 -3.609831035137176514e-01 5.906122326850891113e-01 -2.825754880905151367e-01 3.799259662628173828e-02 -8.726198077201843262e-01 -4.869205355644226074e-01 1.154635667800903320e+00 0.000000000000000000e+00 0.000000000000000000e+00 0.000000000000000000e+00 1.000000000000000000e+00
6.992223858833312988e-01 -3.261019885540008545e-01 6.361963748931884766e-01 -3.691037893295288086e-01 -7.139142155647277832e-01 -3.653326928615570068e-01 5.973766446113586426e-01 -2.815404534339904785e-01 3.761759772896766663e-02 -8.718886375427246094e-01 -4.882574677467346191e-01 1.154326558113098145e+00 0.000000000000000000e+00 0.000000000000000000e+00 0.000000000000000000e+00 1.000000000000000000e+00
7.072418332099914551e-01 -3.231543898582458496e-01 6.287929415702819824e-01 -3.654888868331909180e-01 -7.059906721115112305e-01 -3.696764707565307617e-01 6.040833592414855957e-01 -2.805053591728210449e-01 3.723778575658798218e-02 -8.711549043655395508e-01 -4.895944595336914062e-01 1.154017448425292969e+00 0.000000000000000000e+00 0.000000000000000000e+00 0.000000000000000000e+00 1.000000000000000000e+00
7.152047753334045410e-01 -3.201349675655364990e-01 6.212857961654663086e-01 -3.618739545345306396e-01 -6.979430913925170898e-01 -3.740129172801971436e-01 6.107291579246520996e-01 -2.794701457023620605e-01 3.685313835740089417e-02 -8.704184293746948242e-01 -4.909316301345825195e-01 1.153708219528198242e+00 0.000000000000000000e+00 0.000000000000000000e+00 0.000000000000000000e+00 1.000000000000000000e+00
7.231076955795288086e-01 -3.170438408851623535e-01 6.136764287948608398e-01 -3.582594394683837891e-01 -6.897725462913513184e-01 -3.783400058746337891e-01 6.173110008239746094e-01 -2.784351706504821777e-01 3.646365925669670105e-02 -8.696795105934143066e-01 -4.922685027122497559e-01 1.153399109840393066e+00 0.000000000000000000e+00 0.000000000000000000e+00 0.000000000000000000e+00 1.000000000000000000e+00
7.309470176696777344e-01 -3.138813972473144531e-01 6.059663295745849609e-01 -3.546445369720458984e-01 -6.814807057380676270e-01 -3.826560378074645996e-01 6.238259077072143555e-01 -2.774000167846679688e-01 3.606934100389480591e-02 -8.689378499984741211e-01 -4.936052560806274414e-01 1.153090000152587891e+00 0.000000000000000000e+00 0.000000000000000000e+00 0.000000000000000000e+00 1.000000000000000000e+00
7.387192845344543457e-01 -3.106479942798614502e-01 5.981571674346923828e-01 -3.510298132896423340e-01 -6.730691194534301758e-01 -3.869592249393463135e-01 6.302703619003295898e-01 -2.763649225234985352e-01 3.567016869783401489e-02 -8.681939244270324707e-01 -4.949415326118469238e-01 1.152780771255493164e+00 0.000000000000000000e+00 0.000000000000000000e+00 0.000000000000000000e+00 1.000000000000000000e+00
7.464210987091064453e-01 -3.073439598083496094e-01 5.902503728866577148e-01 -3.474150896072387695e-01 -6.645391583442687988e-01 -3.912478983402252197e-01 6.366420984268188477e-01 -2.753298878669738770e-01 3.526614978909492493e-02 -8.674474358558654785e-01 -4.962775707244873047e-01 1.152471661567687988e+00 0.000000000000000000e+00 0.000000000000000000e+00 0.000000000000000000e+00 1.000000000000000000e+00
7.540491223335266113e-01 -3.039695620536804199e-01 5.822479128837585449e-01 -3.438001573085784912e-01 -6.558928489685058594e-01 -3.955200612545013428e-01 6.429375410079956055e-01 -2.742946743965148926e-01 3.485725447535514832e-02 -8.666987419128417969e-01 -4.976127445697784424e-01 1.152162551879882812e+00 0.000000000000000000e+00 0.000000000000000000e+00 0.000000000000000000e+00 1.000000000000000000e+00
7.616000771522521973e-01 -3.005253672599792480e-01 5.741516351699829102e-01 -3.401854634284973145e-01 -6.471317410469055176e-01 -3.997739851474761963e-01 6.491544842720031738e-01 -2.732596397399902344e-01 3.444348648190498352e-02 -8.659476637840270996e-01 -4.989472627639770508e-01 1.151853322982788086e+00 0.000000000000000000e+00 0.000000000000000000e+00 0.000000000000000000e+00 1.000000000000000000e+00
7.690706253051757812e-01 -2.970121204853057861e-01 5.659633278846740723e-01 -3.365139961242675781e-01 -6.382579803466796875e-01 -4.040081501007080078e-01 6.552896499633789062e-01 -2.724524140357971191e-01 3.402484953403472900e-02 -8.651944994926452637e-01 -5.002809166908264160e-01 1.151536226272583008e+00 0.000000000000000000e+00 0.000000000000000000e+00 0.000000000000000000e+00 1.000000000000000000e+00
7.764577865600585938e-01 -2.934301495552062988e-01 5.576848387718200684e-01 -3.328408300876617432e-01 -6.292732357978820801e-01 -4.082207381725311279e-01 6.613404750823974609e-01 -2.716512084007263184e-01 3.360131382942199707e-02 -8.644390702247619629e-01 -5.016136169433593750e-01 1.151219010353088379e+00 0.000000000000000000e+00 0.000000000000000000e+00 0.000000000000000000e+00 1.000000000000000000e+00
7.837582826614379883e-01 -2.897801399230957031e-01 5.493185520172119141e-01 -3.291678428649902344e-01 -6.201799511909484863e-01 -4.124099612236022949e-01 6.673044562339782715e-01 -2.708500623703002930e-01 3.317288309335708618e-02 -8.636815547943115234e-01 -5.029453039169311523e-01 1.150901675224304199e+00 0.000000000000000000e+00 0.000000000000000000e+00 0.000000000000000000e+00 1.000000000000000000e+00
7.909689545631408691e-01 -2.860628366470336914e-01 5.408663749694824219e-01 -3.254948854446411133e-01 -6.109800338745117188e-01 -4.165741503238677979e-01 6.731786727905273438e-01 -2.700489163398742676e-01 3.273954614996910095e-02 -8.629218935966491699e-01 -5.042757987976074219e-01 1.150584340095520020e+00 0.000000000000000000e+00 0.000000000000000000e+00 0.000000000000000000e+00 1.000000000000000000e+00
7.980870604515075684e-01 -2.822789847850799561e-01 5.323305130004882812e-01 -3.218219280242919922e-01 -6.016759276390075684e-01 -4.207116365432739258e-01 6.789608001708984375e-01 -2.692477107048034668e-01 3.230129927396774292e-02 -8.621603250503540039e-01 -5.056048035621643066e-01 1.150267004966735840e+00 0.000000000000000000e+00 0.000000000000000000e+00 0.000000000000000000e+00 1.000000000000000000e+00
8.051097393035888672e-01 -2.784291505813598633e-01 5.237132906913757324e-01 -3.181487321853637695e-01 -5.922697782516479492e-01 -4.248208105564117432e-01 6.846488118171691895e-01 -2.684465646743774414e-01 3.185813874006271362e-02 -8.613970279693603516e-01 -5.069323778152465820e-01 1.149949669837951660e+00 0.000000000000000000e+00 0.000000000000000000e+00 0.000000000000000000e+00 1.000000000000000000e+00
8.120341897010803223e-01 -2.745144665241241455e-01 5.150170326232910156e-01 -3.144755959510803223e-01 -5.827643275260925293e-01 -4.289000034332275391e-01 6.902396082878112793e-01 -2.676452994346618652e-01 3.141004592180252075e-02 -8.606316447257995605e-01 -5.082585215568542480e-01 1.149632453918457031e+00 0.000000000000000000e+00 0.000000000000000000e+00 0.000000000000000000e+00 1.000000000000000000e+00
8.188575506210327148e-01 -2.705356776714324951e-01 5.062441825866699219e-01 -3.108028173446655273e-01 -5.731619596481323242e-01 -4.329475164413452148e-01 6.957313418388366699e-01 -2.668442130088806152e-01 3.095702081918716431e-02 -8.598645925521850586e-01 -5.095828771591186523e-01 1.149315118789672852e+00 0.000000000000000000e+00 0.000000000000000000e+00 0.000000000000000000e+00 1.000000000000000000e+00
8.255770802497863770e-01 -2.664936780929565430e-01 4.973972141742706299e-01 -3.071296811103820801e-01 -5.634649395942687988e-01 -4.369618296623229980e-01 7.011218667030334473e-01 -2.660430073738098145e-01 3.049905039370059967e-02 -8.590958714485168457e-01 -5.109053254127502441e-01 1.148997783660888672e+00 0.000000000000000000e+00 0.000000000000000000e+00 0.000000000000000000e+00 1.000000000000000000e+00
8.321903347969055176e-01 -2.623895704746246338e-01 4.884783923625946045e-01 -3.034564852714538574e-01 -5.536761879920959473e-01 -4.409415125846862793e-01 7.064087986946105957e-01 -2.652417421340942383e-01 3.003613092005252838e-02 -8.583253622055053711e-01 -5.122260451316833496e-01 1.148680448532104492e+00 0.000000000000000000e+00 0.000000000000000000e+00 0.000000000000000000e+00 1.000000000000000000e+00
8.386949896812438965e-01 -2.582243680953979492e-01 4.794906079769134521e-01 -2.997837066650390625e-01 -5.437985658645629883e-01 -4.448850154876708984e-01 7.115902304649353027e-01 -2.644406557083129883e-01 2.956825494766235352e-02 -8.575533628463745117e-01 -5.135446786880493164e-01 1.148363232612609863e+00 0.000000000000000000e+00 0.000000000000000000e+00 0.000000000000000000e+00 1.000000000000000000e+00
8.450883030891418457e-01 -2.539990544319152832e-01 4.704364240169525146e-01 -2.961105704307556152e-01 -5.338346958160400391e-01 -4.487905502319335938e-01 7.166641950607299805e-01 -2.636393904685974121e-01 2.909540943801403046e-02 -8.567798137664794922e-01 -5.148610472679138184e-01 1.148045897483825684e+00 0.000000000000000000e+00 0.000000000000000000e+00 0.000000000000000000e+00 1.000000000000000000e+00
8.513681888580322266e-01 -2.497149258852005005e-01 4.613186120986938477e-01 -2.924375832080841064e-01 -5.237876176834106445e-01 -4.526569843292236328e-01 7.216289043426513672e-01 -2.628383040428161621e-01 2.861759439110755920e-02 -8.560048341751098633e-01 -5.161752700805664062e-01 1.147728562355041504e+00 0.000000000000000000e+00 0.000000000000000000e+00 0.000000000000000000e+00 1.000000000000000000e+00
8.575325608253479004e-01 -2.453729808330535889e-01 4.521395862102508545e-01 -2.887646257877349854e-01 -5.136599540710449219e-01 -4.564828872680664062e-01 7.264825701713562012e-01 -2.620370984077453613e-01 2.813478931784629822e-02 -8.552284836769104004e-01 -5.174871087074279785e-01 1.147411227226257324e+00 0.000000000000000000e+00 0.000000000000000000e+00 0.000000000000000000e+00 1.000000000000000000e+00
8.635791540145874023e-01 -2.409745305776596069e-01 4.429025650024414062e-01 -2.850914597511291504e-01 -5.034552216529846191e-01 -4.602665305137634277e-01 7.312234640121459961e-01 -2.612358927726745605e-01 2.764700353145599365e-02 -8.544508814811706543e-01 -5.187962651252746582e-01 1.147093892097473145e+00 0.000000000000000000e+00 0.000000000000000000e+00 0.000000000000000000e+00 1.000000000000000000e+00
8.695058226585388184e-01 -2.365209609270095825e-01 4.336101412773132324e-01 -2.813861370086669922e-01 -4.931761622428894043e-01 -4.640069603919982910e-01 7.358497977256774902e-01 -2.606115937232971191e-01 2.715422213077545166e-02 -8.536719083786010742e-01 -5.201029777526855469e-01 1.146771550178527832e+00 0.000000000000000000e+00 0.000000000000000000e+00 0.000000000000000000e+00 1.000000000000000000e+00
8.753108978271484375e-01 -2.320133894681930542e-01 4.242653846740722656e-01 -2.776706218719482422e-01 -4.828259348869323730e-01 -4.677025079727172852e-01 7.403604984283447266e-01 -2.600432038307189941e-01 2.665643021464347839e-02 -8.528918623924255371e-01 -5.214069485664367676e-01 1.146447420120239258e+00 0.000000000000000000e+00 0.000000000000000000e+00 0.000000000000000000e+00 1.000000000000000000e+00
8.809922933578491211e-01 -2.274532020092010498e-01 4.148710966110229492e-01 -2.739548683166503906e-01 -4.724077582359313965e-01 -4.713519215583801270e-01 7.447539567947387695e-01 -2.594748139381408691e-01 2.615362964570522308e-02 -8.521107435226440430e-01 -5.227078795433044434e-01 1.146123409271240234e+00 0.000000000000000000e+00 0.000000000000000000e+00 0.000000000000000000e+00 1.000000000000000000e+00
8.865483999252319336e-01 -2.228420525789260864e-01 4.054303765296936035e-01 -2.702393531799316406e-01 -4.619250595569610596e-01 -4.749542772769927979e-01 7.490286231040954590e-01 -2.589062452316284180e-01 2.564581111073493958e-02 -8.513284921646118164e-01 -5.240060687065124512e-01 1.145799398422241211e+00 0.000000000000000000e+00 0.000000000000000000e+00 0.000000000000000000e+00 1.000000000000000000e+00
8.919776678085327148e-01 -2.181810885667800903e-01 3.959460258483886719e-01 -2.665238380432128906e-01 -4.513808488845825195e-01 -4.785080552101135254e-01 7.531836032867431641e-01 -2.583379149436950684e-01 2.513296157121658325e-02 -8.505452871322631836e-01 -5.253010988235473633e-01 1.145475268363952637e+00 0.000000000000000000e+00 0.000000000000000000e+00 0.000000000000000000e+00 1.000000000000000000e+00
8.972784876823425293e-01 -2.134719789028167725e-01 3.864214420318603516e-01 -2.628083229064941406e-01 -4.407788515090942383e-01 -4.820121228694915771e-01 7.572175860404968262e-01 -2.577694058418273926e-01 2.461507916450500488e-02 -8.497613668441772461e-01 -5.265928506851196289e-01 1.145151257514953613e+00 0.000000000000000000e+00 0.000000000000000000e+00 0.000000000000000000e+00 1.000000000000000000e+00
9.024494886398315430e-01 -2.087161093950271606e-01 3.768592476844787598e-01 -2.590925991535186768e-01 -4.301219582557678223e-01 -4.854655265808105469e-01 7.611297369003295898e-01 -2.572008967399597168e-01 2.409214712679386139e-02 -8.489764928817749023e-01 -5.278813242912292480e-01 1.144827127456665039e+00 0.000000000000000000e+00 0.000000000000000000e+00 0.000000000000000000e+00 1.000000000000000000e+00
9.074893593788146973e-01 -2.039152085781097412e-01 3.672629296779632568e-01 -2.553770840167999268e-01 -4.194141924381256104e-01 -4.888670742511749268e-01 7.649189233779907227e-01 -2.566324472427368164e-01 2.356417663395404816e-02 -8.481909036636352539e-01 -5.291664004325866699e-01 1.144503116607666016e+00 0.000000000000000000e+00 0.000000000000000000e+00 0.000000000000000000e+00 1.000000000000000000e+00
9.123969674110412598e-01 -1.990708261728286743e-01 3.576355576515197754e-01 -2.516615390777587891e-01 -4.086588025093078613e-01 -4.922157526016235352e-01 7.685843110084533691e-01 -2.560639977455139160e-01 2.303114347159862518e-02 -8.474047183990478516e-01 -5.304479002952575684e-01 1.144179105758666992e+00 0.000000000000000000e+00 0.000000000000000000e+00 0.000000000000000000e+00 1.000000000000000000e+00
9.171711802482604980e-01 -1.941844522953033447e-01 3.479799330234527588e-01 -2.479458451271057129e-01 -3.978589773178100586e-01 -4.955106675624847412e-01 7.721253633499145508e-01 -2.554955482482910156e-01 2.249303087592124939e-02 -8.466179370880126953e-01 -5.317258834838867188e-01 1.143854975700378418e+00 0.000000000000000000e+00 0.000000000000000000e+00 0.000000000000000000e+00 1.000000000000000000e+00
9.218108057975769043e-01 -1.892580389976501465e-01 3.382998406887054443e-01 -2.442303150892257690e-01 -3.870189487934112549e-01 -4.987506270408630371e-01 7.755413055419921875e-01 -2.549270391464233398e-01 2.194985933601856232e-02 -8.458306193351745605e-01 -5.329999327659606934e-01 1.143530964851379395e+00 0.000000000000000000e+00 0.000000000000000000e+00 0.000000000000000000e+00 1.000000000000000000e+00
9.263152480125427246e-01 -1.842931061983108521e-01 3.285980820655822754e-01 -2.405147850513458252e-01 -3.761418163776397705e-01 -5.019350647926330566e-01 7.788316011428833008e-01 -2.543586492538452148e-01 2.140160091221332550e-02 -8.450428843498229980e-01 -5.342702269554138184e-01 1.143206954002380371e+00 0.000000000000000000e+00 0.000000000000000000e+00 0.000000000000000000e+00 1.000000000000000000e+00
9.306836128234863281e-01 -1.792914569377899170e-01 3.188780546188354492e-01 -2.367990612983703613e-01 -3.652314543724060059e-01 -5.050628781318664551e-01 7.819958925247192383e-01 -2.537901401519775391e-01 2.084825746715068817e-02 -8.442549109458923340e-01 -5.355364084243774414e-01 1.142882823944091797e+00 0.000000000000000000e+00 0.000000000000000000e+00 0.000000000000000000e+00 1.000000000000000000e+00
9.349151849746704102e-01 -1.742549538612365723e-01 3.091427385807037354e-01 -2.330835461616516113e-01 -3.542913794517517090e-01 -5.081336498260498047e-01 7.850337624549865723e-01 -2.532216906547546387e-01 2.028981596231460571e-02 -8.434665203094482422e-01 -5.367987155914306641e-01 1.142558813095092773e+00 0.000000000000000000e+00 0.000000000000000000e+00 0.000000000000000000e+00 1.000000000000000000e+00
9.390096068382263184e-01 -1.691852957010269165e-01 2.993957102298736572e-01 -2.293680310249328613e-01 -3.433254957199096680e-01 -5.111461877822875977e-01 7.879449725151062012e-01 -2.526532411575317383e-01 1.972627080976963043e-02 -8.426780104637145996e-01 -5.380566120147705078e-01 1.142234802246093750e+00 0.000000000000000000e+00 0.000000000000000000e+00 0.000000000000000000e+00 1.000000000000000000e+00
9.429663419723510742e-01 -1.640843600034713745e-01 2.896400094032287598e-01 -2.256292402744293213e-01 -3.323372602462768555e-01 -5.141001343727111816e-01 7.907295823097229004e-01 -2.522777915000915527e-01 1.915761083364486694e-02 -8.418893814086914062e-01 -5.393102169036865234e-01 1.141906261444091797e+00 0.000000000000000000e+00 0.000000000000000000e+00 0.000000000000000000e+00 1.000000000000000000e+00
9.467851519584655762e-01 -1.589539796113967896e-01 2.798787355422973633e-01 -2.218862175941467285e-01 -3.213303089141845703e-01 -5.169948339462280273e-01 7.933871746063232422e-01 -2.519394755363464355e-01 1.858383230865001678e-02 -8.411006331443786621e-01 -5.405594706535339355e-01 1.141576766967773438e+00 0.000000000000000000e+00 0.000000000000000000e+00 0.000000000000000000e+00 1.000000000000000000e+00
9.504655599594116211e-01 -1.537961214780807495e-01 2.701155543327331543e-01 -2.181431949138641357e-01 -3.103087544441223145e-01 -5.198295712471008301e-01 7.959182262420654297e-01 -2.516012191772460938e-01 1.800492964684963226e-02 -8.403120040893554688e-01 -5.418041944503784180e-01 1.141247391700744629e+00 0.000000000000000000e+00 0.000000000000000000e+00 0.000000000000000000e+00 1.000000000000000000e+00
9.540078043937683105e-01 -1.486125886440277100e-01 2.603533565998077393e-01 -2.144001722335815430e-01 -2.992759644985198975e-01 -5.226039290428161621e-01 7.983226776123046875e-01 -2.512628436088562012e-01 1.742089167237281799e-02 -8.395234942436218262e-01 -5.430442094802856445e-01 1.140918016433715820e+00 0.000000000000000000e+00 0.000000000000000000e+00 0.000000000000000000e+00 1.000000000000000000e+00
9.574117064476013184e-01 -1.434054672718048096e-01 2.505955994129180908e-01 -2.106569409370422363e-01 -2.882360219955444336e-01 -5.253174304962158203e-01 8.006007671356201172e-01 -2.509245276451110840e-01 1.683171279728412628e-02 -8.387351036071777344e-01 -5.442795157432556152e-01 1.140588521957397461e+00 0.000000000000000000e+00 0.000000000000000000e+00 0.000000000000000000e+00 1.000000000000000000e+00
9.606775045394897461e-01 -1.381765156984329224e-01 2.408452779054641724e-01 -2.069139182567596436e-01 -2.771922945976257324e-01 -5.279697179794311523e-01 8.027530908584594727e-01 -2.505861520767211914e-01 1.623737439513206482e-02 -8.379472494125366211e-01 -5.455098748207092285e-01 1.140259146690368652e+00 0.000000000000000000e+00 0.000000000000000000e+00 0.000000000000000000e+00 1.000000000000000000e+00
9.638053774833679199e-01 -1.329279989004135132e-01 2.311059832572937012e-01 -2.031708955764770508e-01 -2.661490142345428467e-01 -5.305603146553039551e-01 8.047798275947570801e-01 -2.502478957176208496e-01 1.563788577914237976e-02 -8.371595740318298340e-01 -5.467352867126464844e-01 1.139929652214050293e+00 0.000000000000000000e+00 0.000000000000000000e+00 0.000000000000000000e+00 1.000000000000000000e+00
9.667955040931701660e-01 -1.276616901159286499e-01 2.213805466890335083e-01 -1.994276642799377441e-01 -2.551095783710479736e-01 -5.330891013145446777e-01 8.066815137863159180e-01 -2.499095201492309570e-01 1.503323391079902649e-02 -8.363723158836364746e-01 -5.479556918144226074e-01 1.139600276947021484e+00 0.000000000000000000e+00 0.000000000000000000e+00 0.000000000000000000e+00 1.000000000000000000e+00
9.696485996246337891e-01 -1.223798021674156189e-01 2.116725593805313110e-01 -1.956846415996551514e-01 -2.440780401229858398e-01 -5.355557203292846680e-01 8.084590435028076172e-01 -2.495711445808410645e-01 1.442340761423110962e-02 -8.355857133865356445e-01 -5.491708517074584961e-01 1.139270782470703125e+00 0.000000000000000000e+00 0.000000000000000000e+00 0.000000000000000000e+00 1.000000000000000000e+00
9.723650813102722168e-01 -1.170841008424758911e-01 2.019848227500915527e-01 -1.919416189193725586e-01 -2.330577224493026733e-01 -5.379599928855895996e-01 8.101130723953247070e-01 -2.492328286170959473e-01 1.380840316414833069e-02 -8.347997069358825684e-01 -5.503807067871093750e-01 1.138941407203674316e+00 0.000000000000000000e+00 0.000000000000000000e+00 0.000000000000000000e+00 1.000000000000000000e+00
9.749456644058227539e-01 -1.117770150303840637e-01 1.923209577798843384e-01 -1.881983876228332520e-01 -2.220530211925506592e-01 -5.403019189834594727e-01 8.116442561149597168e-01 -2.488945126533508301e-01 1.318820938467979431e-02 -8.340142965316772461e-01 -5.515852570533752441e-01 1.138612031936645508e+00 0.000000000000000000e+00 0.000000000000000000e+00 0.000000000000000000e+00 1.000000000000000000e+00
9.773911237716674805e-01 -1.064603179693222046e-01 1.826837211847305298e-01 -1.844553649425506592e-01 -2.110671401023864746e-01 -5.425812602043151855e-01 8.130536675453186035e-01 -2.485561370849609375e-01 1.256282534450292587e-02 -8.332298994064331055e-01 -5.527840852737426758e-01 1.138282537460327148e+00 0.000000000000000000e+00 0.000000000000000000e+00 0.000000000000000000e+00 1.000000000000000000e+00
9.797022938728332520e-01 -1.011361256241798401e-01 1.730763465166091919e-01 -1.807123571634292603e-01 -2.001039236783981323e-01 -5.447980761528015137e-01 8.143423795700073242e-01 -2.482178807258605957e-01 1.193223241716623306e-02 -8.324462175369262695e-01 -5.539774894714355469e-01 1.137953162193298340e+00 0.000000000000000000e+00 0.000000000000000000e+00 0.000000000000000000e+00 1.000000000000000000e+00
9.818800091743469238e-01 -9.580669552087783813e-02 1.635020673274993896e-01 -1.769691109657287598e-01 -1.891672462224960327e-01 -5.469525456428527832e-01 8.155114054679870605e-01 -2.478795051574707031e-01 1.129643153399229050e-02 -8.316636085510253906e-01 -5.551651716232299805e-01 1.137623667716979980e+00 0.000000000000000000e+00 0.000000000000000000e+00 0.000000000000000000e+00 1.000000000000000000e+00
9.839258790016174316e-01 -9.047385305166244507e-02 1.539636850357055664e-01 -1.732230633497238159e-01 -1.782605201005935669e-01 -5.490445494651794434e-01 8.165619373321533203e-01 -2.475931644439697266e-01 1.065541617572307587e-02 -8.308819532394409180e-01 -5.563468933105468750e-01 1.137293338775634766e+00 0.000000000000000000e+00 0.000000000000000000e+00 0.000000000000000000e+00 1.000000000000000000e+00
9.858406782150268555e-01 -8.513992279767990112e-02 1.444644331932067871e-01 -1.694668084383010864e-01 -1.673876047134399414e-01 -5.510744452476501465e-01 8.174952268600463867e-01 -2.474810481071472168e-01 1.000917423516511917e-02 -8.301014900207519531e-01 -5.575227141380310059e-01 1.136959910392761230e+00 0.000000000000000000e+00 0.000000000000000000e+00 0.000000000000000000e+00 1.000000000000000000e+00
9.876256585121154785e-01 -7.980701327323913574e-02 1.350073218345642090e-01 -1.657103449106216431e-01 -1.565521657466888428e-01 -5.530424118041992188e-01 8.183126449584960938e-01 -2.473691105842590332e-01 9.357689879834651947e-03 -8.293220996856689453e-01 -5.586926341056823730e-01 1.136626482009887695e+00 0.000000000000000000e+00 0.000000000000000000e+00 0.000000000000000000e+00 1.000000000000000000e+00
9.892823100090026855e-01 -7.447707653045654297e-02 1.255951672792434692e-01 -1.619540899991989136e-01 -1.457576304674148560e-01 -5.549486279487609863e-01 8.190156817436218262e-01 -2.472571134567260742e-01 8.700974285602569580e-03 -8.285441994667053223e-01 -5.598561763763427734e-01 1.136293053627014160e+00 0.000000000000000000e+00 0.000000000000000000e+00 0.000000000000000000e+00 1.000000000000000000e+00
9.908122420310974121e-01 -6.915240734815597534e-02 1.162311583757400513e-01 -1.581978350877761841e-01 -1.350078433752059937e-01 -5.567934513092041016e-01 8.196060061454772949e-01 -2.471451759338378906e-01 8.039011619985103607e-03 -8.277676701545715332e-01 -5.610136389732360840e-01 1.135959625244140625e+00 0.000000000000000000e+00 0.000000000000000000e+00 0.000000000000000000e+00 1.000000000000000000e+00
9.922165870666503906e-01 -6.383522599935531616e-02 1.069182157516479492e-01 -1.544415950775146484e-01 -1.243064701557159424e-01 -5.585774183273315430e-01 8.200849294662475586e-01 -2.470331192016601562e-01 7.371795829385519028e-03 -8.269925117492675781e-01 -5.621647834777832031e-01 1.135626077651977539e+00 0.000000000000000000e+00 0.000000000000000000e+00 0.000000000000000000e+00 1.000000000000000000e+00
9.934976696968078613e-01 -5.852732434868812561e-02 9.765882045030593872e-02 -1.506851166486740112e-01 -1.136565729975700378e-01 -5.603007078170776367e-01 8.204542994499206543e-01 -2.469211220741271973e-01 6.699314806610345840e-03 -8.262190818786621094e-01 -5.633093118667602539e-01 1.135292649269104004e+00 0.000000000000000000e+00 0.000000000000000000e+00 0.000000000000000000e+00 1.000000000000000000e+00
9.946569800376892090e-01 -5.323102697730064392e-02 8.845605701208114624e-02 -1.469288766384124756e-01 -1.030619218945503235e-01 -5.619640946388244629e-01 8.207160234451293945e-01 -2.468091845512390137e-01 6.021569482982158661e-03 -8.254472613334655762e-01 -5.644473433494567871e-01 1.134959220886230469e+00 0.000000000000000000e+00 0.000000000000000000e+00 0.000000000000000000e+00 1.000000000000000000e+00
9.956962466239929199e-01 -4.794847965240478516e-02 7.931267470121383667e-02 -1.431726217269897461e-01 -9.252599626779556274e-02 -5.635679960250854492e-01 8.208716511726379395e-01 -2.466971278190612793e-01 5.338540766388177872e-03 -8.246771097183227539e-01 -5.655787587165832520e-01 1.134625792503356934e+00 0.000000000000000000e+00 0.000000000000000000e+00 0.000000000000000000e+00 1.000000000000000000e+00
9.966174364089965820e-01 -4.268172383308410645e-02 7.023134827613830566e-02 -1.394161581993103027e-01 -8.205211907625198364e-02 -5.651130080223083496e-01 8.209231495857238770e-01 -2.465851902961730957e-01 4.650230519473552704e-03 -8.239088654518127441e-01 -5.667033791542053223e-01 1.134292244911193848e+00 0.000000000000000000e+00 0.000000000000000000e+00 0.000000000000000000e+00 1.000000000000000000e+00
9.974226951599121094e-01 -3.743285685777664185e-02 6.121470034122467041e-02 -1.356599032878875732e-01 -7.164360582828521729e-02 -5.665997862815856934e-01 8.208726048469543457e-01 -2.464731335639953613e-01 3.956629894673824310e-03 -8.231426477432250977e-01 -5.678210258483886719e-01 1.133958816528320312e+00 0.000000000000000000e+00 0.000000000000000000e+00 0.000000000000000000e+00 1.000000000000000000e+00
9.981140494346618652e-01 -3.220400959253311157e-02 5.226539820432662964e-02 -1.319036483764648438e-01 -6.130382791161537170e-02 -5.680291056632995605e-01 8.207221627235412598e-01 -2.463611364364624023e-01 3.257724922150373459e-03 -8.223783969879150391e-01 -5.689318776130676270e-01 1.133625388145446777e+00 0.000000000000000000e+00 0.000000000000000000e+00 0.000000000000000000e+00 1.000000000000000000e+00
9.986938238143920898e-01 -2.699741721153259277e-02 4.338622465729713440e-02 -1.281471848487854004e-01 -5.103631317615509033e-02 -5.694017410278320312e-01 8.204736709594726562e-01 -2.462491393089294434e-01 2.553521888330578804e-03 -8.216161727905273438e-01 -5.700356960296630859e-01 1.133291959762573242e+00 0.000000000000000000e+00 0.000000000000000000e+00 0.000000000000000000e+00 1.000000000000000000e+00
9.991641044616699219e-01 -2.181499078869819641e-02 3.457942605018615723e-02 -1.243911460041999817e-01 -4.084398597478866577e-02 -5.707184076309204102e-01 8.201295137405395508e-01 -2.461371421813964844e-01 1.844000071287155151e-03 -8.208562135696411133e-01 -5.711321830749511719e-01 1.132958531379699707e+00 0.000000000000000000e+00 0.000000000000000000e+00 0.000000000000000000e+00 1.000000000000000000e+00
9.995273351669311523e-01 -1.665883325040340424e-02 2.584750577807426453e-02 -1.206346824765205383e-01 -3.073004819452762604e-02 -5.719800591468811035e-01 8.196917772293090820e-01 -2.460251450538635254e-01 1.129148644395172596e-03 -8.200985789299011230e-01 -5.722214579582214355e-01 1.132624983787536621e+00 0.000000000000000000e+00 0.000000000000000000e+00 0.000000000000000000e+00 1.000000000000000000e+00
9.997857809066772461e-01 -1.153135765343904495e-02 1.719339936971664429e-02 -1.168738603591918945e-01 -2.069826237857341766e-02 -5.731875300407409668e-01 8.191628456115722656e-01 -2.461259961128234863e-01 4.089805879630148411e-04 -8.193432092666625977e-01 -5.733032822608947754e-01 1.132871031761169434e+00 0.000000000000000000e+00 0.000000000000000000e+00 0.000000000000000000e+00 1.000000000000000000e+00
9.999424815177917480e-01 -6.434180773794651031e-03 8.618804626166820526e-03 -1.131130233407020569e-01 -1.075092330574989319e-02 -5.743417739868164062e-01 8.185449838638305664e-01 -2.462381124496459961e-01 -3.165268281009048223e-04 -8.185905814170837402e-01 -5.743775963783264160e-01 1.133147954940795898e+00 0.000000000000000000e+00 0.000000000000000000e+00 0.000000000000000000e+00 1.000000000000000000e+00
9.999992847442626953e-01 -1.369493897072970867e-03 1.262589357793331146e-04 -1.093523949384689331e-01 -8.913275669328868389e-04 -5.754438042640686035e-01 8.178408741950988770e-01 -2.463502287864685059e-01 -1.047373283654451370e-03 -8.178403377532958984e-01 -5.754444599151611328e-01 1.133424878120422363e+00 0.000000000000000000e+00 0.000000000000000000e+00 0.000000000000000000e+00 1.000000000000000000e+00
9.999592304229736328e-01 3.660433925688266754e-03 -8.281672373414039612e-03 -1.055913418531417847e-01 8.877148851752281189e-03 -5.764948725700378418e-01 8.170526027679443359e-01 -2.464624047279357910e-01 -1.783574931323528290e-03 -8.170927762985229492e-01 -5.765036344528198242e-01 1.133701801300048828e+00 0.000000000000000000e+00 0.000000000000000000e+00 0.000000000000000000e+00 1.000000000000000000e+00
9.998250007629394531e-01 8.653976023197174072e-03 -1.660334505140781403e-02 -1.018305048346519470e-01 1.855225674808025360e-02 -5.774956941604614258e-01 8.161829113960266113e-01 -2.465745210647583008e-01 -2.525133313611149788e-03 -8.163480162620544434e-01 -5.775549411773681641e-01 1.133978605270385742e+00 0.000000000000000000e+00 0.000000000000000000e+00 0.000000000000000000e+00 1.000000000000000000e+00
9.995992183685302734e-01 1.360890455543994904e-02 -2.483629435300827026e-02 -9.806945174932479858e-02 2.813073247671127319e-02 -5.784476995468139648e-01 8.152342438697814941e-01 -2.466866374015808105e-01 -3.272053087130188942e-03 -8.156061768531799316e-01 -5.785984396934509277e-01 1.134255647659301758e+00 0.000000000000000000e+00 0.000000000000000000e+00 0.000000000000000000e+00 1.000000000000000000e+00
9.992846250534057617e-01 1.852299645543098450e-02 -3.297812119126319885e-02 -9.430839866399765015e-02 3.760934993624687195e-02 -5.793519616127014160e-01 8.142094016075134277e-01 -2.467988729476928711e-01 -4.024344496428966522e-03 -8.148671388626098633e-01 -5.796339511871337891e-01 1.134532451629638672e+00 0.000000000000000000e+00 0.000000000000000000e+00 0.000000000000000000e+00 1.000000000000000000e+00
9.988843798637390137e-01 2.339466102421283722e-02 -4.102735593914985657e-02 -9.054777026176452637e-02 4.698603227734565735e-02 -5.802096724510192871e-01 8.131107687950134277e-01 -2.469109892845153809e-01 -4.782014992088079453e-03 -8.141312599182128906e-01 -5.806614160537719727e-01 1.134809374809265137e+00 0.000000000000000000e+00 0.000000000000000000e+00 0.000000000000000000e+00 1.000000000000000000e+00
9.984009265899658203e-01 2.822164818644523621e-02 -4.898160696029663086e-02 -8.678692579269409180e-02 5.625754222273826599e-02 -5.810220837593078613e-01 8.119412064552307129e-01 -2.470231056213378906e-01 -5.545075051486492157e-03 -8.133984804153442383e-01 -5.816806554794311523e-01 1.135086297988891602e+00 0.000000000000000000e+00 0.000000000000000000e+00 0.000000000000000000e+00 1.000000000000000000e+00
9.978378415107727051e-01 3.300213441252708435e-02 -5.683911219239234924e-02 -8.302588760852813721e-02 6.542144715785980225e-02 -5.817905664443969727e-01 8.107032775878906250e-01 -2.471352219581604004e-01 -6.313522346317768097e-03 -8.126689791679382324e-01 -5.826916098594665527e-01 1.135363221168518066e+00 0.000000000000000000e+00 0.000000000000000000e+00 0.000000000000000000e+00 1.000000000000000000e+00
9.971979260444641113e-01 3.773402050137519836e-02 -6.459781527519226074e-02 -7.926504313945770264e-02 7.447486370801925659e-02 -5.825163722038269043e-01 8.093999624252319336e-01 -2.472473978996276855e-01 -7.087370380759239197e-03 -8.119428753852844238e-01 -5.836941599845886230e-01 1.135640144348144531e+00 0.000000000000000000e+00 0.000000000000000000e+00 0.000000000000000000e+00 1.000000000000000000e+00
9.964841008186340332e-01 4.241572320461273193e-02 -7.225636392831802368e-02 -7.550399005413055420e-02 8.341579884290695190e-02 -5.832008719444274902e-01 8.080338239669799805e-01 -2.473595738410949707e-01 -7.866636849939823151e-03 -8.112200498580932617e-01 -5.846883058547973633e-01 1.135916948318481445e+00 0.000000000000000000e+00 0.000000000000000000e+00 0.000000000000000000e+00 1.000000000000000000e+00
9.956993460655212402e-01 4.704499989748001099e-02 -7.981250435113906860e-02 -7.174293696880340576e-02 9.224112331867218018e-02 -5.838455557823181152e-01 8.066077828407287598e-01 -2.474717497825622559e-01 -8.651304990053176880e-03 -8.105007410049438477e-01 -5.856738686561584473e-01 1.136193871498107910e+00 0.000000000000000000e+00 0.000000000000000000e+00 0.000000000000000000e+00 1.000000000000000000e+00
9.948471188545227051e-01 5.161999166011810303e-02 -8.726460486650466919e-02 -6.798230856657028198e-02 1.009484976530075073e-01 -5.844514966011047363e-01 8.051247596740722656e-01 -2.475838661193847656e-01 -9.441400878131389618e-03 -8.097851276397705078e-01 -5.866506695747375488e-01 1.136470794677734375e+00 0.000000000000000000e+00 0.000000000000000000e+00 0.000000000000000000e+00 1.000000000000000000e+00
9.939303994178771973e-01 5.613899230957031250e-02 -9.461121261119842529e-02 -6.423029303550720215e-02 1.095357537269592285e-01 -5.850206017494201660e-01 8.035875558853149414e-01 -2.478516697883605957e-01 -1.023692172020673752e-02 -8.090732693672180176e-01 -5.876187682151794434e-01 1.136740446090698242e+00 0.000000000000000000e+00 0.000000000000000000e+00 0.000000000000000000e+00 1.000000000000000000e+00
9.929525256156921387e-01 6.060006096959114075e-02 -1.018506139516830444e-01 -6.048209965229034424e-02 1.180003732442855835e-01 -5.855541825294494629e-01 8.019988536834716797e-01 -2.481904625892639160e-01 -1.103787589818239212e-02 -8.083651661872863770e-01 -5.885781049728393555e-01 1.137006998062133789e+00 0.000000000000000000e+00 0.000000000000000000e+00 0.000000000000000000e+00 1.000000000000000000e+00
9.919164776802062988e-01 6.500162184238433838e-02 -1.089816763997077942e-01 -5.673411488533020020e-02 1.263405531644821167e-01 -5.860536098480224609e-01 8.003619909286499023e-01 -2.485292553901672363e-01 -1.184428296983242035e-02 -8.076609373092651367e-01 -5.895283818244934082e-01 1.137273311614990234e+00 0.000000000000000000e+00 0.000000000000000000e+00 0.000000000000000000e+00 1.000000000000000000e+00
9.908258318901062012e-01 6.934144347906112671e-02 -1.160022988915443420e-01 -5.298591405153274536e-02 1.345533281564712524e-01 -5.865205526351928711e-01 7.986797094345092773e-01 -2.488680481910705566e-01 -1.265612151473760605e-02 -8.069608211517333984e-01 -5.904695391654968262e-01 1.137539744377136230e+00 0.000000000000000000e+00 0.000000000000000000e+00 0.000000000000000000e+00 1.000000000000000000e+00
9.896836280822753906e-01 7.361800968647003174e-02 -1.229114308953285217e-01 -4.923814535140991211e-02 1.426369696855545044e-01 -5.869563817977905273e-01 7.969548106193542480e-01 -2.492068409919738770e-01 -1.347342878580093384e-02 -8.062647581100463867e-01 -5.914016366004943848e-01 1.137806177139282227e+00 0.000000000000000000e+00 0.000000000000000000e+00 0.000000000000000000e+00 1.000000000000000000e+00
9.884933233261108398e-01 7.782939076423645020e-02 -1.297074705362319946e-01 -4.548994451761245728e-02 1.505890935659408569e-01 -5.873630046844482422e-01 7.951903343200683594e-01 -2.495455741882324219e-01 -1.429619733244180679e-02 -8.055728673934936523e-01 -5.923243761062622070e-01 1.138072609901428223e+00 0.000000000000000000e+00 0.000000000000000000e+00 0.000000000000000000e+00 1.000000000000000000e+00
9.872581958770751953e-01 8.197388797998428345e-02 -1.363892555236816406e-01 -4.174195975065231323e-02 1.584077328443527222e-01 -5.877416729927062988e-01 7.933894395828247070e-01 -2.498843669891357422e-01 -1.512443181127309799e-02 -8.048852682113647461e-01 -5.932378768920898438e-01 1.138339042663574219e+00 0.000000000000000000e+00 0.000000000000000000e+00 0.000000000000000000e+00 1.000000000000000000e+00
9.859815239906311035e-01 8.604989200830459595e-02 -1.429556012153625488e-01 -3.799377381801605225e-02 1.660910695791244507e-01 -5.880941748619079590e-01 7.915548682212829590e-01 -2.502232193946838379e-01 -1.595815084874629974e-02 -8.042020797729492188e-01 -5.941419005393981934e-01 1.138605475425720215e+00 0.000000000000000000e+00 0.000000000000000000e+00 0.000000000000000000e+00 1.000000000000000000e+00
9.846667647361755371e-01 9.005548059940338135e-02 -1.494050323963165283e-01 -3.424557298421859741e-02 1.736367195844650269e-01 -5.884221196174621582e-01 7.896896600723266602e-01 -2.505620121955871582e-01 -1.679734513163566589e-02 -8.035233020782470703e-01 -5.950364470481872559e-01 1.138871908187866211e+00 0.000000000000000000e+00 0.000000000000000000e+00 0.000000000000000000e+00 1.000000000000000000e+00
9.833171963691711426e-01 9.398903697729110718e-02 -1.557365357875823975e-01 -3.049780428409576416e-02 1.810430288314819336e-01 -5.887271165847778320e-01 7.877969741821289062e-01 -2.509007453918457031e-01 -1.764203608036041260e-02 -8.028491735458374023e-01 -5.959212779998779297e-01 1.139138340950012207e+00 0.000000000000000000e+00 0.000000000000000000e+00 0.000000000000000000e+00 1.000000000000000000e+00
9.819360971450805664e-01 9.784903377294540405e-02 -1.619491428136825562e-01 -2.674981951713562012e-02 1.883082836866378784e-01 -5.890105962753295898e-01 7.858795523643493652e-01 -2.512395381927490234e-01 -1.849221996963024139e-02 -8.021797537803649902e-01 -5.967963933944702148e-01 1.139404773712158203e+00 0.000000000000000000e+00 0.000000000000000000e+00 0.000000000000000000e+00 1.000000000000000000e+00
9.805271029472351074e-01 1.016332432627677917e-01 -1.680410504341125488e-01 -2.300161868333816528e-02 1.954297423362731934e-01 -5.892746448516845703e-01 7.839405536651611328e-01 -2.515783905982971191e-01 -1.934791542589664459e-02 -8.015151023864746094e-01 -5.976616740226745605e-01 1.139671206474304199e+00 0.000000000000000000e+00 0.000000000000000000e+00 0.000000000000000000e+00 1.000000000000000000e+00
9.790932536125183105e-01 1.053408831357955933e-01 -1.740123927593231201e-01 -1.925363391637802124e-02 2.024070918560028076e-01 -5.895205140113830566e-01 7.819827198982238770e-01 -2.519171833992004395e-01 -2.020912058651447296e-02 -8.008552789688110352e-01 -5.985169410705566406e-01 1.139937639236450195e+00 0.000000000000000000e+00 0.000000000000000000e+00 0.000000000000000000e+00 1.000000000000000000e+00
9.776380062103271484e-01 1.089695692062377930e-01 -1.798611581325531006e-01 -1.550543308258056641e-02 2.092372477054595947e-01 -5.897500514984130859e-01 7.800094485282897949e-01 -2.522559165954589844e-01 -2.107583545148372650e-02 -8.002004623413085938e-01 -5.993623733520507812e-01 1.140204071998596191e+00 0.000000000000000000e+00 0.000000000000000000e+00 0.000000000000000000e+00 1.000000000000000000e+00
9.761647582054138184e-01 1.125181540846824646e-01 -1.855870038270950317e-01 -1.175986975431442261e-02 2.159193605184555054e-01 -5.899648666381835938e-01 7.780233621597290039e-01 -2.526171207427978516e-01 -2.194807678461074829e-02 -7.995507121086120605e-01 -6.001975536346435547e-01 1.140469312667846680e+00 0.000000000000000000e+00 0.000000000000000000e+00 0.000000000000000000e+00 1.000000000000000000e+00
9.746767878532409668e-01 1.159847825765609741e-01 -1.911887675523757935e-01 -8.039303123950958252e-03 2.224513888359069824e-01 -5.901666879653930664e-01 7.760275602340698242e-01 -2.531863451004028320e-01 -2.282585389912128448e-02 -7.989062070846557617e-01 -6.010225415229797363e-01 1.140724062919616699e+00 0.000000000000000000e+00 0.000000000000000000e+00 0.000000000000000000e+00 1.000000000000000000e+00
9.731775522232055664e-01 1.193679645657539368e-01 -1.966655850410461426e-01 -4.318520426750183105e-03 2.288317531347274780e-01 -5.903571248054504395e-01 7.740249037742614746e-01 -2.537555694580078125e-01 -2.370915561914443970e-02 -7.982668876647949219e-01 -6.018372178077697754e-01 1.140978693962097168e+00 0.000000000000000000e+00 0.000000000000000000e+00 0.000000000000000000e+00 1.000000000000000000e+00
9.716701507568359375e-01 1.226661652326583862e-01 -2.020167559385299683e-01 -5.975365638732910156e-04 2.350589781999588013e-01 -5.905379056930541992e-01 7.720184326171875000e-01 -2.543249130249023438e-01 -2.459801733493804932e-02 -7.976329922676086426e-01 -6.026415228843688965e-01 1.141233444213867188e+00 0.000000000000000000e+00 0.000000000000000000e+00 0.000000000000000000e+00 1.000000000000000000e+00
9.701581001281738281e-01 1.258773952722549438e-01 -2.072408944368362427e-01 3.123253583908081055e-03 2.411307990550994873e-01 -5.907107591629028320e-01 7.700110673904418945e-01 -2.548941373825073242e-01 -2.549242228269577026e-02 -7.970044016838073730e-01 -6.034353971481323242e-01 1.141488194465637207e+00 0.000000000000000000e+00 0.000000000000000000e+00 0.000000000000000000e+00 1.000000000000000000e+00
9.686443209648132324e-01 1.290007084608078003e-01 -2.123380154371261597e-01 6.844237446784973145e-03 2.470467239618301392e-01 -5.908768773078918457e-01 7.680055499076843262e-01 -2.554634213447570801e-01 -2.639238163828849792e-02 -7.963815331459045410e-01 -6.042185425758361816e-01 1.141742825508117676e+00 0.000000000000000000e+00 0.000000000000000000e+00 0.000000000000000000e+00 1.000000000000000000e+00
9.671325087547302246e-01 1.320342272520065308e-01 -2.173069417476654053e-01 1.056480407714843750e-02 2.528046369552612305e-01 -5.910384654998779297e-01 7.660049200057983398e-01 -2.560327649116516113e-01 -2.729789912700653076e-02 -7.957643270492553711e-01 -6.049911379814147949e-01 1.141997575759887695e+00 0.000000000000000000e+00 0.000000000000000000e+00 0.000000000000000000e+00 1.000000000000000000e+00
9.656253457069396973e-01 1.349767297506332397e-01 -2.221473604440689087e-01 1.428580284118652344e-02 2.584036588668823242e-01 -5.911967754364013672e-01 7.640117406845092773e-01 -2.566019892692565918e-01 -2.820900455117225647e-02 -7.951528429985046387e-01 -6.057528257369995117e-01 1.142252326011657715e+00 0.000000000000000000e+00 0.000000000000000000e+00 0.000000000000000000e+00 1.000000000000000000e+00
9.641265273094177246e-01 1.378262042999267578e-01 -2.268579900264739990e-01 1.800657808780670166e-02 2.638414800167083740e-01 -5.913535356521606445e-01 7.620294094085693359e-01 -2.571712732315063477e-01 -2.912567183375358582e-02 -7.945470809936523438e-01 -6.065037250518798828e-01 1.142506957054138184e+00 0.000000000000000000e+00 0.000000000000000000e+00 0.000000000000000000e+00 1.000000000000000000e+00
9.626388549804687500e-01 1.405815333127975464e-01 -2.314385324716567993e-01 2.172757685184478760e-02 2.691172957420349121e-01 -5.915105342864990234e-01 7.600600719451904297e-01 -2.577404975891113281e-01 -3.004792518913745880e-02 -7.939473390579223633e-01 -6.072437167167663574e-01 1.142761707305908203e+00 0.000000000000000000e+00 0.000000000000000000e+00 0.000000000000000000e+00 1.000000000000000000e+00
9.611654281616210938e-01 1.432413309812545776e-01 -2.358886897563934326e-01 2.544836699962615967e-02 2.742299735546112061e-01 -5.916689038276672363e-01 7.581068277359008789e-01 -2.583098411560058594e-01 -3.097577393054962158e-02 -7.933536767959594727e-01 -6.079725027084350586e-01 1.143016457557678223e+00 0.000000000000000000e+00 0.000000000000000000e+00 0.000000000000000000e+00 1.000000000000000000e+00
9.597095847129821777e-01 1.458034813404083252e-01 -2.402069419622421265e-01 2.916890382766723633e-02 2.791770994663238525e-01 -5.918304920196533203e-01 7.561725974082946777e-01 -2.588790059089660645e-01 -3.190921247005462646e-02 -7.927662730216979980e-01 -6.086902022361755371e-01 1.143271088600158691e+00 0.000000000000000000e+00 0.000000000000000000e+00 0.000000000000000000e+00 1.000000000000000000e+00
9.582741856575012207e-01 1.482668370008468628e-01 -2.443931400775909424e-01 3.288991749286651611e-02 2.839578986167907715e-01 -5.919967889785766602e-01 7.542597651481628418e-01 -2.594483494758605957e-01 -3.284826129674911499e-02 -7.921848893165588379e-01 -6.093966364860534668e-01 1.143525838851928711e+00 0.000000000000000000e+00 0.000000000000000000e+00 0.000000000000000000e+00 1.000000000000000000e+00
9.568622112274169922e-01 1.506299972534179688e-01 -2.484467923641204834e-01 3.661090135574340820e-02 2.885710895061492920e-01 -5.921693444252014160e-01 7.523711323738098145e-01 -2.600176930427551270e-01 -3.379291296005249023e-02 -7.916100025177001953e-01 -6.100916862487792969e-01 1.143780589103698730e+00 0.000000000000000000e+00 0.000000000000000000e+00 0.000000000000000000e+00 1.000000000000000000e+00
9.554764628410339355e-01 1.528916358947753906e-01 -2.523675262928009033e-01 4.033169150352478027e-02 2.930156588554382324e-01 -5.923493504524230957e-01 7.505092024803161621e-01 -2.605868577957153320e-01 -3.474317491054534912e-02 -7.910414934158325195e-01 -6.107752323150634766e-01 1.144035220146179199e+00 0.000000000000000000e+00 0.000000000000000000e+00 0.000000000000000000e+00 1.000000000000000000e+00
9.541199803352355957e-01 1.550499349832534790e-01 -2.561544179916381836e-01 4.404436051845550537e-02 2.972896993160247803e-01 -5.925385355949401855e-01 7.486768364906311035e-01 -2.612019777297973633e-01 -3.569906577467918396e-02 -7.904794812202453613e-01 -6.114473938941955566e-01 1.144287467002868652e+00 0.000000000000000000e+00 0.000000000000000000e+00 0.000000000000000000e+00 1.000000000000000000e+00
9.527954459190368652e-01 1.571036279201507568e-01 -2.598070204257965088e-01 4.772260785102844238e-02 3.013922274112701416e-01 -5.927382111549377441e-01 7.468762993812561035e-01 -2.620042562484741211e-01 -3.666057810187339783e-02 -7.899241447448730469e-01 -6.121078729629516602e-01 1.144529104232788086e+00 0.000000000000000000e+00 0.000000000000000000e+00 0.000000000000000000e+00 1.000000000000000000e+00
9.515058994293212891e-01 1.590509861707687378e-01 -2.633245885372161865e-01 5.140103399753570557e-02 3.053215742111206055e-01 -5.929497480392456055e-01 7.451103925704956055e-01 -2.628066539764404297e-01 -3.762771934270858765e-02 -7.893754839897155762e-01 -6.127566099166870117e-01 1.144770860671997070e+00 0.000000000000000000e+00 0.000000000000000000e+00 0.000000000000000000e+00 1.000000000000000000e+00
9.502537250518798828e-01 1.608907133340835571e-01 -2.667068243026733398e-01 5.507968366146087646e-02 3.090766966342926025e-01 -5.931743979454040527e-01 7.433814406394958496e-01 -2.636091113090515137e-01 -3.860051184892654419e-02 -7.888336777687072754e-01 -6.133934855461120605e-01 1.145012617111206055e+00 0.000000000000000000e+00 0.000000000000000000e+00 0.000000000000000000e+00 1.000000000000000000e+00
9.490416049957275391e-01 1.626213937997817993e-01 -2.699531912803649902e-01 5.875831842422485352e-02 3.126563727855682373e-01 -5.934134721755981445e-01 7.416917085647583008e-01 -2.644115686416625977e-01 -3.957894444465637207e-02 -7.882987260818481445e-01 -6.140186190605163574e-01 1.145254373550415039e+00 0.000000000000000000e+00 0.000000000000000000e+00 0.000000000000000000e+00 1.000000000000000000e+00
9.478724002838134766e-01 1.642412841320037842e-01 -2.730627954006195068e-01 6.243675947189331055e-02 3.160588443279266357e-01 -5.936684012413024902e-01 7.400437593460083008e-01 -2.652138471603393555e-01 -4.056302085518836975e-02 -7.877708673477172852e-01 -6.146315336227416992e-01 1.145496129989624023e+00 0.000000000000000000e+00 0.000000000000000000e+00 0.000000000000000000e+00 1.000000000000000000e+00
9.467248320579528809e-01 1.657932400703430176e-01 -2.760890126228332520e-01 6.611542403697967529e-02 3.193524181842803955e-01 -5.939298272132873535e-01 7.384182810783386230e-01 -2.660162448883056641e-01 -4.155273735523223877e-02 -7.872486114501953125e-01 -6.152343750000000000e-01 1.145737886428833008e+00 0.000000000000000000e+00 0.000000000000000000e+00 0.000000000000000000e+00 1.000000000000000000e+00
9.455768465995788574e-01 1.673209071159362793e-01 -2.790852785110473633e-01 6.979362666606903076e-02 3.226059377193450928e-01 -5.941880941390991211e-01 7.367945313453674316e-01 -2.668186426162719727e-01 -4.254800453782081604e-02 -7.867302894592285156e-01 -6.158289313316345215e-01 1.145979642868041992e+00 0.000000000000000000e+00 0.000000000000000000e+00 0.000000000000000000e+00 1.000000000000000000e+00
9.444287419319152832e-01 1.688243895769119263e-01 -2.820517122745513916e-01 7.347208261489868164e-02 3.258196413516998291e-01 -5.944433212280273438e-01 7.351726293563842773e-01 -2.676209807395935059e-01 -4.354871436953544617e-02 -7.862160801887512207e-01 -6.164153814315795898e-01 1.146221399307250977e+00 0.000000000000000000e+00 0.000000000000000000e+00 0.000000000000000000e+00 1.000000000000000000e+00
9.432806968688964844e-01 1.703037768602371216e-01 -2.849887311458587646e-01 7.715073227882385254e-02 3.289937376976013184e-01 -5.946958065032958984e-01 7.335530519485473633e-01 -2.684233784675598145e-01 -4.455475881695747375e-02 -7.857059240341186523e-01 -6.169937849044799805e-01 1.146463155746459961e+00 0.000000000000000000e+00 0.000000000000000000e+00 0.000000000000000000e+00 1.000000000000000000e+00
9.421331882476806641e-01 1.717592626810073853e-01 -2.878965437412261963e-01 8.082938194274902344e-02 3.321286737918853760e-01 -5.949457287788391113e-01 7.319359779357910156e-01 -2.692257761955261230e-01 -4.556602612137794495e-02 -7.851997613906860352e-01 -6.175639629364013672e-01 1.146704912185668945e+00 0.000000000000000000e+00 0.000000000000000000e+00 0.000000000000000000e+00 1.000000000000000000e+00
9.409862756729125977e-01 1.731909513473510742e-01 -2.907753884792327881e-01 8.450780808925628662e-02 3.352246284484863281e-01 -5.951932072639465332e-01 7.303215861320495605e-01 -2.700282335281372070e-01 -4.658241942524909973e-02 -7.846975922584533691e-01 -6.181262135505676270e-01 1.146946668624877930e+00 0.000000000000000000e+00 0.000000000000000000e+00 0.000000000000000000e+00 1.000000000000000000e+00
9.398403167724609375e-01 1.745989620685577393e-01 -2.936254143714904785e-01 8.818604052066802979e-02 3.382818400859832764e-01 -5.954384207725524902e-01 7.287102341651916504e-01 -2.708305120468139648e-01 -4.760381206870079041e-02 -7.841993570327758789e-01 -6.186804771423339844e-01 1.147188305854797363e+00 0.000000000000000000e+00 0.000000000000000000e+00 0.000000000000000000e+00 1.000000000000000000e+00
9.386956691741943359e-01 1.759834587574005127e-01 -2.964469790458679199e-01 9.186467528343200684e-02 3.413007259368896484e-01 -5.956817269325256348e-01 7.271019816398620605e-01 -2.716329097747802734e-01 -4.863010719418525696e-02 -7.837048768997192383e-01 -6.192268729209899902e-01 1.147430062294006348e+00 0.000000000000000000e+00 0.000000000000000000e+00 0.000000000000000000e+00 1.000000000000000000e+00
9.375523924827575684e-01 1.773445904254913330e-01 -2.992403507232666016e-01 9.554332494735717773e-02 3.442814052104949951e-01 -5.959230065345764160e-01 7.254971861839294434e-01 -2.724353075027465820e-01 -4.966119304299354553e-02 -7.832145690917968750e-01 -6.197652816772460938e-01 1.147671818733215332e+00 0.000000000000000000e+00 0.000000000000000000e+00 0.000000000000000000e+00 1.000000000000000000e+00
9.364109635353088379e-01 1.786824613809585571e-01 -3.020056784152984619e-01 9.922146797180175781e-02 3.472243249416351318e-01 -5.961625576019287109e-01 7.238960862159729004e-01 -2.732388973236083984e-01 -5.069696530699729919e-02 -7.827279567718505859e-01 -6.202958226203918457e-01 1.147913575172424316e+00 0.000000000000000000e+00 0.000000000000000000e+00 0.000000000000000000e+00 1.000000000000000000e+00
9.352716207504272461e-01 1.799971908330917358e-01 -3.047432601451873779e-01 1.028419882059097290e-01 3.501296937465667725e-01 -5.964006781578063965e-01 7.222988009452819824e-01 -2.742756605148315430e-01 -5.173732340335845947e-02 -7.822452187538146973e-01 -6.208186149597167969e-01 1.148141145706176758e+00 0.000000000000000000e+00 0.000000000000000000e+00 0.000000000000000000e+00 1.000000000000000000e+00
9.341344833374023438e-01 1.812889426946640015e-01 -3.074533641338348389e-01 1.064620912075042725e-01 3.529976904392242432e-01 -5.966372489929199219e-01 7.207058072090148926e-01 -2.753123044967651367e-01 -5.278213694691658020e-02 -7.817663550376892090e-01 -6.213337182998657227e-01 1.148368597030639648e+00 0.000000000000000000e+00 0.000000000000000000e+00 0.000000000000000000e+00 1.000000000000000000e+00
9.329998493194580078e-01 1.825579106807708740e-01 -3.101361989974975586e-01 1.100824028253555298e-01 3.558287918567657471e-01 -5.968725681304931641e-01 7.191169857978820801e-01 -2.763490080833435059e-01 -5.383132025599479675e-02 -7.812912464141845703e-01 -6.218411326408386230e-01 1.148596167564392090e+00 0.000000000000000000e+00 0.000000000000000000e+00 0.000000000000000000e+00 1.000000000000000000e+00
9.318678975105285645e-01 1.838041245937347412e-01 -3.127919435501098633e-01 1.137029379606246948e-01 3.586230576038360596e-01 -5.971068143844604492e-01 7.175326943397521973e-01 -2.773857712745666504e-01 -5.488475784659385681e-02 -7.808198928833007812e-01 -6.223408579826354980e-01 1.148823738098144531e+00 0.000000000000000000e+00 0.000000000000000000e+00 0.000000000000000000e+00 1.000000000000000000e+00
9.307388663291931152e-01 1.850277930498123169e-01 -3.154208958148956299e-01 1.173234581947326660e-01 3.613809347152709961e-01 -5.973401069641113281e-01 7.159530520439147949e-01 -2.784224748611450195e-01 -5.594233423471450806e-02 -7.803524136543273926e-01 -6.228329539299011230e-01 1.149051308631896973e+00 0.000000000000000000e+00 0.000000000000000000e+00 0.000000000000000000e+00 1.000000000000000000e+00
9.296130537986755371e-01 1.862290948629379272e-01 -3.180232644081115723e-01 1.209437698125839233e-01 3.641026020050048828e-01 -5.975725054740905762e-01 7.143783569335937500e-01 -2.794591784477233887e-01 -5.700395256280899048e-02 -7.798885107040405273e-01 -6.233174800872802734e-01 1.149278879165649414e+00 0.000000000000000000e+00 0.000000000000000000e+00 0.000000000000000000e+00 1.000000000000000000e+00
9.284905195236206055e-01 1.874081194400787354e-01 -3.205994069576263428e-01 1.245643198490142822e-01 3.667884469032287598e-01 -5.978042483329772949e-01 7.128088474273681641e-01 -2.804958820343017578e-01 -5.806949362158775330e-02 -7.794283032417297363e-01 -6.237944960594177246e-01 1.149506449699401855e+00 0.000000000000000000e+00 0.000000000000000000e+00 0.000000000000000000e+00 1.000000000000000000e+00
9.273716211318969727e-01 1.885651201009750366e-01 -3.231493532657623291e-01 1.281843930482864380e-01 3.694387078285217285e-01 -5.980353951454162598e-01 7.112445831298828125e-01 -2.815325856208801270e-01 -5.913884565234184265e-02 -7.789719104766845703e-01 -6.242640614509582520e-01 1.149733901023864746e+00 0.000000000000000000e+00 0.000000000000000000e+00 0.000000000000000000e+00 1.000000000000000000e+00
9.262565374374389648e-01 1.897000968456268311e-01 -3.256734013557434082e-01 1.318047344684600830e-01 3.720536231994628906e-01 -5.982660651206970215e-01 7.096858024597167969e-01 -2.825692296028137207e-01 -6.021191924810409546e-02 -7.785189151763916016e-01 -6.247262358665466309e-01 1.149961471557617188e+00 0.000000000000000000e+00 0.000000000000000000e+00 0.000000000000000000e+00 1.000000000000000000e+00
9.251453876495361328e-01 1.908132880926132202e-01 -3.281718790531158447e-01 1.354252696037292480e-01 3.746334612369537354e-01 -5.984964966773986816e-01 7.081326246261596680e-01 -2.836059927940368652e-01 -6.128859892487525940e-02 -7.780697345733642578e-01 -6.251811385154724121e-01 1.150189042091369629e+00 0.000000000000000000e+00 0.000000000000000000e+00 0.000000000000000000e+00 1.000000000000000000e+00
9.240384101867675781e-01 1.919048130512237549e-01 -3.306449055671691895e-01 1.390457451343536377e-01 3.771785795688629150e-01 -5.987265706062316895e-01 7.065853476524353027e-01 -2.846428155899047852e-01 -6.236876919865608215e-02 -7.776240706443786621e-01 -6.256285309791564941e-01 1.150416612625122070e+00 0.000000000000000000e+00 0.000000000000000000e+00 0.000000000000000000e+00 1.000000000000000000e+00
9.229357838630676270e-01 1.929748356342315674e-01 -3.330926895141601562e-01 1.426661014556884766e-01 3.796892166137695312e-01 -5.989566445350646973e-01 7.050440907478332520e-01 -2.856794595718383789e-01 -6.345232576131820679e-02 -7.771821022033691406e-01 -6.260687708854675293e-01 1.150644183158874512e+00 0.000000000000000000e+00 0.000000000000000000e+00 0.000000000000000000e+00 1.000000000000000000e+00
9.218376874923706055e-01 1.940235495567321777e-01 -3.355155289173126221e-01 1.462861895561218262e-01 3.821656405925750732e-01 -5.991867184638977051e-01 7.035090327262878418e-01 -2.867161035537719727e-01 -6.453915685415267944e-02 -7.767434716224670410e-01 -6.265017390251159668e-01 1.150871753692626953e+00 0.000000000000000000e+00 0.000000000000000000e+00 0.000000000000000000e+00 1.000000000000000000e+00
9.207442402839660645e-01 1.950510591268539429e-01 -3.379136621952056885e-01 1.499067246913909912e-01 3.846081197261810303e-01 -5.994168519973754883e-01 7.019801735877990723e-01 -2.877528071403503418e-01 -6.562916189432144165e-02 -7.763084173202514648e-01 -6.269276738166809082e-01 1.151099205017089844e+00 0.000000000000000000e+00 0.000000000000000000e+00 0.000000000000000000e+00 1.000000000000000000e+00
9.196556806564331055e-01 1.960575133562088013e-01 -3.402872085571289062e-01 1.535270214080810547e-01 3.870169818401336670e-01 -5.996471643447875977e-01 7.004579305648803711e-01 -2.887895703315734863e-01 -6.672223657369613647e-02 -7.758769392967224121e-01 -6.273462176322937012e-01 1.151326775550842285e+00 0.000000000000000000e+00 0.000000000000000000e+00 0.000000000000000000e+00 1.000000000000000000e+00
9.185720682144165039e-01 1.970431357622146606e-01 -3.426364958286285400e-01 1.571069061756134033e-01 3.893924951553344727e-01 -5.998777151107788086e-01 6.989423036575317383e-01 -2.899541854858398438e-01 -6.781826168298721313e-02 -7.754488587379455566e-01 -6.277578473091125488e-01 1.151546001434326172e+00 0.000000000000000000e+00 0.000000000000000000e+00 0.000000000000000000e+00 1.000000000000000000e+00
9.174938201904296875e-01 1.980079412460327148e-01 -3.449615836143493652e-01 1.606530249118804932e-01 3.917348384857177734e-01 -6.001087427139282227e-01 6.974334716796875000e-01 -2.912249565124511719e-01 -6.891713291406631470e-02 -7.750243544578552246e-01 -6.281623244285583496e-01 1.151758074760437012e+00 0.000000000000000000e+00 0.000000000000000000e+00 0.000000000000000000e+00 1.000000000000000000e+00
9.164207577705383301e-01 1.989522874355316162e-01 -3.472629487514495850e-01 1.641986966133117676e-01 3.940443992614746094e-01 -6.003402471542358398e-01 6.959316134452819824e-01 -2.924956083297729492e-01 -7.001874595880508423e-02 -7.746030688285827637e-01 -6.285600066184997559e-01 1.151970267295837402e+00 0.000000000000000000e+00 0.000000000000000000e+00 0.000000000000000000e+00 1.000000000000000000e+00
9.153531193733215332e-01 1.998761743307113647e-01 -3.495405316352844238e-01 1.677446365356445312e-01 3.963214159011840820e-01 -6.005722284317016602e-01 6.944368481636047363e-01 -2.937663197517395020e-01 -7.112297415733337402e-02 -7.741852402687072754e-01 -6.289507150650024414e-01 1.152182459831237793e+00 0.000000000000000000e+00 0.000000000000000000e+00 0.000000000000000000e+00 1.000000000000000000e+00
9.142911434173583984e-01 2.007798552513122559e-01 -3.517947196960449219e-01 1.712907552719116211e-01 3.985661268234252930e-01 -6.008048653602600098e-01 6.929491758346557617e-01 -2.950370907783508301e-01 -7.222974300384521484e-02 -7.737708687782287598e-01 -6.293343305587768555e-01 1.152394533157348633e+00 0.000000000000000000e+00 0.000000000000000000e+00 0.000000000000000000e+00 1.000000000000000000e+00
9.132350683212280273e-01 2.016634047031402588e-01 -3.540256023406982422e-01 1.748366653919219971e-01 4.007788896560668945e-01 -6.010382175445556641e-01 6.914690732955932617e-01 -2.963078022003173828e-01 -7.333891838788986206e-02 -7.733597159385681152e-01 -6.297113299369812012e-01 1.152606725692749023e+00 0.000000000000000000e+00 0.000000000000000000e+00 0.000000000000000000e+00 1.000000000000000000e+00
9.121846556663513184e-01 2.025270760059356689e-01 -3.562334775924682617e-01 1.783827841281890869e-01 4.029598832130432129e-01 -6.012722849845886230e-01 6.899963617324829102e-01 -2.975785732269287109e-01 -7.445038855075836182e-02 -7.729519605636596680e-01 -6.300814151763916016e-01 1.152818918228149414e+00 0.000000000000000000e+00 0.000000000000000000e+00 0.000000000000000000e+00 1.000000000000000000e+00
9.111405014991760254e-01 2.033709734678268433e-01 -3.584185540676116943e-01 1.819285154342651367e-01 4.051095545291900635e-01 -6.015072464942932129e-01 6.885313391685485840e-01 -2.988491654396057129e-01 -7.556407153606414795e-02 -7.725474238395690918e-01 -6.304449439048767090e-01 1.153030991554260254e+00 0.000000000000000000e+00 0.000000000000000000e+00 0.000000000000000000e+00 1.000000000000000000e+00
9.101022481918334961e-01 2.041952759027481079e-01 -3.605809211730957031e-01 1.854746043682098389e-01 4.072279334068298340e-01 -6.017431616783142090e-01 6.870741248130798340e-01 -3.001199960708618164e-01 -7.667984068393707275e-02 -7.721461653709411621e-01 -6.308016180992126465e-01 1.153243184089660645e+00 0.000000000000000000e+00 0.000000000000000000e+00 0.000000000000000000e+00 1.000000000000000000e+00
9.090704321861267090e-01 2.050001323223114014e-01 -3.627209067344665527e-01 1.890205442905426025e-01 4.093154072761535645e-01 -6.019799709320068359e-01 6.856246590614318848e-01 -3.013907670974731445e-01 -7.779758423566818237e-02 -7.717482447624206543e-01 -6.311516165733337402e-01 1.153455376625061035e+00 0.000000000000000000e+00 0.000000000000000000e+00 0.000000000000000000e+00 1.000000000000000000e+00
9.080448150634765625e-01 2.057857513427734375e-01 -3.648386597633361816e-01 1.925666332244873047e-01 4.113722741603851318e-01 -6.022178530693054199e-01 6.841831803321838379e-01 -3.026614785194396973e-01 -7.891722768545150757e-02 -7.713534235954284668e-01 -6.314951777458190918e-01 1.153667449951171875e+00 0.000000000000000000e+00 0.000000000000000000e+00 0.000000000000000000e+00 1.000000000000000000e+00
9.070257544517517090e-01 2.065522372722625732e-01 -3.669343590736389160e-01 1.961125731468200684e-01 4.133987426757812500e-01 -6.024568080902099609e-01 6.827499270439147949e-01 -3.039321899414062500e-01 -8.003859966993331909e-02 -7.709618806838989258e-01 -6.318320631980895996e-01 1.153879642486572266e+00 0.000000000000000000e+00 0.000000000000000000e+00 0.000000000000000000e+00 1.000000000000000000e+00
9.060133695602416992e-01 2.072997987270355225e-01 -3.690082728862762451e-01 1.996586918830871582e-01 4.153952002525329590e-01 -6.026968955993652344e-01 6.813247799873352051e-01 -3.052029609680175781e-01 -8.116165548563003540e-02 -7.705734968185424805e-01 -6.321625113487243652e-01 1.154091835021972656e+00 0.000000000000000000e+00 0.000000000000000000e+00 0.000000000000000000e+00 1.000000000000000000e+00
9.050075411796569824e-01 2.080285847187042236e-01 -3.710604906082153320e-01 2.032043933868408203e-01 4.173617362976074219e-01 -6.029381155967712402e-01 6.799080371856689453e-01 -3.064736127853393555e-01 -8.228624612092971802e-02 -7.701882719993591309e-01 -6.324865221977233887e-01 1.154303908348083496e+00 0.000000000000000000e+00 0.000000000000000000e+00 0.000000000000000000e+00 1.000000000000000000e+00
9.040085077285766602e-01 2.087387740612030029e-01 -3.730913102626800537e-01 2.067505121231079102e-01 4.192987680435180664e-01 -6.031807065010070801e-01 6.784996986389160156e-01 -3.077443838119506836e-01 -8.341228961944580078e-02 -7.698061466217041016e-01 -6.328041553497314453e-01 1.154516100883483887e+00 0.000000000000000000e+00 0.000000000000000000e+00 0.000000000000000000e+00 1.000000000000000000e+00
9.030164480209350586e-01 2.094305455684661865e-01 -3.751008808612823486e-01 2.102964520454406738e-01 4.212065041065216064e-01 -6.034244894981384277e-01 6.770998835563659668e-01 -3.090150952339172363e-01 -8.453966677188873291e-02 -7.694271206855773926e-01 -6.331154108047485352e-01 1.154728293418884277e+00 0.000000000000000000e+00 0.000000000000000000e+00 0.000000000000000000e+00 1.000000000000000000e+00
9.020312428474426270e-01 2.101040333509445190e-01 -3.770892918109893799e-01 2.137655615806579590e-01 4.230851829051971436e-01 -6.036695241928100586e-01 6.757085919380187988e-01 -3.104823231697082520e-01 -8.566825091838836670e-02 -7.690511345863342285e-01 -6.334204673767089844e-01 1.154926419258117676e+00 0.000000000000000000e+00 0.000000000000000000e+00 0.000000000000000000e+00 1.000000000000000000e+00
9.010531306266784668e-01 2.107594460248947144e-01 -3.790569901466369629e-01 2.172206938266754150e-01 4.249352216720581055e-01 -6.039159297943115234e-01 6.743261218070983887e-01 -3.119851350784301758e-01 -8.679797500371932983e-02 -7.686783075332641602e-01 -6.337192058563232422e-01 1.155122041702270508e+00 0.000000000000000000e+00 0.000000000000000000e+00 0.000000000000000000e+00 1.000000000000000000e+00
9.000821113586425781e-01 2.113968729972839355e-01 -3.810038864612579346e-01 2.206754684448242188e-01 4.267566502094268799e-01 -6.041637063026428223e-01 6.729524731636047363e-01 -3.134878277778625488e-01 -8.792870491743087769e-02 -7.683084011077880859e-01 -6.340117454528808594e-01 1.155317544937133789e+00 0.000000000000000000e+00 0.000000000000000000e+00 0.000000000000000000e+00 1.000000000000000000e+00
8.991183042526245117e-01 2.120165824890136719e-01 -3.829303383827209473e-01 2.241303920745849609e-01 4.285498559474945068e-01 -6.044129729270935059e-01 6.715877652168273926e-01 -3.149905800819396973e-01 -8.906031399965286255e-02 -7.679415941238403320e-01 -6.342982053756713867e-01 1.155513167381286621e+00 0.000000000000000000e+00 0.000000000000000000e+00 0.000000000000000000e+00 1.000000000000000000e+00
8.981618285179138184e-01 2.126186788082122803e-01 -3.848364949226379395e-01 2.275855243206024170e-01 4.303151965141296387e-01 -6.046636104583740234e-01 6.702320575714111328e-01 -3.164933919906616211e-01 -9.019274264574050903e-02 -7.675777077674865723e-01 -6.345785856246948242e-01 1.155708789825439453e+00 0.000000000000000000e+00 0.000000000000000000e+00 0.000000000000000000e+00 1.000000000000000000e+00
8.972126841545104980e-01 2.132034301757812500e-01 -3.867224454879760742e-01 2.310405075550079346e-01 4.320527613162994385e-01 -6.049157381057739258e-01 6.688852906227111816e-01 -3.179962038993835449e-01 -9.132584929466247559e-02 -7.672168016433715820e-01 -6.348528861999511719e-01 1.155904412269592285e+00 0.000000000000000000e+00 0.000000000000000000e+00 0.000000000000000000e+00 1.000000000000000000e+00
8.962709903717041016e-01 2.137708365917205811e-01 -3.885883986949920654e-01 2.344956099987030029e-01 4.337628483772277832e-01 -6.051692962646484375e-01 6.675478219985961914e-01 -3.194989562034606934e-01 -9.245953708887100220e-02 -7.668588161468505859e-01 -6.351212263107299805e-01 1.156100034713745117e+00 0.000000000000000000e+00 0.000000000000000000e+00 0.000000000000000000e+00 1.000000000000000000e+00
8.953366279602050781e-01 2.143211960792541504e-01 -3.904346525669097900e-01 2.379503846168518066e-01 4.354458153247833252e-01 -6.054243445396423340e-01 6.662195324897766113e-01 -3.210016489028930664e-01 -9.359370172023773193e-02 -7.665038704872131348e-01 -6.353836059570312500e-01 1.156295537948608398e+00 0.000000000000000000e+00 0.000000000000000000e+00 0.000000000000000000e+00 1.000000000000000000e+00
8.944098353385925293e-01 2.148546576499938965e-01 -3.922612667083740234e-01 2.414055168628692627e-01 4.371019005775451660e-01 -6.056810021400451660e-01 6.649004817008972168e-01 -3.225045800209045410e-01 -9.472822397947311401e-02 -7.661515474319458008e-01 -6.356402039527893066e-01 1.156491160392761230e+00 0.000000000000000000e+00 0.000000000000000000e+00 0.000000000000000000e+00 1.000000000000000000e+00
8.934907317161560059e-01 2.153713703155517578e-01 -3.940683901309967041e-01 2.448604702949523926e-01 4.387313127517700195e-01 -6.059391498565673828e-01 6.635908484458923340e-01 -3.240072131156921387e-01 -9.586300700902938843e-02 -7.658023834228515625e-01 -6.358908414840698242e-01 1.156686782836914062e+00 0.000000000000000000e+00 0.000000000000000000e+00 0.000000000000000000e+00 1.000000000000000000e+00
8.925791978836059570e-01 2.158715575933456421e-01 -3.958563506603240967e-01 2.483156025409698486e-01 4.403342604637145996e-01 -6.061987876892089844e-01 6.622906923294067383e-01 -3.255101442337036133e-01 -9.699793905019760132e-02 -7.654559612274169922e-01 -6.361358761787414551e-01 1.156882405281066895e+00 0.000000000000000000e+00 0.000000000000000000e+00 0.000000000000000000e+00 1.000000000000000000e+00
8.916753530502319336e-01 2.163553833961486816e-01 -3.976251780986785889e-01 2.517705559730529785e-01 4.419111311435699463e-01 -6.064600944519042969e-01 6.609999537467956543e-01 -3.270128369331359863e-01 -9.813290834426879883e-02 -7.651122808456420898e-01 -6.363751292228698730e-01 1.157077908515930176e+00 0.000000000000000000e+00 0.000000000000000000e+00 0.000000000000000000e+00 1.000000000000000000e+00
8.907792568206787109e-01 2.168229520320892334e-01 -3.993751108646392822e-01 2.552253305912017822e-01 4.434621036052703857e-01 -6.067228317260742188e-01 6.597188115119934082e-01 -3.285155296325683594e-01 -9.926781058311462402e-02 -7.647715210914611816e-01 -6.366087198257446289e-01 1.157273530960083008e+00 0.000000000000000000e+00 0.000000000000000000e+00 0.000000000000000000e+00 1.000000000000000000e+00
8.898910284042358398e-01 2.172744870185852051e-01 -4.011062383651733398e-01 2.586804330348968506e-01 4.449874758720397949e-01 -6.069871783256530762e-01 6.584473252296447754e-01 -3.300184011459350586e-01 -1.004025563597679138e-01 -7.644335031509399414e-01 -6.368366479873657227e-01 1.157469153404235840e+00 0.000000000000000000e+00 0.000000000000000000e+00 0.000000000000000000e+00 1.000000000000000000e+00
8.890105485916137695e-01 2.177101522684097290e-01 -4.028187990188598633e-01 2.621355950832366943e-01 4.464874267578125000e-01 -6.072530746459960938e-01 6.571855545043945312e-01 -3.315212130546569824e-01 -1.015370115637779236e-01 -7.640983462333679199e-01 -6.370589733123779297e-01 1.157664775848388672e+00 0.000000000000000000e+00 0.000000000000000000e+00 0.000000000000000000e+00 1.000000000000000000e+00
8.881379365921020508e-01 2.181301563978195190e-01 -4.045129418373107910e-01 2.655905187129974365e-01 4.479623138904571533e-01 -6.075205802917480469e-01 6.559334397315979004e-01 -3.330240249633789062e-01 -1.026710718870162964e-01 -7.637658119201660156e-01 -6.372759342193603516e-01 1.157860279083251953e+00 0.000000000000000000e+00 0.000000000000000000e+00 0.000000000000000000e+00 1.000000000000000000e+00
8.872731924057006836e-01 2.185346931219100952e-01 -4.061887860298156738e-01 2.689451873302459717e-01 4.494123160839080811e-01 -6.077896356582641602e-01 6.546911001205444336e-01 -3.347400426864624023e-01 -1.038046479225158691e-01 -7.634360790252685547e-01 -6.374874114990234375e-01 1.158039450645446777e+00 0.000000000000000000e+00 0.000000000000000000e+00 0.000000000000000000e+00 1.000000000000000000e+00
8.864164352416992188e-01 2.189238369464874268e-01 -4.078465998172760010e-01 2.722925245761871338e-01 4.508377313613891602e-01 -6.080602407455444336e-01 6.534587144851684570e-01 -3.364712595939636230e-01 -1.049376353621482849e-01 -7.631090283393859863e-01 -6.376934647560119629e-01 1.158217430114746094e+00 0.000000000000000000e+00 0.000000000000000000e+00 0.000000000000000000e+00 1.000000000000000000e+00
8.855674862861633301e-01 2.192978858947753906e-01 -4.094863831996917725e-01 2.756396532058715820e-01 4.522387981414794922e-01 -6.083324551582336426e-01 6.522360444068908691e-01 -3.382022380828857422e-01 -1.060698777437210083e-01 -7.627846002578735352e-01 -6.378942131996154785e-01 1.158395290374755859e+00 0.000000000000000000e+00 0.000000000000000000e+00 0.000000000000000000e+00 1.000000000000000000e+00
8.847265839576721191e-01 2.196568548679351807e-01 -4.111083745956420898e-01 2.789871990680694580e-01 4.536156952381134033e-01 -6.086061000823974609e-01 6.510235071182250977e-01 -3.399335145950317383e-01 -1.072013080120086670e-01 -7.624629735946655273e-01 -6.380895376205444336e-01 1.158573269844055176e+00 0.000000000000000000e+00 0.000000000000000000e+00 0.000000000000000000e+00 1.000000000000000000e+00
8.838937282562255859e-01 2.200011461973190308e-01 -4.127127826213836670e-01 2.823347151279449463e-01 4.549688696861267090e-01 -6.088813543319702148e-01 6.498207449913024902e-01 -3.416647315025329590e-01 -1.083318367600440979e-01 -7.621438503265380859e-01 -6.382798552513122559e-01 1.158751249313354492e+00 0.000000000000000000e+00 0.000000000000000000e+00 0.000000000000000000e+00 1.000000000000000000e+00
8.830688595771789551e-01 2.203307449817657471e-01 -4.142996966838836670e-01 2.856820523738861084e-01 4.562983512878417969e-01 -6.091581583023071289e-01 6.486280560493469238e-01 -3.433958888053894043e-01 -1.094613373279571533e-01 -7.618274092674255371e-01 -6.384649276733398438e-01 1.158929109573364258e+00 0.000000000000000000e+00 0.000000000000000000e+00 0.000000000000000000e+00 1.000000000000000000e+00
8.822519779205322266e-01 2.206459045410156250e-01 -4.158692657947540283e-01 2.890295386314392090e-01 4.576045572757720947e-01 -6.094363331794738770e-01 6.474454998970031738e-01 -3.451271653175354004e-01 -1.105896905064582825e-01 -7.615136504173278809e-01 -6.386448144912719727e-01 1.159107089042663574e+00 0.000000000000000000e+00 0.000000000000000000e+00 0.000000000000000000e+00 1.000000000000000000e+00
8.814432024955749512e-01 2.209468185901641846e-01 -4.174216985702514648e-01 2.923766970634460449e-01 4.588875770568847656e-01 -6.097160577774047852e-01 6.462729573249816895e-01 -3.468582034111022949e-01 -1.117167994379997253e-01 -7.612023949623107910e-01 -6.388195753097534180e-01 1.159285068511962891e+00 0.000000000000000000e+00 0.000000000000000000e+00 0.000000000000000000e+00 1.000000000000000000e+00
8.806424140930175781e-01 2.212336659431457520e-01 -4.189570546150207520e-01 2.957240045070648193e-01 4.601478278636932373e-01 -6.099973320960998535e-01 6.451104283332824707e-01 -3.485893607139587402e-01 -1.128425598144531250e-01 -7.608937025070190430e-01 -6.389894485473632812e-01 1.159462928771972656e+00 0.000000000000000000e+00 0.000000000000000000e+00 0.000000000000000000e+00 1.000000000000000000e+00
8.798497319221496582e-01 2.215065956115722656e-01 -4.204755127429962158e-01 2.990715205669403076e-01 4.613853693008422852e-01 -6.102800369262695312e-01 6.439580917358398438e-01 -3.503205776214599609e-01 -1.139668449759483337e-01 -7.605875730514526367e-01 -6.391544342041015625e-01 1.159640908241271973e+00 0.000000000000000000e+00 0.000000000000000000e+00 0.000000000000000000e+00 1.000000000000000000e+00
8.790651559829711914e-01 2.217658162117004395e-01 -4.219772815704345703e-01 3.024190664291381836e-01 4.626006782054901123e-01 -6.105640530586242676e-01 6.428160071372985840e-01 -3.520518541336059570e-01 -1.150896027684211731e-01 -7.602839469909667969e-01 -6.393143534660339355e-01 1.159818887710571289e+00 0.000000000000000000e+00 0.000000000000000000e+00 0.000000000000000000e+00 1.000000000000000000e+00
8.782886266708374023e-01 2.220114320516586304e-01 -4.234624207019805908e-01 3.057663738727569580e-01 4.637937843799591064e-01 -6.108495593070983887e-01 6.416840553283691406e-01 -3.537829518318176270e-01 -1.162106767296791077e-01 -7.599828839302062988e-01 -6.394695043563842773e-01 1.159996867179870605e+00 0.000000000000000000e+00 0.000000000000000000e+00 0.000000000000000000e+00 1.000000000000000000e+00
8.775202035903930664e-01 2.222437262535095215e-01 -4.249310493469238281e-01 3.091135323047637939e-01 4.649651050567626953e-01 -6.111364364624023438e-01 6.405621767044067383e-01 -3.555140495300292969e-01 -1.173299700021743774e-01 -7.596843242645263672e-01 -6.396198272705078125e-01 1.160174727439880371e+00 0.000000000000000000e+00 0.000000000000000000e+00 0.000000000000000000e+00 1.000000000000000000e+00
8.767598867416381836e-01 2.224628925323486328e-01 -4.263835251331329346e-01 3.124610483646392822e-01 4.661147594451904297e-01 -6.114246249198913574e-01 6.394507288932800293e-01 -3.572453260421752930e-01 -1.184473857283592224e-01 -7.593882679939270020e-01 -6.397655606269836426e-01 1.160352706909179688e+00 0.000000000000000000e+00 0.000000000000000000e+00 0.000000000000000000e+00 1.000000000000000000e+00
8.760075569152832031e-01 2.226690351963043213e-01 -4.278197288513183594e-01 3.158083856105804443e-01 4.672430455684661865e-01 -6.117142438888549805e-01 6.383493542671203613e-01 -3.589764833450317383e-01 -1.195627972483634949e-01 -7.590945363044738770e-01 -6.399066448211669922e-01 1.160530686378479004e+00 0.000000000000000000e+00 0.000000000000000000e+00 0.000000000000000000e+00 1.000000000000000000e+00
8.752633333206176758e-01 2.228623330593109131e-01 -4.292398691177368164e-01 3.191558718681335449e-01 4.683502018451690674e-01 -6.120049953460693359e-01 6.372582316398620605e-01 -3.607077598571777344e-01 -1.206761226058006287e-01 -7.588033676147460938e-01 -6.400428414344787598e-01 1.160708665847778320e+00 0.000000000000000000e+00 0.000000000000000000e+00 0.000000000000000000e+00 1.000000000000000000e+00
8.745272159576416016e-01 2.230430692434310913e-01 -4.306442141532897949e-01 3.223992288112640381e-01 4.694364666938781738e-01 -6.122971773147583008e-01 6.361775398254394531e-01 -3.626261353492736816e-01 -1.217872127890586853e-01 -7.585145235061645508e-01 -6.401748061180114746e-01 1.160870909690856934e+00 0.000000000000000000e+00 0.000000000000000000e+00 0.000000000000000000e+00 1.000000000000000000e+00
8.737989664077758789e-01 2.232113033533096313e-01 -4.320327043533325195e-01 3.256224393844604492e-01 4.705020785331726074e-01 -6.125904321670532227e-01 6.351070404052734375e-01 -3.645802736282348633e-01 -1.228960305452346802e-01 -7.582281827926635742e-01 -6.403020620346069336e-01 1.161030173301696777e+00 0.000000000000000000e+00 0.000000000000000000e+00 0.000000000000000000e+00 1.000000000000000000e+00
8.730790615081787109e-01 2.233672887086868286e-01 -4.334055483341217041e-01 3.288455009460449219e-01 4.715472757816314697e-01 -6.128849387168884277e-01 6.340469121932983398e-01 -3.665342926979064941e-01 -1.240024343132972717e-01 -7.579441666603088379e-01 -6.404250264167785645e-01 1.161189436912536621e+00 0.000000000000000000e+00 0.000000000000000000e+00 0.000000000000000000e+00 1.000000000000000000e+00
8.723670840263366699e-01 2.235112190246582031e-01 -4.347629547119140625e-01 3.320688605308532715e-01 4.725723266601562500e-01 -6.131805777549743652e-01 6.329969167709350586e-01 -3.684884905815124512e-01 -1.251063197851181030e-01 -7.576625347137451172e-01 -6.405435800552368164e-01 1.161348700523376465e+00 0.000000000000000000e+00 0.000000000000000000e+00 0.000000000000000000e+00 1.000000000000000000e+00
8.716630935668945312e-01 2.236432433128356934e-01 -4.361049830913543701e-01 3.352922797203063965e-01 4.735774695873260498e-01 -6.134774088859558105e-01 6.319573521614074707e-01 -3.704426884651184082e-01 -1.262075752019882202e-01 -7.573832869529724121e-01 -6.406577825546264648e-01 1.161508083343505859e+00 0.000000000000000000e+00 0.000000000000000000e+00 0.000000000000000000e+00 1.000000000000000000e+00
8.709669709205627441e-01 2.237635403871536255e-01 -4.374317228794097900e-01 3.385155498981475830e-01 4.745628237724304199e-01 -6.137752532958984375e-01 6.309280991554260254e-01 -3.723968267440795898e-01 -1.273060590028762817e-01 -7.571064233779907227e-01 -6.407676935195922852e-01 1.161667346954345703e+00 0.000000000000000000e+00 0.000000000000000000e+00 0.000000000000000000e+00 1.000000000000000000e+00
8.702789545059204102e-01 2.238723784685134888e-01 -4.387434124946594238e-01 3.417389690876007080e-01 4.755287766456604004e-01 -6.140741109848022461e-01 6.299091577529907227e-01 -3.743510842323303223e-01 -1.284017413854598999e-01 -7.568318843841552734e-01 -6.408734917640686035e-01 1.161826610565185547e+00 0.000000000000000000e+00 0.000000000000000000e+00 0.000000000000000000e+00 1.000000000000000000e+00
8.695991039276123047e-01 2.239697873592376709e-01 -4.400400817394256592e-01 3.449619710445404053e-01 4.764756560325622559e-01 -6.143739819526672363e-01 6.289004683494567871e-01 -3.763050436973571777e-01 -1.294945031404495239e-01 -7.565596103668212891e-01 -6.409749984741210938e-01 1.161985874176025391e+00 0.000000000000000000e+00 0.000000000000000000e+00 0.000000000000000000e+00 1.000000000000000000e+00
8.689270615577697754e-01 2.240561097860336304e-01 -4.413218498229980469e-01 3.481851816177368164e-01 4.774034321308135986e-01 -6.146748661994934082e-01 6.279020309448242188e-01 -3.782591819763183594e-01 -1.305841952562332153e-01 -7.562896013259887695e-01 -6.410725712776184082e-01 1.162145137786865234e+00 0.000000000000000000e+00 0.000000000000000000e+00 0.000000000000000000e+00 1.000000000000000000e+00
8.682628870010375977e-01 2.241315245628356934e-01 -4.425888657569885254e-01 3.514086008071899414e-01 4.783124625682830811e-01 -6.149766445159912109e-01 6.269138455390930176e-01 -3.802134394645690918e-01 -1.316707134246826172e-01 -7.560218572616577148e-01 -6.411660909652709961e-01 1.162304520606994629e+00 0.000000000000000000e+00 0.000000000000000000e+00 0.000000000000000000e+00 1.000000000000000000e+00
8.676066398620605469e-01 2.241960763931274414e-01 -4.438413977622985840e-01 3.546320199966430664e-01 4.792030453681945801e-01 -6.152792572975158691e-01 6.259361505508422852e-01 -3.821676373481750488e-01 -1.327539980411529541e-01 -7.557564377784729004e-01 -6.412556171417236328e-01 1.162463784217834473e+00 0.000000000000000000e+00 0.000000000000000000e+00 0.000000000000000000e+00 1.000000000000000000e+00
8.669582605361938477e-01 2.242500483989715576e-01 -4.450793266296386719e-01 3.578552901744842529e-01 4.800752997398376465e-01 -6.155827045440673828e-01 6.249686479568481445e-01 -3.841217756271362305e-01 -1.338339149951934814e-01 -7.554932832717895508e-01 -6.413413286209106445e-01 1.162623047828674316e+00 0.000000000000000000e+00 0.000000000000000000e+00 0.000000000000000000e+00 1.000000000000000000e+00
8.663178086280822754e-01 2.242937088012695312e-01 -4.463028907775878906e-01 3.610783517360687256e-01 4.809295833110809326e-01 -6.158869862556457520e-01 6.240113377571105957e-01 -3.860757946968078613e-01 -1.349103301763534546e-01 -7.552322745323181152e-01 -6.414230465888977051e-01 1.162782311439514160e+00 0.000000000000000000e+00 0.000000000000000000e+00 0.000000000000000000e+00 1.000000000000000000e+00
8.656848669052124023e-01 2.243270874023437500e-01 -4.475121498107910156e-01 3.643017113208770752e-01 4.817659258842468262e-01 -6.161919236183166504e-01 6.230642795562744141e-01 -3.880299925804138184e-01 -1.359831988811492920e-01 -7.549735903739929199e-01 -6.415010690689086914e-01 1.162941575050354004e+00 0.000000000000000000e+00 0.000000000000000000e+00 0.000000000000000000e+00 1.000000000000000000e+00
8.650601506233215332e-01 2.243504673242568970e-01 -4.487073719501495361e-01 3.675249218940734863e-01 4.825848937034606934e-01 -6.164975762367248535e-01 6.221275925636291504e-01 -3.899841308593750000e-01 -1.370523869991302490e-01 -7.547171115875244141e-01 -6.415753960609436035e-01 1.163100957870483398e+00 0.000000000000000000e+00 0.000000000000000000e+00 0.000000000000000000e+00 1.000000000000000000e+00
8.644428849220275879e-01 2.243640273809432983e-01 -4.498884677886962891e-01 3.707483410835266113e-01 4.833864271640777588e-01 -6.168038845062255859e-01 6.212010979652404785e-01 -3.919383883476257324e-01 -1.381177604198455811e-01 -7.544627785682678223e-01 -6.416460275650024414e-01 1.163260221481323242e+00 0.000000000000000000e+00 0.000000000000000000e+00 0.000000000000000000e+00 1.000000000000000000e+00
8.638334274291992188e-01 2.243680059909820557e-01 -4.510557055473327637e-01 3.738879263401031494e-01 4.841709733009338379e-01 -6.171106696128845215e-01 6.202847957611083984e-01 -3.940216302871704102e-01 -1.391792744398117065e-01 -7.542106509208679199e-01 -6.417130231857299805e-01 1.163407802581787109e+00 0.000000000000000000e+00 0.000000000000000000e+00 0.000000000000000000e+00 1.000000000000000000e+00
8.632315993309020996e-01 2.243624776601791382e-01 -4.522090256214141846e-01 3.769707977771759033e-01 4.849384427070617676e-01 -6.174181103706359863e-01 6.193785071372985840e-01 -3.961913585662841797e-01 -1.402367949485778809e-01 -7.539606690406799316e-01 -6.417766213417053223e-01 1.163547515869140625e+00 0.000000000000000000e+00 0.000000000000000000e+00 0.000000000000000000e+00 1.000000000000000000e+00
8.626374006271362305e-01 2.243476808071136475e-01 -4.533488154411315918e-01 3.800538182258605957e-01 4.856894314289093018e-01 -6.177259683609008789e-01 6.184825897216796875e-01 -3.983612656593322754e-01 -1.412901878356933594e-01 -7.537128925323486328e-01 -6.418366432189941406e-01 1.163687229156494141e+00 0.000000000000000000e+00 0.000000000000000000e+00 0.000000000000000000e+00 1.000000000000000000e+00
8.620508909225463867e-01 2.243238687515258789e-01 -4.544748961925506592e-01 3.831370472908020020e-01 4.864239692687988281e-01 -6.180341839790344238e-01 6.175966858863830566e-01 -4.005313515663146973e-01 -1.423393785953521729e-01 -7.534672021865844727e-01 -6.418932676315307617e-01 1.163826942443847656e+00 0.000000000000000000e+00 0.000000000000000000e+00 0.000000000000000000e+00 1.000000000000000000e+00
8.614717721939086914e-01 2.242911905050277710e-01 -4.555875658988952637e-01 3.862200975418090820e-01 4.871422350406646729e-01 -6.183428764343261719e-01 6.167209148406982422e-01 -4.027012586593627930e-01 -1.433842480182647705e-01 -7.532236576080322266e-01 -6.419464945793151855e-01 1.163966655731201172e+00 0.000000000000000000e+00 0.000000000000000000e+00 0.000000000000000000e+00 1.000000000000000000e+00
8.609004020690917969e-01 2.242498546838760376e-01 -4.566868245601654053e-01 3.893032670021057129e-01 4.878447055816650391e-01 -6.186518669128417969e-01 6.158552169799804688e-01 -4.048713445663452148e-01 -1.444247364997863770e-01 -7.529821991920471191e-01 -6.419965028762817383e-01 1.164106369018554688e+00 0.000000000000000000e+00 0.000000000000000000e+00 0.000000000000000000e+00 1.000000000000000000e+00
8.603363037109375000e-01 2.241999208927154541e-01 -4.577728509902954102e-01 3.923864960670471191e-01 4.885313212871551514e-01 -6.189609766006469727e-01 6.149995326995849609e-01 -4.070414304733276367e-01 -1.454606950283050537e-01 -7.527428865432739258e-01 -6.420431137084960938e-01 1.164246201515197754e+00 0.000000000000000000e+00 0.000000000000000000e+00 0.000000000000000000e+00 1.000000000000000000e+00
8.597798347473144531e-01 2.241418361663818359e-01 -4.588457643985748291e-01 3.954693675041198730e-01 4.892025887966156006e-01 -6.192704439163208008e-01 6.141539812088012695e-01 -4.092112183570861816e-01 -1.464920341968536377e-01 -7.525057196617126465e-01 -6.420868039131164551e-01 1.164385914802551270e+00 0.000000000000000000e+00 0.000000000000000000e+00 0.000000000000000000e+00 1.000000000000000000e+00
8.592306375503540039e-01 2.240756154060363770e-01 -4.599055945873260498e-01 3.985524177551269531e-01 4.898585379123687744e-01 -6.195799708366394043e-01 6.133183836936950684e-01 -4.113811850547790527e-01 -1.475186347961425781e-01 -7.522705197334289551e-01 -6.421272754669189453e-01 1.164525628089904785e+00 0.000000000000000000e+00 0.000000000000000000e+00 0.000000000000000000e+00 1.000000000000000000e+00
8.586888313293457031e-01 2.240014821290969849e-01 -4.609524011611938477e-01 4.016355872154235840e-01 4.904994368553161621e-01 -6.198896765708923340e-01 6.124926805496215820e-01 -4.135511517524719238e-01 -1.485404074192047119e-01 -7.520375251770019531e-01 -6.421646475791931152e-01 1.164665341377258301e+00 0.000000000000000000e+00 0.000000000000000000e+00 0.000000000000000000e+00 1.000000000000000000e+00
8.581544160842895508e-01 2.239196449518203735e-01 -4.619864225387573242e-01 4.047186374664306641e-01 4.911254346370697021e-01 -6.201993823051452637e-01 6.116769313812255859e-01 -4.157210588455200195e-01 -1.495572328567504883e-01 -7.518064379692077637e-01 -6.421992182731628418e-01 1.164805054664611816e+00 0.000000000000000000e+00 0.000000000000000000e+00 0.000000000000000000e+00 1.000000000000000000e+00
8.576269149780273438e-01 2.238303720951080322e-01 -4.630077183246612549e-01 4.078018069267272949e-01 4.917368888854980469e-01 -6.205090880393981934e-01 6.108710169792175293e-01 -4.178910851478576660e-01 -1.505690068006515503e-01 -7.515774965286254883e-01 -6.422308683395385742e-01 1.164944767951965332e+00 0.000000000000000000e+00 0.000000000000000000e+00 0.000000000000000000e+00 1.000000000000000000e+00
8.571069240570068359e-01 2.237337082624435425e-01 -4.640163183212280273e-01 4.108847379684448242e-01 4.923340380191802979e-01 -6.208186745643615723e-01 6.100751161575317383e-01 -4.200609326362609863e-01 -1.515756398439407349e-01 -7.513506412506103516e-01 -6.422595381736755371e-01 1.165084481239318848e+00 0.000000000000000000e+00 0.000000000000000000e+00 0.000000000000000000e+00 1.000000000000000000e+00
8.565939664840698242e-01 2.236299216747283936e-01 -4.650123715400695801e-01 4.139679074287414551e-01 4.929170012474060059e-01 -6.211280822753906250e-01 6.092888116836547852e-01 -4.222310185432434082e-01 -1.525770425796508789e-01 -7.511256933212280273e-01 -6.422855257987976074e-01 1.165224194526672363e+00 0.000000000000000000e+00 0.000000000000000000e+00 0.000000000000000000e+00 1.000000000000000000e+00
8.560882210731506348e-01 2.235192507505416870e-01 -4.659959673881530762e-01 4.170508980751037598e-01 4.934860765933990479e-01 -6.214373111724853516e-01 6.085122823715209961e-01 -4.244009256362915039e-01 -1.535730957984924316e-01 -7.509028315544128418e-01 -6.423085927963256836e-01 1.165363907814025879e+00 0.000000000000000000e+00 0.000000000000000000e+00 0.000000000000000000e+00 1.000000000000000000e+00
8.555896282196044922e-01 2.234019041061401367e-01 -4.669672846794128418e-01 4.201341271400451660e-01 4.940415322780609131e-01 -6.217463612556457520e-01 6.077455282211303711e-01 -4.265710115432739258e-01 -1.545637100934982300e-01 -7.506819367408752441e-01 -6.423292756080627441e-01 1.165503621101379395e+00 0.000000000000000000e+00 0.000000000000000000e+00 0.000000000000000000e+00 1.000000000000000000e+00
8.550976514816284180e-01 2.232779562473297119e-01 -4.679263234138488770e-01 4.231791496276855469e-01 4.945833683013916016e-01 -6.220549345016479492e-01 6.069884896278381348e-01 -4.287914037704467773e-01 -1.555487215518951416e-01 -7.504630088806152344e-01 -6.423472166061401367e-01 1.165638446807861328e+00 0.000000000000000000e+00 0.000000000000000000e+00 0.000000000000000000e+00 1.000000000000000000e+00
8.546129465103149414e-01 2.231477797031402588e-01 -4.688732028007507324e-01 4.261063337326049805e-01 4.951122105121612549e-01 -6.223632693290710449e-01 6.062409877777099609e-01 -4.311681389808654785e-01 -1.565281301736831665e-01 -7.502461671829223633e-01 -6.423626542091369629e-01 1.165757775306701660e+00 0.000000000000000000e+00 0.000000000000000000e+00 0.000000000000000000e+00 1.000000000000000000e+00
8.541351556777954102e-01 2.230114042758941650e-01 -4.698079526424407959e-01 4.290339350700378418e-01 4.956277906894683838e-01 -6.226710677146911621e-01 6.055031418800354004e-01 -4.335451126098632812e-01 -1.575017422437667847e-01 -7.500312924385070801e-01 -6.423756480216979980e-01 1.165877223014831543e+00 0.000000000000000000e+00 0.000000000000000000e+00 0.000000000000000000e+00 1.000000000000000000e+00
8.536640405654907227e-01 2.228691279888153076e-01 -4.707307219505310059e-01 4.319615364074707031e-01 4.961306452751159668e-01 -6.229783892631530762e-01 6.047747731208801270e-01 -4.359220862388610840e-01 -1.584694683551788330e-01 -7.498183250427246094e-01 -6.423862576484680176e-01 1.165996551513671875e+00 0.000000000000000000e+00 0.000000000000000000e+00 0.000000000000000000e+00 1.000000000000000000e+00
8.531997203826904297e-01 2.227212190628051758e-01 -4.716416299343109131e-01 4.348888993263244629e-01 4.966209828853607178e-01 -6.232851147651672363e-01 6.040557622909545898e-01 -4.382989406585693359e-01 -1.594312041997909546e-01 -7.496073246002197266e-01 -6.423944234848022461e-01 1.166115999221801758e+00 0.000000000000000000e+00 0.000000000000000000e+00 0.000000000000000000e+00 1.000000000000000000e+00
8.527422547340393066e-01 2.225676774978637695e-01 -4.725406467914581299e-01 4.378164410591125488e-01 4.970988929271697998e-01 -6.235911846160888672e-01 6.033463478088378906e-01 -4.406758546829223633e-01 -1.603869050741195679e-01 -7.493981719017028809e-01 -6.424005031585693359e-01 1.166235327720642090e+00 0.000000000000000000e+00 0.000000000000000000e+00 0.000000000000000000e+00 1.000000000000000000e+00
8.522912859916687012e-01 2.224088460206985474e-01 -4.734281301498413086e-01 4.407438635826110840e-01 4.975646734237670898e-01 -6.238967180252075195e-01 6.026462912559509277e-01 -4.430527091026306152e-01 -1.613364219665527344e-01 -7.491912245750427246e-01 -6.424043178558349609e-01 1.166354656219482422e+00 0.000000000000000000e+00 0.000000000000000000e+00 0.000000000000000000e+00 1.000000000000000000e+00
8.518470525741577148e-01 2.222449183464050293e-01 -4.743039906024932861e-01 4.436712265014648438e-01 4.980185925960540771e-01 -6.242012381553649902e-01 6.019554734230041504e-01 -4.454295039176940918e-01 -1.622796356678009033e-01 -7.489859461784362793e-01 -6.424059271812438965e-01 1.166474103927612305e+00 0.000000000000000000e+00 0.000000000000000000e+00 0.000000000000000000e+00 1.000000000000000000e+00
8.514092564582824707e-01 2.220760285854339600e-01 -4.751682281494140625e-01 4.465986490249633789e-01 4.984607398509979248e-01 -6.245051026344299316e-01 6.012739539146423340e-01 -4.478062987327575684e-01 -1.632164865732192993e-01 -7.487827539443969727e-01 -6.424054503440856934e-01 1.166593432426452637e+00 0.000000000000000000e+00 0.000000000000000000e+00 0.000000000000000000e+00 1.000000000000000000e+00
8.509778976440429688e-01 2.219025343656539917e-01 -4.760209619998931885e-01 4.495262503623962402e-01 4.988913834095001221e-01 -6.248081922531127930e-01 6.006016135215759277e-01 -4.501832723617553711e-01 -1.641467958688735962e-01 -7.485813498497009277e-01 -6.424031257629394531e-01 1.166712880134582520e+00 0.000000000000000000e+00 0.000000000000000000e+00 0.000000000000000000e+00 1.000000000000000000e+00
8.505532145500183105e-01 2.217244952917098999e-01 -4.768624901771545410e-01 4.524536132812500000e-01 4.993109405040740967e-01 -6.251100897789001465e-01 5.999383926391601562e-01 -4.525600671768188477e-01 -1.650705635547637939e-01 -7.483819723129272461e-01 -6.423987746238708496e-01 1.166832208633422852e+00 0.000000000000000000e+00 0.000000000000000000e+00 0.000000000000000000e+00 1.000000000000000000e+00
8.501347899436950684e-01 2.215421497821807861e-01 -4.776926636695861816e-01 4.553811550140380859e-01 4.997193515300750732e-01 -6.254112124443054199e-01 5.992843508720397949e-01 -4.549370408058166504e-01 -1.659876555204391479e-01 -7.481845617294311523e-01 -6.423924565315246582e-01 1.166951656341552734e+00 0.000000000000000000e+00 0.000000000000000000e+00 0.000000000000000000e+00 1.000000000000000000e+00
8.497226834297180176e-01 2.213557213544845581e-01 -4.785117208957672119e-01 4.583083987236022949e-01 5.001170039176940918e-01 -6.257111430168151855e-01 5.986391305923461914e-01 -4.573137760162353516e-01 -1.668979078531265259e-01 -7.479889988899230957e-01 -6.423844695091247559e-01 1.167070984840393066e+00 0.000000000000000000e+00 0.000000000000000000e+00 0.000000000000000000e+00 1.000000000000000000e+00
8.493168354034423828e-01 2.211653143167495728e-01 -4.793195724487304688e-01 4.612359404563903809e-01 5.005039572715759277e-01 -6.260098814964294434e-01 5.980030298233032227e-01 -4.596906900405883789e-01 -1.678012907505035400e-01 -7.477952837944030762e-01 -6.423745751380920410e-01 1.167190313339233398e+00 0.000000000000000000e+00 0.000000000000000000e+00 0.000000000000000000e+00 1.000000000000000000e+00
8.489170670509338379e-01 2.209713310003280640e-01 -4.801164269447326660e-01 4.641633629798889160e-01 5.008805394172668457e-01 -6.263074874877929688e-01 5.973758101463317871e-01 -4.620674848556518555e-01 -1.686976552009582520e-01 -7.476033568382263184e-01 -6.423631906509399414e-01 1.167309761047363281e+00 0.000000000000000000e+00 0.000000000000000000e+00 0.000000000000000000e+00 1.000000000000000000e+00
8.485234975814819336e-01 2.207737714052200317e-01 -4.809023439884185791e-01 4.670909047126770020e-01 5.012469887733459473e-01 -6.266037225723266602e-01 5.967573523521423340e-01 -4.644445180892944336e-01 -1.695868968963623047e-01 -7.474133372306823730e-01 -6.423500776290893555e-01 1.167429089546203613e+00 0.000000000000000000e+00 0.000000000000000000e+00 0.000000000000000000e+00 1.000000000000000000e+00
8.481360673904418945e-01 2.205730378627777100e-01 -4.816774725914001465e-01 4.700183272361755371e-01 5.016035437583923340e-01 -6.268987059593200684e-01 5.961475968360900879e-01 -4.668213725090026855e-01 -1.704689711332321167e-01 -7.472252249717712402e-01 -6.423355340957641602e-01 1.167548537254333496e+00 0.000000000000000000e+00 0.000000000000000000e+00 0.000000000000000000e+00 1.000000000000000000e+00
8.477544188499450684e-01 2.203691154718399048e-01 -4.824417829513549805e-01 4.728065729141235352e-01 5.019502043724060059e-01 -6.271923780441284180e-01 5.955466628074645996e-01 -4.693583250045776367e-01 -1.713437139987945557e-01 -7.470389604568481445e-01 -6.423193812370300293e-01 1.167650699615478516e+00 0.000000000000000000e+00 0.000000000000000000e+00 0.000000000000000000e+00 1.000000000000000000e+00
8.473790287971496582e-01 2.201624363660812378e-01 -4.831953644752502441e-01 4.755639433860778809e-01 5.022875070571899414e-01 -6.274845004081726074e-01 5.949543118476867676e-01 -4.719316363334655762e-01 -1.722110509872436523e-01 -7.468547224998474121e-01 -6.423017978668212891e-01 1.167749166488647461e+00 0.000000000000000000e+00 0.000000000000000000e+00 0.000000000000000000e+00 1.000000000000000000e+00
8.470091819763183594e-01 2.199530899524688721e-01 -4.839384257793426514e-01 4.783212542533874512e-01 5.026155114173889160e-01 -6.277750730514526367e-01 5.943704843521118164e-01 -4.745050668716430664e-01 -1.730709075927734375e-01 -7.466719746589660645e-01 -6.422830224037170410e-01 1.167847514152526855e+00 0.000000000000000000e+00 0.000000000000000000e+00 0.000000000000000000e+00 1.000000000000000000e+00
8.466453552246093750e-01 2.197413444519042969e-01 -4.846708178520202637e-01 4.810784459114074707e-01 5.029343366622924805e-01 -6.280642151832580566e-01 5.937950611114501953e-01 -4.770782589912414551e-01 -1.739231199026107788e-01 -7.464913129806518555e-01 -6.422628760337829590e-01 1.167945861816406250e+00 0.000000000000000000e+00 0.000000000000000000e+00 0.000000000000000000e+00 1.000000000000000000e+00
8.462870121002197266e-01 2.195273041725158691e-01 -4.853928387165069580e-01 4.838358163833618164e-01 5.032442212104797363e-01 -6.283516287803649902e-01 5.932281613349914551e-01 -4.796515703201293945e-01 -1.747675687074661255e-01 -7.463124394416809082e-01 -6.422415375709533691e-01 1.168044328689575195e+00 0.000000000000000000e+00 0.000000000000000000e+00 0.000000000000000000e+00 1.000000000000000000e+00
8.459346294403076172e-01 2.193112373352050781e-01 -4.861044883728027344e-01 4.865928292274475098e-01 5.035456418991088867e-01 -6.286371946334838867e-01 5.926695466041564941e-01 -4.822247028350830078e-01 -1.756042689085006714e-01 -7.461352944374084473e-01 -6.422190070152282715e-01 1.168142676353454590e+00 0.000000000000000000e+00 0.000000000000000000e+00 0.000000000000000000e+00 1.000000000000000000e+00
8.455877304077148438e-01 2.190933376550674438e-01 -4.868057668209075928e-01 4.893500208854675293e-01 5.038384795188903809e-01 -6.289210319519042969e-01 5.921192765235900879e-01 -4.847979545593261719e-01 -1.764330416917800903e-01 -7.459600567817687988e-01 -6.421954631805419922e-01 1.168241024017333984e+00 0.000000000000000000e+00 0.000000000000000000e+00 0.000000000000000000e+00 1.000000000000000000e+00
8.452464342117309570e-01 2.188738882541656494e-01 -4.874968230724334717e-01 4.921073913574218750e-01 5.041231513023376465e-01 -6.292031407356262207e-01 5.915771126747131348e-01 -4.873712658882141113e-01 -1.772537678480148315e-01 -7.457866668701171875e-01 -6.421708464622497559e-01 1.168339490890502930e+00 0.000000000000000000e+00 0.000000000000000000e+00 0.000000000000000000e+00 1.000000000000000000e+00
8.449104428291320801e-01 2.186530977487564087e-01 -4.881777167320251465e-01 4.948647022247314453e-01 5.043997764587402344e-01 -6.294832825660705566e-01 5.910429954528808594e-01 -4.899445772171020508e-01 -1.780663877725601196e-01 -7.456150650978088379e-01 -6.421454548835754395e-01 1.168437838554382324e+00 0.000000000000000000e+00 0.000000000000000000e+00 0.000000000000000000e+00 1.000000000000000000e+00
8.445800542831420898e-01 2.184310257434844971e-01 -4.888484477996826172e-01 4.976218938827514648e-01 5.046685934066772461e-01 -6.297614574432373047e-01 5.905169844627380371e-01 -4.925178289413452148e-01 -1.788707524538040161e-01 -7.454451918601989746e-01 -6.421189308166503906e-01 1.168536186218261719e+00 0.000000000000000000e+00 0.000000000000000000e+00 0.000000000000000000e+00 1.000000000000000000e+00
8.442547917366027832e-01 2.182080447673797607e-01 -4.895093441009521484e-01 5.003792047500610352e-01 5.049298405647277832e-01 -6.300375461578369141e-01 5.899989008903503418e-01 -4.950911998748779297e-01 -1.796668022871017456e-01 -7.452772259712219238e-01 -6.420917510986328125e-01 1.168634653091430664e+00 0.000000000000000000e+00 0.000000000000000000e+00 0.000000000000000000e+00 1.000000000000000000e+00
8.439348936080932617e-01 2.179843187332153320e-01 -4.901603162288665771e-01 5.031362771987915039e-01 5.051836967468261719e-01 -6.303115487098693848e-01 5.894887447357177734e-01 -4.976642131805419922e-01 -1.804544478654861450e-01 -7.451109886169433594e-01 -6.420637965202331543e-01 1.168733000755310059e+00 0.000000000000000000e+00 0.000000000000000000e+00 0.000000000000000000e+00 1.000000000000000000e+00
8.436201810836791992e-01 2.177600562572479248e-01 -4.908013045787811279e-01 5.058934092521667480e-01 5.054303407669067383e-01 -6.305834650993347168e-01 5.889862775802612305e-01 -5.002374053001403809e-01 -1.812335252761840820e-01 -7.449464797973632812e-01 -6.420352458953857422e-01 1.168831348419189453e+00 0.000000000000000000e+00 0.000000000000000000e+00 0.000000000000000000e+00 1.000000000000000000e+00
8.433106541633605957e-01 2.175353616476058960e-01 -4.914324581623077393e-01 5.086507797241210938e-01 5.056700110435485840e-01 -6.308531165122985840e-01 5.884916782379150391e-01 -5.028107762336730957e-01 -1.820040196180343628e-01 -7.447838187217712402e-01 -6.420060396194458008e-01 1.168929815292358398e+00 0.000000000000000000e+00 0.000000000000000000e+00 0.000000000000000000e+00 1.000000000000000000e+00
8.430058956146240234e-01 2.173106819391250610e-01 -4.920540452003479004e-01 5.114080905914306641e-01 5.059030055999755859e-01 -6.311204433441162109e-01 5.880044698715209961e-01 -5.053842067718505859e-01 -1.827657222747802734e-01 -7.446228861808776855e-01 -6.419762969017028809e-01 1.169028162956237793e+00 0.000000000000000000e+00 0.000000000000000000e+00 0.000000000000000000e+00 1.000000000000000000e+00
8.427065610885620117e-01 2.170860171318054199e-01 -4.926659166812896729e-01 5.141653418540954590e-01 5.061295032501220703e-01 -6.313853859901428223e-01 5.875250101089477539e-01 -5.079573392868041992e-01 -1.835186332464218140e-01 -7.444638609886169434e-01 -6.419460177421569824e-01 1.169126510620117188e+00 0.000000000000000000e+00 0.000000000000000000e+00 0.000000000000000000e+00 1.000000000000000000e+00
8.424118757247924805e-01 2.168617248535156250e-01 -4.932681620121002197e-01 5.168577432632446289e-01 5.063496232032775879e-01 -6.316479444503784180e-01 5.870528817176818848e-01 -5.105953216552734375e-01 -1.842625886201858521e-01 -7.443062663078308105e-01 -6.419154405593872070e-01 1.169217348098754883e+00 0.000000000000000000e+00 0.000000000000000000e+00 0.000000000000000000e+00 1.000000000000000000e+00
8.421219587326049805e-01 2.166379541158676147e-01 -4.938610196113586426e-01 5.194313526153564453e-01 5.065636038780212402e-01 -6.319079995155334473e-01 5.865881443023681641e-01 -5.133530497550964355e-01 -1.849975138902664185e-01 -7.441506981849670410e-01 -6.418844461441040039e-01 1.169294238090515137e+00 0.000000000000000000e+00 0.000000000000000000e+00 0.000000000000000000e+00 1.000000000000000000e+00
8.418371081352233887e-01 2.164148390293121338e-01 -4.944443702697753906e-01 5.220049023628234863e-01 5.067716836929321289e-01 -6.321655511856079102e-01 5.861307978630065918e-01 -5.161105990409851074e-01 -1.857233345508575439e-01 -7.439968585968017578e-01 -6.418531537055969238e-01 1.169371128082275391e+00 0.000000000000000000e+00 0.000000000000000000e+00 0.000000000000000000e+00 1.000000000000000000e+00
8.415568470954895020e-01 2.161928415298461914e-01 -4.950183033943176270e-01 5.245786309242248535e-01 5.069741606712341309e-01 -6.324205398559570312e-01 5.856804251670837402e-01 -5.188683271408081055e-01 -1.864398717880249023e-01 -7.438448071479797363e-01 -6.418217420578002930e-01 1.169448018074035645e+00 0.000000000000000000e+00 0.000000000000000000e+00 0.000000000000000000e+00 1.000000000000000000e+00
8.412810564041137695e-01 2.159719616174697876e-01 -4.955830872058868408e-01 5.271522402763366699e-01 5.071711540222167969e-01 -6.326727867126464844e-01 5.852373838424682617e-01 -5.216260552406311035e-01 -1.871470659971237183e-01 -7.436944842338562012e-01 -6.417902112007141113e-01 1.169524908065795898e+00 0.000000000000000000e+00 0.000000000000000000e+00 0.000000000000000000e+00 1.000000000000000000e+00
8.410099744796752930e-01 2.157524526119232178e-01 -4.961384832859039307e-01 5.297256708145141602e-01 5.073627233505249023e-01 -6.329222917556762695e-01 5.848012566566467285e-01 -5.243834257125854492e-01 -1.878448426723480225e-01 -7.435457110404968262e-01 -6.417586207389831543e-01 1.169601798057556152e+00 0.000000000000000000e+00 0.000000000000000000e+00 0.000000000000000000e+00 1.000000000000000000e+00
8.407434225082397461e-01 2.155345678329467773e-01 -4.966847002506256104e-01 5.322992205619812012e-01 5.075492858886718750e-01 -6.331691145896911621e-01 5.843721628189086914e-01 -5.271409749984741211e-01 -1.885330528020858765e-01 -7.433989048004150391e-01 -6.417270302772521973e-01 1.169678688049316406e+00 0.000000000000000000e+00 0.000000000000000000e+00 0.000000000000000000e+00 1.000000000000000000e+00
8.404811024665832520e-01 2.153185904026031494e-01 -4.972219467163085938e-01 5.348728299140930176e-01 5.077311396598815918e-01 -6.334129571914672852e-01 5.839498043060302734e-01 -5.298987627029418945e-01 -1.892116218805313110e-01 -7.432537674903869629e-01 -6.416953802108764648e-01 1.169755578041076660e+00 0.000000000000000000e+00 0.000000000000000000e+00 0.000000000000000000e+00 1.000000000000000000e+00
8.402231931686401367e-01 2.151045352220535278e-01 -4.977501630783081055e-01 5.374463796615600586e-01 5.079081058502197266e-01 -6.336538195610046387e-01 5.835342407226562500e-01 -5.326562523841857910e-01 -1.898804455995559692e-01 -7.431102395057678223e-01 -6.416639089584350586e-01 1.169832468032836914e+00 0.000000000000000000e+00 0.000000000000000000e+00 0.000000000000000000e+00 1.000000000000000000e+00
8.399696946144104004e-01 2.148927748203277588e-01 -4.982693195343017578e-01 5.400201082229614258e-01 5.080807805061340332e-01 -6.338918209075927734e-01 5.831253528594970703e-01 -5.354139804840087891e-01 -1.905394643545150757e-01 -7.429684996604919434e-01 -6.416327357292175293e-01 1.169909358024597168e+00 0.000000000000000000e+00 0.000000000000000000e+00 0.000000000000000000e+00 1.000000000000000000e+00
8.397202491760253906e-01 2.146836221218109131e-01 -4.987796545028686523e-01 5.425937175750732422e-01 5.082492828369140625e-01 -6.341267824172973633e-01 5.827229022979736328e-01 -5.381717681884765625e-01 -1.911885142326354980e-01 -7.428284883499145508e-01 -6.416016817092895508e-01 1.169986367225646973e+00 0.000000000000000000e+00 0.000000000000000000e+00 0.000000000000000000e+00 1.000000000000000000e+00
8.394748568534851074e-01 2.144771516323089600e-01 -4.992811381816864014e-01 5.451670885086059570e-01 5.084135532379150391e-01 -6.343587040901184082e-01 5.823270678520202637e-01 -5.409291386604309082e-01 -1.918274909257888794e-01 -7.426902055740356445e-01 -6.415711641311645508e-01 1.170063138008117676e+00 0.000000000000000000e+00 0.000000000000000000e+00 0.000000000000000000e+00 1.000000000000000000e+00
8.392337560653686523e-01 2.142735570669174194e-01 -4.997738897800445557e-01 5.477406978607177734e-01 5.085742473602294922e-01 -6.345873475074768066e-01 5.819376111030578613e-01 -5.436866879463195801e-01 -1.924563348293304443e-01 -7.425536513328552246e-01 -6.415409445762634277e-01 1.170140027999877930e+00 0.000000000000000000e+00 0.000000000000000000e+00 0.000000000000000000e+00 1.000000000000000000e+00
8.389965295791625977e-01 2.140730619430541992e-01 -5.002578496932983398e-01 5.503143072128295898e-01 5.087311267852783203e-01 -6.348127126693725586e-01 5.815544128417968750e-01 -5.464444160461425781e-01 -1.930749565362930298e-01 -7.424187064170837402e-01 -6.415112018585205078e-01 1.170217037200927734e+00 0.000000000000000000e+00 0.000000000000000000e+00 0.000000000000000000e+00 1.000000000000000000e+00
8.387632369995117188e-01 2.138760238885879517e-01 -5.007331371307373047e-01 5.528879761695861816e-01 5.088846683502197266e-01 -6.350349783897399902e-01 5.811773538589477539e-01 -5.492021441459655762e-01 -1.936832219362258911e-01 -7.422855496406555176e-01 -6.414818763732910156e-01 1.170293927192687988e+00 0.000000000000000000e+00 0.000000000000000000e+00 0.000000000000000000e+00 1.000000000000000000e+00
8.385336399078369141e-01 2.136825919151306152e-01 -5.012000203132629395e-01 5.554615855216979980e-01 5.090351104736328125e-01 -6.352538466453552246e-01 5.808064341545104980e-01 -5.519596934318542480e-01 -1.942810118198394775e-01 -7.421540021896362305e-01 -6.414534449577331543e-01 1.170370817184448242e+00 0.000000000000000000e+00 0.000000000000000000e+00 0.000000000000000000e+00 1.000000000000000000e+00
8.383078575134277344e-01 2.134929150342941284e-01 -5.016582608222961426e-01 5.580349564552307129e-01 5.091823935508728027e-01 -6.354691982269287109e-01 5.804415345191955566e-01 -5.547171235084533691e-01 -1.948682665824890137e-01 -7.420242428779602051e-01 -6.414254307746887207e-01 1.170447707176208496e+00 0.000000000000000000e+00 0.000000000000000000e+00 0.000000000000000000e+00 1.000000000000000000e+00
8.380858302116394043e-01 2.133072316646575928e-01 -5.021080970764160156e-01 5.604342818260192871e-01 5.093269348144531250e-01 -6.356810927391052246e-01 5.800826549530029297e-01 -5.576267838478088379e-01 -1.954448521137237549e-01 -7.418960928916931152e-01 -6.413982510566711426e-01 1.170505166053771973e+00 0.000000000000000000e+00 0.000000000000000000e+00 0.000000000000000000e+00 1.000000000000000000e+00
8.378673791885375977e-01 2.131258547306060791e-01 -5.025495290756225586e-01 5.628123283386230469e-01 5.094689130783081055e-01 -6.358895301818847656e-01 5.797293782234191895e-01 -5.605556964874267578e-01 -1.960106790065765381e-01 -7.417695522308349609e-01 -6.413718461990356445e-01 1.170560121536254883e+00 0.000000000000000000e+00 0.000000000000000000e+00 0.000000000000000000e+00 1.000000000000000000e+00
8.376522064208984375e-01 2.129490673542022705e-01 -5.029826760292053223e-01 5.651900172233581543e-01 5.096085667610168457e-01 -6.360943913459777832e-01 5.793818235397338867e-01 -5.634843111038208008e-01 -1.965656280517578125e-01 -7.416447401046752930e-01 -6.413463354110717773e-01 1.170615196228027344e+00 0.000000000000000000e+00 0.000000000000000000e+00 0.000000000000000000e+00 1.000000000000000000e+00
8.374407887458801270e-01 2.127768397331237793e-01 -5.034075379371643066e-01 5.675678849220275879e-01 5.097459554672241211e-01 -6.362954974174499512e-01 5.790398716926574707e-01 -5.664128065109252930e-01 -1.971096992492675781e-01 -7.415215373039245605e-01 -6.413217782974243164e-01 1.170670270919799805e+00 0.000000000000000000e+00 0.000000000000000000e+00 0.000000000000000000e+00 1.000000000000000000e+00
8.372327685356140137e-01 2.126095443964004517e-01 -5.038241744041442871e-01 5.699455738067626953e-01 5.098814964294433594e-01 -6.364929080009460449e-01 5.787035226821899414e-01 -5.693414211273193359e-01 -1.976426690816879272e-01 -7.414000034332275391e-01 -6.412982344627380371e-01 1.170725345611572266e+00 0.000000000000000000e+00 0.000000000000000000e+00 0.000000000000000000e+00 1.000000000000000000e+00
8.370279073715209961e-01 2.124475091695785522e-01 -5.042327642440795898e-01 5.723233222961425781e-01 5.100153088569641113e-01 -6.366866230964660645e-01 5.783725976943969727e-01 -5.722699761390686035e-01 -1.981645077466964722e-01 -7.412802577018737793e-01 -6.412757635116577148e-01 1.170780420303344727e+00 0.000000000000000000e+00 0.000000000000000000e+00 0.000000000000000000e+00 1.000000000000000000e+00
8.368262648582458496e-01 2.122906744480133057e-01 -5.046331882476806641e-01 5.747010707855224609e-01 5.101472735404968262e-01 -6.368764638900756836e-01 5.780468583106994629e-01 -5.751985907554626465e-01 -1.986750811338424683e-01 -7.411619424819946289e-01 -6.412543654441833496e-01 1.170835375785827637e+00 0.000000000000000000e+00 0.000000000000000000e+00 0.000000000000000000e+00 1.000000000000000000e+00
8.366277813911437988e-01 2.121396362781524658e-01 -5.050256848335266113e-01 5.770791172981262207e-01 5.102781653404235840e-01 -6.370624899864196777e-01 5.777263641357421875e-01 -5.781274437904357910e-01 -1.991742700338363647e-01 -7.410455346107482910e-01 -6.412342190742492676e-01 1.170890450477600098e+00 0.000000000000000000e+00 0.000000000000000000e+00 0.000000000000000000e+00 1.000000000000000000e+00
8.364325761795043945e-01 2.119943052530288696e-01 -5.054101347923278809e-01 5.794568061828613281e-01 5.104078650474548340e-01 -6.372445225715637207e-01 5.774109959602355957e-01 -5.810560584068298340e-01 -1.996620297431945801e-01 -7.409305572509765625e-01 -6.412153840065002441e-01 1.170945525169372559e+00 0.000000000000000000e+00 0.000000000000000000e+00 0.000000000000000000e+00 1.000000000000000000e+00
8.362401723861694336e-01 2.118550240993499756e-01 -5.057867169380187988e-01 5.818346738815307617e-01 5.105365514755249023e-01 -6.374225616455078125e-01 5.771006941795349121e-01 -5.839846134185791016e-01 -2.001382112503051758e-01 -7.408172488212585449e-01 -6.411978602409362793e-01 1.171000599861145020e+00 0.000000000000000000e+00 0.000000000000000000e+00 0.000000000000000000e+00 1.000000000000000000e+00
8.360505104064941406e-01 2.117220610380172729e-01 -5.061555504798889160e-01 5.842123627662658691e-01 5.106645226478576660e-01 -6.375964283943176270e-01 5.767951607704162598e-01 -5.869131684303283691e-01 -2.006027102470397949e-01 -7.407055497169494629e-01 -6.411816477775573730e-01 1.171055555343627930e+00 0.000000000000000000e+00 0.000000000000000000e+00 0.000000000000000000e+00 1.000000000000000000e+00
8.358640670776367188e-01 2.115955650806427002e-01 -5.065165162086486816e-01 5.865901708602905273e-01 5.107920169830322266e-01 -6.377663016319274902e-01 5.764945149421691895e-01 -5.898417234420776367e-01 -2.010554969310760498e-01 -7.405955195426940918e-01 -6.411669850349426270e-01 1.171110630035400391e+00 0.000000000000000000e+00 0.000000000000000000e+00 0.000000000000000000e+00 1.000000000000000000e+00
8.356801271438598633e-01 2.114757895469665527e-01 -5.068696737289428711e-01 5.889678001403808594e-01 5.109189152717590332e-01 -6.379320025444030762e-01 5.761985182762145996e-01 -5.927703380584716797e-01 -2.014963775873184204e-01 -7.404870390892028809e-01 -6.411539316177368164e-01 1.171165704727172852e+00 0.000000000000000000e+00 0.000000000000000000e+00 0.000000000000000000e+00 1.000000000000000000e+00
8.354989886283874512e-01 2.113629877567291260e-01 -5.072153806686401367e-01 5.913458466529846191e-01 5.110460519790649414e-01 -6.380932927131652832e-01 5.759071111679077148e-01 -5.956992506980895996e-01 -2.019253522157669067e-01 -7.403800487518310547e-01 -6.411423683166503906e-01 1.171220779418945312e+00 0.000000000000000000e+00 0.000000000000000000e+00 0.000000000000000000e+00 1.000000000000000000e+00
8.353204727172851562e-01 2.112573087215423584e-01 -5.075533986091613770e-01 5.937236547470092773e-01 5.111730098724365234e-01 -6.382504105567932129e-01 5.756202936172485352e-01 -5.986278057098388672e-01 -2.023422122001647949e-01 -7.402747869491577148e-01 -6.411324739456176758e-01 1.171275854110717773e+00 0.000000000000000000e+00 0.000000000000000000e+00 0.000000000000000000e+00 1.000000000000000000e+00
8.351444005966186523e-01 2.111590504646301270e-01 -5.078838467597961426e-01 5.961014032363891602e-01 5.113002657890319824e-01 -6.384031772613525391e-01 5.753378272056579590e-01 -6.015563607215881348e-01 -2.027469128370285034e-01 -7.401712536811828613e-01 -6.411243677139282227e-01 1.171330928802490234e+00 0.000000000000000000e+00 0.000000000000000000e+00 0.000000000000000000e+00 1.000000000000000000e+00
8.349708318710327148e-01 2.110683917999267578e-01 -5.082067251205444336e-01 5.983824133872985840e-01 5.114279985427856445e-01 -6.385514140129089355e-01 5.750595927238464355e-01 -6.045582294464111328e-01 -2.031393498182296753e-01 -7.400690317153930664e-01 -6.411178708076477051e-01 1.171375632286071777e+00 0.000000000000000000e+00 0.000000000000000000e+00 0.000000000000000000e+00 1.000000000000000000e+00
8.347994089126586914e-01 2.109857201576232910e-01 -5.085224509239196777e-01 6.005538105964660645e-01 5.115564465522766113e-01 -6.386954188346862793e-01 5.747855901718139648e-01 -6.076432466506958008e-01 -2.035194039344787598e-01 -7.399685978889465332e-01 -6.411134600639343262e-01 1.171408653259277344e+00 0.000000000000000000e+00 0.000000000000000000e+00 0.000000000000000000e+00 1.000000000000000000e+00
8.346305489540100098e-01 2.109109610319137573e-01 -5.088306069374084473e-01 6.027250885963439941e-01 5.116856098175048828e-01 -6.388346552848815918e-01 5.745156407356262207e-01 -6.107282638549804688e-01 -2.038870155811309814e-01 -7.398694753646850586e-01 -6.411108970642089844e-01 1.171441674232482910e+00 0.000000000000000000e+00 0.000000000000000000e+00 0.000000000000000000e+00 1.000000000000000000e+00
8.344639539718627930e-01 2.108445912599563599e-01 -5.091314911842346191e-01 6.048967242240905762e-01 5.118160247802734375e-01 -6.389693617820739746e-01 5.742497444152832031e-01 -6.138136982917785645e-01 -2.042420506477355957e-01 -7.397722005844116211e-01 -6.411103010177612305e-01 1.171474695205688477e+00 0.000000000000000000e+00 0.000000000000000000e+00 0.000000000000000000e+00 1.000000000000000000e+00
8.342992067337036133e-01 2.107867598533630371e-01 -5.094252228736877441e-01 6.070677042007446289e-01 5.119477510452270508e-01 -6.390992999076843262e-01 5.739875435829162598e-01 -6.168984174728393555e-01 -2.045843750238418579e-01 -7.396762967109680176e-01 -6.411117911338806152e-01 1.171507716178894043e+00 0.000000000000000000e+00 0.000000000000000000e+00 0.000000000000000000e+00 1.000000000000000000e+00
8.341367244720458984e-01 2.107376754283905029e-01 -5.097116231918334961e-01 6.092393398284912109e-01 5.120807886123657227e-01 -6.392248272895812988e-01 5.737292170524597168e-01 -6.199837327003479004e-01 -2.049139887094497681e-01 -7.395820021629333496e-01 -6.411153674125671387e-01 1.171540737152099609e+00 0.000000000000000000e+00 0.000000000000000000e+00 0.000000000000000000e+00 1.000000000000000000e+00
8.339759111404418945e-01 2.106976807117462158e-01 -5.099909305572509766e-01 6.114106178283691406e-01 5.122155547142028809e-01 -6.393453478813171387e-01 5.734743475914001465e-01 -6.230688095092773438e-01 -2.052306532859802246e-01 -7.394891381263732910e-01 -6.411210298538208008e-01 1.171573758125305176e+00 0.000000000000000000e+00 0.000000000000000000e+00 0.000000000000000000e+00 1.000000000000000000e+00
8.338173031806945801e-01 2.106666862964630127e-01 -5.102632045745849609e-01 6.135818958282470703e-01 5.123521685600280762e-01 -6.394610404968261719e-01 5.732234120368957520e-01 -6.261538267135620117e-01 -2.055344283580780029e-01 -7.393979430198669434e-01 -6.411290764808654785e-01 1.171606779098510742e+00 0.000000000000000000e+00 0.000000000000000000e+00 0.000000000000000000e+00 1.000000000000000000e+00
8.336604833602905273e-01 2.106452286243438721e-01 -5.105283856391906738e-01 6.157532334327697754e-01 5.124908089637756348e-01 -6.395718455314636230e-01 5.729757547378540039e-01 -6.292389035224914551e-01 -2.058250457048416138e-01 -7.393081784248352051e-01 -6.411393284797668457e-01 1.171639800071716309e+00 0.000000000000000000e+00 0.000000000000000000e+00 0.000000000000000000e+00 1.000000000000000000e+00
8.335050940513610840e-01 2.106335461139678955e-01 -5.107867121696472168e-01 6.179245114326477051e-01 5.126318931579589844e-01 -6.396778225898742676e-01 5.727312564849853516e-01 -6.323239207267761230e-01 -2.061025351285934448e-01 -7.392199635505676270e-01 -6.411519646644592285e-01 1.171672821044921875e+00 0.000000000000000000e+00 0.000000000000000000e+00 0.000000000000000000e+00 1.000000000000000000e+00
8.333514928817749023e-01 2.106316089630126953e-01 -5.110380053520202637e-01 6.200958490371704102e-01 5.127753019332885742e-01 -6.397785544395446777e-01 5.724902153015136719e-01 -6.354089379310607910e-01 -2.063667327165603638e-01 -7.391330599784851074e-01 -6.411669254302978516e-01 1.171705842018127441e+00 0.000000000000000000e+00 0.000000000000000000e+00 0.000000000000000000e+00 1.000000000000000000e+00
8.331993818283081055e-01 2.106398940086364746e-01 -5.112825036048889160e-01 6.222674250602722168e-01 5.129212737083435059e-01 -6.398744583129882812e-01 5.722521543502807617e-01 -6.384944319725036621e-01 -2.066175341606140137e-01 -7.390477061271667480e-01 -6.411846280097961426e-01 1.171738862991333008e+00 0.000000000000000000e+00 0.000000000000000000e+00 0.000000000000000000e+00 1.000000000000000000e+00
8.330489397048950195e-01 2.106584459543228149e-01 -5.115201473236083984e-01 6.244386434555053711e-01 5.130702257156372070e-01 -6.399651169776916504e-01 5.720172524452209473e-01 -6.415794491767883301e-01 -2.068548351526260376e-01 -7.389639019966125488e-01 -6.412046551704406738e-01 1.171771764755249023e+00 0.000000000000000000e+00 0.000000000000000000e+00 0.000000000000000000e+00 1.000000000000000000e+00
8.328994512557983398e-01 2.106876820325851440e-01 -5.117511749267578125e-01 6.266099810600280762e-01 5.132221579551696777e-01 -6.400505900382995605e-01 5.717851519584655762e-01 -6.446644663810729980e-01 -2.070785611867904663e-01 -7.388815283775329590e-01 -6.412274241447448730e-01 1.171804785728454590e+00 0.000000000000000000e+00 0.000000000000000000e+00 0.000000000000000000e+00 1.000000000000000000e+00
8.327516913414001465e-01 2.107277065515518188e-01 -5.119754076004028320e-01 6.287813186645507812e-01 5.133775472640991211e-01 -6.401308774948120117e-01 5.715559124946594238e-01 -6.477495431900024414e-01 -2.072886228561401367e-01 -7.388007044792175293e-01 -6.412526965141296387e-01 1.171837806701660156e+00 0.000000000000000000e+00 0.000000000000000000e+00 0.000000000000000000e+00 1.000000000000000000e+00
8.326049447059631348e-01 2.107787430286407471e-01 -5.121929645538330078e-01 6.309525966644287109e-01 5.135362744331359863e-01 -6.402058601379394531e-01 5.713293552398681641e-01 -6.508345603942871094e-01 -2.074848562479019165e-01 -7.387211918830871582e-01 -6.412808299064636230e-01 1.171870827674865723e+00 0.000000000000000000e+00 0.000000000000000000e+00 0.000000000000000000e+00 1.000000000000000000e+00
8.324593305587768555e-01 2.108411490917205811e-01 -5.124040246009826660e-01 6.330968737602233887e-01 5.136986970901489258e-01 -6.402754187583923340e-01 5.711053013801574707e-01 -6.539372801780700684e-01 -2.076672464609146118e-01 -7.386431097984313965e-01 -6.413117647171020508e-01 1.171901106834411621e+00 0.000000000000000000e+00 0.000000000000000000e+00 0.000000000000000000e+00 1.000000000000000000e+00
8.323145508766174316e-01 2.109149396419525146e-01 -5.126084685325622559e-01 6.350529789924621582e-01 5.138647556304931641e-01 -6.403395533561706543e-01 5.708839297294616699e-01 -6.571637392044067383e-01 -2.078355699777603149e-01 -7.385663986206054688e-01 -6.413455605506896973e-01 1.171912074089050293e+00 0.000000000000000000e+00 0.000000000000000000e+00 0.000000000000000000e+00 1.000000000000000000e+00
8.321710228919982910e-01 2.110004425048828125e-01 -5.128064751625061035e-01 6.370087862014770508e-01 5.140350461006164551e-01 -6.403982043266296387e-01 5.706648230552673340e-01 -6.603897809982299805e-01 -2.079898566007614136e-01 -7.384911179542541504e-01 -6.413822174072265625e-01 1.171923041343688965e+00 0.000000000000000000e+00 0.000000000000000000e+00 0.000000000000000000e+00 1.000000000000000000e+00
8.320280909538269043e-01 2.110979557037353516e-01 -5.129981040954589844e-01 6.389645934104919434e-01 5.142095088958740234e-01 -6.404512524604797363e-01 5.704479813575744629e-01 -6.636159420013427734e-01 -2.081298828125000000e-01 -7.384172677993774414e-01 -6.414218544960021973e-01 1.171934008598327637e+00 0.000000000000000000e+00 0.000000000000000000e+00 0.000000000000000000e+00 1.000000000000000000e+00
8.318861722946166992e-01 2.112075984477996826e-01 -5.131832957267761230e-01 6.409205198287963867e-01 5.143884420394897461e-01 -6.404986977577209473e-01 5.702334046363830566e-01 -6.668419837951660156e-01 -2.082556635141372681e-01 -7.383447289466857910e-01 -6.414645314216613770e-01 1.171944975852966309e+00 0.000000000000000000e+00 0.000000000000000000e+00 0.000000000000000000e+00 1.000000000000000000e+00
8.317447900772094727e-01 2.113297283649444580e-01 -5.133621692657470703e-01 6.428762674331665039e-01 5.145720243453979492e-01 -6.405404210090637207e-01 5.700207948684692383e-01 -6.700681447982788086e-01 -2.083670049905776978e-01 -7.382734417915344238e-01 -6.415103077888488770e-01 1.171955943107604980e+00 0.000000000000000000e+00 0.000000000000000000e+00 0.000000000000000000e+00 1.000000000000000000e+00
8.316038846969604492e-01 2.114644050598144531e-01 -5.135349035263061523e-01 6.448320746421813965e-01 5.147603750228881836e-01 -6.405766010284423828e-01 5.698102116584777832e-01 -6.732941865921020508e-01 -2.084638625383377075e-01 -7.382037043571472168e-01 -6.415592432022094727e-01 1.171966910362243652e+00 0.000000000000000000e+00 0.000000000000000000e+00 0.000000000000000000e+00 1.000000000000000000e+00
8.314635157585144043e-01 2.116118967533111572e-01 -5.137012600898742676e-01 6.467881798744201660e-01 5.149535536766052246e-01 -6.406067609786987305e-01 5.696015357971191406e-01 -6.765207052230834961e-01 -2.085460573434829712e-01 -7.381352186203002930e-01 -6.416113972663879395e-01 1.171977877616882324e+00 0.000000000000000000e+00 0.000000000000000000e+00 0.000000000000000000e+00 1.000000000000000000e+00
8.313236236572265625e-01 2.117725908756256104e-01 -5.138615965843200684e-01 6.487439870834350586e-01 5.151522755622863770e-01 -6.406310796737670898e-01 5.693945288658142090e-01 -6.797467470169067383e-01 -2.086135894060134888e-01 -7.380679845809936523e-01 -6.416667103767395020e-01 1.171988844871520996e+00 0.000000000000000000e+00 0.000000000000000000e+00 0.000000000000000000e+00 1.000000000000000000e+00
8.311840295791625977e-01 2.119465172290802002e-01 -5.140156745910644531e-01 6.506996154785156250e-01 5.153561830520629883e-01 -6.406495571136474609e-01 5.691893100738525391e-01 -6.829724311828613281e-01 -2.086662650108337402e-01 -7.380021214485168457e-01 -6.417253613471984863e-01 1.171999812126159668e+00 0.000000000000000000e+00 0.000000000000000000e+00 0.000000000000000000e+00 1.000000000000000000e+00
8.310445547103881836e-01 2.121340632438659668e-01 -5.141637921333312988e-01 6.526556611061096191e-01 5.155657529830932617e-01 -6.406619548797607422e-01 5.689855217933654785e-01 -6.861989498138427734e-01 -2.087040245532989502e-01 -7.379373908042907715e-01 -6.417874693870544434e-01 1.172010779380798340e+00 0.000000000000000000e+00 0.000000000000000000e+00 0.000000000000000000e+00 1.000000000000000000e+00
8.309051394462585449e-01 2.123353332281112671e-01 -5.143058896064758301e-01 6.546114683151245117e-01 5.157809853553771973e-01 -6.406683921813964844e-01 5.687831044197082520e-01 -6.894250512123107910e-01 -2.087267488241195679e-01 -7.378740310668945312e-01 -6.418529748916625977e-01 1.172021746635437012e+00 0.000000000000000000e+00 0.000000000000000000e+00 0.000000000000000000e+00 1.000000000000000000e+00
8.307660222053527832e-01 2.125505805015563965e-01 -5.144419670104980469e-01 6.565673351287841797e-01 5.160022974014282227e-01 -6.406685709953308105e-01 5.685821175575256348e-01 -6.926511526107788086e-01 -2.087343484163284302e-01 -7.378118038177490234e-01 -6.419219970703125000e-01 1.172032594680786133e+00 0.000000000000000000e+00 0.000000000000000000e+00 0.000000000000000000e+00 1.000000000000000000e+00
8.306267261505126953e-01 2.127806246280670166e-01 -5.145716667175292969e-01 6.585233807563781738e-01 5.162298083305358887e-01 -6.406621932983398438e-01 5.683826804161071777e-01 -6.958775520324707031e-01 -2.087258100509643555e-01 -7.377510070800781250e-01 -6.419946551322937012e-01 1.172043561935424805e+00 0.000000000000000000e+00 0.000000000000000000e+00 0.000000000000000000e+00 1.000000000000000000e+00
8.304877877235412598e-01 2.130259573459625244e-01 -5.146943926811218262e-01 6.604789495468139648e-01 5.164636373519897461e-01 -6.406489610671997070e-01 5.681851506233215332e-01 -6.991033554077148438e-01 -2.087002992630004883e-01 -7.376917004585266113e-01 -6.420710682868957520e-01 1.172054529190063477e+00 0.000000000000000000e+00 0.000000000000000000e+00 0.000000000000000000e+00 1.000000000000000000e+00
8.303490281105041504e-01 2.132865190505981445e-01 -5.148102641105651855e-01 6.624347567558288574e-01 5.167037844657897949e-01 -6.406288743019104004e-01 5.679894685745239258e-01 -7.023293972015380859e-01 -2.086578905582427979e-01 -7.376338839530944824e-01 -6.421513557434082031e-01 1.172065496444702148e+00 0.000000000000000000e+00 0.000000000000000000e+00 0.000000000000000000e+00 1.000000000000000000e+00
8.302105665206909180e-01 2.135621309280395508e-01 -5.149193406105041504e-01 6.643908619880676270e-01 5.169501304626464844e-01 -6.406019926071166992e-01 5.677955150604248047e-01 -7.055558562278747559e-01 -2.085987776517868042e-01 -7.375774383544921875e-01 -6.422352790832519531e-01 1.172076463699340820e+00 0.000000000000000000e+00 0.000000000000000000e+00 0.000000000000000000e+00 1.000000000000000000e+00
8.300721645355224609e-01 2.138526886701583862e-01 -5.150216817855834961e-01 6.661465764045715332e-01 5.172025561332702637e-01 -6.405684351921081543e-01 5.676035881042480469e-01 -7.088942527770996094e-01 -2.085230797529220581e-01 -7.375224828720092773e-01 -6.423230767250061035e-01 1.172067761421203613e+00 0.000000000000000000e+00 0.000000000000000000e+00 0.000000000000000000e+00 1.000000000000000000e+00
8.299342393875122070e-01 2.141579240560531616e-01 -5.151171684265136719e-01 6.678795814514160156e-01 5.174610018730163574e-01 -6.405281424522399902e-01 5.674133896827697754e-01 -7.122452259063720703e-01 -2.084309756755828857e-01 -7.374688386917114258e-01 -6.424144506454467773e-01 1.172056794166564941e+00 0.000000000000000000e+00 0.000000000000000000e+00 0.000000000000000000e+00 1.000000000000000000e+00
8.297965526580810547e-01 2.144779264926910400e-01 -5.152060389518737793e-01 6.696128249168395996e-01 5.177256464958190918e-01 -6.404812932014465332e-01 5.672249794006347656e-01 -7.155966758728027344e-01 -2.083225995302200317e-01 -7.374165654182434082e-01 -6.425096392631530762e-01 1.172045826911926270e+00 0.000000000000000000e+00 0.000000000000000000e+00 0.000000000000000000e+00 1.000000000000000000e+00
8.296588659286499023e-01 2.148124575614929199e-01 -5.152882337570190430e-01 6.713457107543945312e-01 5.179961323738098145e-01 -6.404277086257934570e-01 5.670382976531982422e-01 -7.189474105834960938e-01 -2.081979811191558838e-01 -7.373655438423156738e-01 -6.426085233688354492e-01 1.172034859657287598e+00 0.000000000000000000e+00 0.000000000000000000e+00 0.000000000000000000e+00 1.000000000000000000e+00
8.295214772224426270e-01 2.151613235473632812e-01 -5.153637528419494629e-01 6.730787754058837891e-01 5.182725191116333008e-01 -6.403676867485046387e-01 5.668534636497497559e-01 -7.222983837127685547e-01 -2.080574035644531250e-01 -7.373159527778625488e-01 -6.427109837532043457e-01 1.172023892402648926e+00 0.000000000000000000e+00 0.000000000000000000e+00 0.000000000000000000e+00 1.000000000000000000e+00
8.293844461441040039e-01 2.155246138572692871e-01 -5.154327154159545898e-01 6.748120188713073730e-01 5.185548663139343262e-01 -6.403013467788696289e-01 5.666702389717102051e-01 -7.256498932838439941e-01 -2.079009562730789185e-01 -7.372676134109497070e-01 -6.428170204162597656e-01 1.172012925148010254e+00 0.000000000000000000e+00 0.000000000000000000e+00 0.000000000000000000e+00 1.000000000000000000e+00
8.292474150657653809e-01 2.159019261598587036e-01 -5.154953002929687500e-01 6.765450835227966309e-01 5.188428759574890137e-01 -6.402285695075988770e-01 5.664889812469482422e-01 -7.290009260177612305e-01 -2.077287584543228149e-01 -7.372204661369323730e-01 -6.429268717765808105e-01 1.172001957893371582e+00 0.000000000000000000e+00 0.000000000000000000e+00 0.000000000000000000e+00 1.000000000000000000e+00
8.291106224060058594e-01 2.162932753562927246e-01 -5.155512690544128418e-01 6.782780885696411133e-01 5.191366076469421387e-01 -6.401492953300476074e-01 5.663093328475952148e-01 -7.323520183563232422e-01 -2.075409293174743652e-01 -7.371745109558105469e-01 -6.430401206016540527e-01 1.171990990638732910e+00 0.000000000000000000e+00 0.000000000000000000e+00 0.000000000000000000e+00 1.000000000000000000e+00
8.289739489555358887e-01 2.166985273361206055e-01 -5.156008005142211914e-01 6.800111532211303711e-01 5.194360017776489258e-01 -6.400638222694396973e-01 5.661313533782958984e-01 -7.357030510902404785e-01 -2.073376476764678955e-01 -7.371297478675842285e-01 -6.431569457054138184e-01 1.171980023384094238e+00 0.000000000000000000e+00 0.000000000000000000e+00 0.000000000000000000e+00 1.000000000000000000e+00
8.288373947143554688e-01 2.171176224946975708e-01 -5.156440138816833496e-01 6.817442774772644043e-01 5.197409987449645996e-01 -6.399721503257751465e-01 5.659551024436950684e-01 -7.390540838241577148e-01 -2.071190476417541504e-01 -7.370861172676086426e-01 -6.432774662971496582e-01 1.171969056129455566e+00 0.000000000000000000e+00 0.000000000000000000e+00 0.000000000000000000e+00 1.000000000000000000e+00
8.287010192871093750e-01 2.175502479076385498e-01 -5.156809687614440918e-01 6.834772825241088867e-01 5.200515389442443848e-01 -6.398741006851196289e-01 5.657805800437927246e-01 -7.424051761627197266e-01 -2.068852335214614868e-01 -7.370434403419494629e-01 -6.434015035629272461e-01 1.171958088874816895e+00 0.000000000000000000e+00 0.000000000000000000e+00 0.000000000000000000e+00 1.000000000000000000e+00
8.285646438598632812e-01 2.179963886737823486e-01 -5.157115459442138672e-01 6.852105259895324707e-01 5.203674435615539551e-01 -6.397700309753417969e-01 5.656077265739440918e-01 -7.457566261291503906e-01 -2.066363841295242310e-01 -7.370019555091857910e-01 -6.435289978981018066e-01 1.171947121620178223e+00 0.000000000000000000e+00 0.000000000000000000e+00 0.000000000000000000e+00 1.000000000000000000e+00
8.284285664558410645e-01 2.184559553861618042e-01 -5.157357454299926758e-01 6.869435310363769531e-01 5.206888914108276367e-01 -6.396599411964416504e-01 5.654364228248596191e-01 -7.491076588630676270e-01 -2.063726186752319336e-01 -7.369615435600280762e-01 -6.436599493026733398e-01 1.171936154365539551e+00 0.000000000000000000e+00 0.000000000000000000e+00 0.000000000000000000e+00 1.000000000000000000e+00
8.282924890518188477e-01 2.189287096261978149e-01 -5.157538652420043945e-01 6.886765956878662109e-01 5.210155844688415527e-01 -6.395437717437744141e-01 5.652669668197631836e-01 -7.524586915969848633e-01 -2.060940563678741455e-01 -7.369221448898315430e-01 -6.437943577766418457e-01 1.171925187110900879e+00 0.000000000000000000e+00 0.000000000000000000e+00 0.000000000000000000e+00 1.000000000000000000e+00
8.281564116477966309e-01 2.194145917892456055e-01 -5.157657861709594727e-01 6.904096007347106934e-01 5.213474631309509277e-01 -6.394215822219848633e-01 5.650990009307861328e-01 -7.558097839355468750e-01 -2.058008462190628052e-01 -7.368834614753723145e-01 -6.439323425292968750e-01 1.171914219856262207e+00 0.000000000000000000e+00 0.000000000000000000e+00 0.000000000000000000e+00 1.000000000000000000e+00
8.280206322669982910e-01 2.199134230613708496e-01 -5.157715082168579102e-01 6.921427249908447266e-01 5.216847062110900879e-01 -6.392934918403625488e-01 5.649326443672180176e-01 -7.591608166694641113e-01 -2.054931819438934326e-01 -7.368459105491638184e-01 -6.440734267234802246e-01 1.171903133392333984e+00 0.000000000000000000e+00 0.000000000000000000e+00 0.000000000000000000e+00 1.000000000000000000e+00
8.278847336769104004e-01 2.204251885414123535e-01 -5.157713294029235840e-01 6.936880946159362793e-01 5.220270752906799316e-01 -6.391595602035522461e-01 5.647680163383483887e-01 -7.626009583473205566e-01 -2.051711380481719971e-01 -7.368091940879821777e-01 -6.442181468009948730e-01 1.171874403953552246e+00 0.000000000000000000e+00 0.000000000000000000e+00 0.000000000000000000e+00 1.000000000000000000e+00
8.277488350868225098e-01 2.209496945142745972e-01 -5.157649517059326172e-01 6.951929330825805664e-01 5.223745107650756836e-01 -6.390198469161987305e-01 5.646048188209533691e-01 -7.660608291625976562e-01 -2.048348337411880493e-01 -7.367733716964721680e-01 -6.443661451339721680e-01 1.171841740608215332e+00 0.000000000000000000e+00 0.000000000000000000e+00 0.000000000000000000e+00 1.000000000000000000e+00
8.276128768920898438e-01 2.214866876602172852e-01 -5.157525539398193359e-01 6.966976523399353027e-01 5.227267742156982422e-01 -6.388743519783020020e-01 5.644434094429016113e-01 -7.695202827453613281e-01 -2.044844329357147217e-01 -7.367383241653442383e-01 -6.445174813270568848e-01 1.171809196472167969e+00 0.000000000000000000e+00 0.000000000000000000e+00 0.000000000000000000e+00 1.000000000000000000e+00
8.274770975112915039e-01 2.220361828804016113e-01 -5.157343745231628418e-01 6.982023715972900391e-01 5.230842232704162598e-01 -6.387230753898620605e-01 5.642835497856140137e-01 -7.729797363281250000e-01 -2.041201293468475342e-01 -7.367039322853088379e-01 -6.446721553802490234e-01 1.171776533126831055e+00 0.000000000000000000e+00 0.000000000000000000e+00 0.000000000000000000e+00 1.000000000000000000e+00
8.273411989212036133e-01 2.225980609655380249e-01 -5.157101750373840332e-01 6.997070908546447754e-01 5.234465003013610840e-01 -6.385661959648132324e-01 5.641251206398010254e-01 -7.764391899108886719e-01 -2.037419676780700684e-01 -7.366706132888793945e-01 -6.448300480842590332e-01 1.171743988990783691e+00 0.000000000000000000e+00 0.000000000000000000e+00 0.000000000000000000e+00 1.000000000000000000e+00
8.272053003311157227e-01 2.231720536947250366e-01 -5.156800746917724609e-01 7.012118101119995117e-01 5.238134860992431641e-01 -6.384037137031555176e-01 5.639683604240417480e-01 -7.798987030982971191e-01 -2.033501416444778442e-01 -7.366377711296081543e-01 -6.449912786483764648e-01 1.171711325645446777e+00 0.000000000000000000e+00 0.000000000000000000e+00 0.000000000000000000e+00 1.000000000000000000e+00
8.270691633224487305e-01 2.237581610679626465e-01 -5.156441330909729004e-01 7.027165293693542480e-01 5.241852402687072754e-01 -6.382355690002441406e-01 5.638130307197570801e-01 -7.833581566810607910e-01 -2.029447108507156372e-01 -7.366054654121398926e-01 -6.451556086540222168e-01 1.171678662300109863e+00 0.000000000000000000e+00 0.000000000000000000e+00 0.000000000000000000e+00 1.000000000000000000e+00
8.269332647323608398e-01 2.243562340736389160e-01 -5.156025290489196777e-01 7.042213678359985352e-01 5.245618224143981934e-01 -6.380620598793029785e-01 5.636593699455261230e-01 -7.868180274963378906e-01 -2.025259584188461304e-01 -7.365740537643432617e-01 -6.453232169151306152e-01 1.171646118164062500e+00 0.000000000000000000e+00 0.000000000000000000e+00 0.000000000000000000e+00 1.000000000000000000e+00
8.267971277236938477e-01 2.249660938978195190e-01 -5.155551433563232422e-01 7.057259082794189453e-01 5.249428749084472656e-01 -6.378830671310424805e-01 5.635072588920593262e-01 -7.902770638465881348e-01 -2.020939141511917114e-01 -7.365429401397705078e-01 -6.454940438270568848e-01 1.171613454818725586e+00 0.000000000000000000e+00 0.000000000000000000e+00 0.000000000000000000e+00 1.000000000000000000e+00
8.266609907150268555e-01 2.255875915288925171e-01 -5.155019760131835938e-01 7.072306871414184570e-01 5.253284573554992676e-01 -6.376985907554626465e-01 5.633565783500671387e-01 -7.937369346618652344e-01 -2.016487121582031250e-01 -7.365125417709350586e-01 -6.456680297851562500e-01 1.171580791473388672e+00 0.000000000000000000e+00 0.000000000000000000e+00 0.000000000000000000e+00 1.000000000000000000e+00
8.265245556831359863e-01 2.262207269668579102e-01 -5.154432654380798340e-01 7.087354063987731934e-01 5.257186293601989746e-01 -6.375089287757873535e-01 5.632073879241943359e-01 -7.971963882446289062e-01 -2.011905163526535034e-01 -7.364826798439025879e-01 -6.458450555801391602e-01 1.171548247337341309e+00 0.000000000000000000e+00 0.000000000000000000e+00 0.000000000000000000e+00 1.000000000000000000e+00
8.263880610466003418e-01 2.268652170896530151e-01 -5.153788924217224121e-01 7.102401256561279297e-01 5.261131525039672852e-01 -6.373138427734375000e-01 5.630596876144409180e-01 -8.006558418273925781e-01 -2.007194459438323975e-01 -7.364531755447387695e-01 -6.460251212120056152e-01 1.171515583992004395e+00 0.000000000000000000e+00 0.000000000000000000e+00 0.000000000000000000e+00 1.000000000000000000e+00
8.262512683868408203e-01 2.275210767984390259e-01 -5.153089165687561035e-01 7.117448449134826660e-01 5.265120267868041992e-01 -6.371136307716369629e-01 5.629135370254516602e-01 -8.041153550148010254e-01 -2.002356648445129395e-01 -7.364242672920227051e-01 -6.462082862854003906e-01 1.171482920646667480e+00 0.000000000000000000e+00 0.000000000000000000e+00 0.000000000000000000e+00 1.000000000000000000e+00
8.261144757270812988e-01 2.281880527734756470e-01 -5.152334570884704590e-01 7.132495641708374023e-01 5.269151926040649414e-01 -6.369081139564514160e-01 5.627687573432922363e-01 -8.075747489929199219e-01 -1.997392922639846802e-01 -7.363955974578857422e-01 -6.463945508003234863e-01 1.171450376510620117e+00 0.000000000000000000e+00 0.000000000000000000e+00 0.000000000000000000e+00 1.000000000000000000e+00
8.259772062301635742e-01 2.288660705089569092e-01 -5.151525139808654785e-01 7.147542834281921387e-01 5.273225307464599609e-01 -6.366975307464599609e-01 5.626254677772521973e-01 -8.110342025756835938e-01 -1.992304325103759766e-01 -7.363673448562622070e-01 -6.465836763381958008e-01 1.171417713165283203e+00 0.000000000000000000e+00 0.000000000000000000e+00 0.000000000000000000e+00 1.000000000000000000e+00
8.258400559425354004e-01 2.295549511909484863e-01 -5.150660276412963867e-01 7.162591218948364258e-01 5.277341008186340332e-01 -6.364818215370178223e-01 5.624836087226867676e-01 -8.144941329956054688e-01 -1.987093240022659302e-01 -7.363393902778625488e-01 -6.467758417129516602e-01 1.171385049819946289e+00 0.000000000000000000e+00 0.000000000000000000e+00 0.000000000000000000e+00 1.000000000000000000e+00
8.257025480270385742e-01 2.302546054124832153e-01 -5.149742960929870605e-01 7.175480127334594727e-01 5.281497240066528320e-01 -6.362609863281250000e-01 5.623432397842407227e-01 -8.180388212203979492e-01 -1.981759965419769287e-01 -7.363115549087524414e-01 -6.469710469245910645e-01 1.171332716941833496e+00 0.000000000000000000e+00 0.000000000000000000e+00 0.000000000000000000e+00 1.000000000000000000e+00
8.255646824836730957e-01 2.309649288654327393e-01 -5.148771405220031738e-01 7.188205122947692871e-01 5.285693407058715820e-01 -6.360353231430053711e-01 5.622043013572692871e-01 -8.215900659561157227e-01 -1.976306289434432983e-01 -7.362840771675109863e-01 -6.471691131591796875e-01 1.171278834342956543e+00 0.000000000000000000e+00 0.000000000000000000e+00 0.000000000000000000e+00 1.000000000000000000e+00
8.254266381263732910e-01 2.316858023405075073e-01 -5.147746801376342773e-01 7.200930714607238770e-01 5.289929509162902832e-01 -6.358047723770141602e-01 5.620667338371276855e-01 -8.251411914825439453e-01 -1.970733702182769775e-01 -7.362569570541381836e-01 -6.473700404167175293e-01 1.171224951744079590e+00 0.000000000000000000e+00 0.000000000000000000e+00 0.000000000000000000e+00 1.000000000000000000e+00
8.252881169319152832e-01 2.324170023202896118e-01 -5.146669149398803711e-01 7.213657498359680176e-01 5.294202566146850586e-01 -6.355692744255065918e-01 5.619306564331054688e-01 -8.286924362182617188e-01 -1.965042799711227417e-01 -7.362297177314758301e-01 -6.475738883018493652e-01 1.171171188354492188e+00 0.000000000000000000e+00 0.000000000000000000e+00 0.000000000000000000e+00 1.000000000000000000e+00
8.251495361328125000e-01 2.331584692001342773e-01 -5.145539641380310059e-01 7.226383090019226074e-01 5.298516154289245605e-01 -6.353290081024169922e-01 5.617958307266235352e-01 -8.322435617446899414e-01 -1.959236264228820801e-01 -7.362027764320373535e-01 -6.477805376052856445e-01 1.171117305755615234e+00 0.000000000000000000e+00 0.000000000000000000e+00 0.000000000000000000e+00 1.000000000000000000e+00
8.250104188919067383e-01 2.339100688695907593e-01 -5.144358277320861816e-01 7.239109277725219727e-01 5.302866101264953613e-01 -6.350839734077453613e-01 5.616624951362609863e-01 -8.357951641082763672e-01 -1.953314542770385742e-01 -7.361757159233093262e-01 -6.479899883270263672e-01 1.171063423156738281e+00 0.000000000000000000e+00 0.000000000000000000e+00 0.000000000000000000e+00 1.000000000000000000e+00
8.248711228370666504e-01 2.346715927124023438e-01 -5.143125057220458984e-01 7.251834869384765625e-01 5.307252407073974609e-01 -6.348342299461364746e-01 5.615305304527282715e-01 -8.393464088439941406e-01 -1.947279274463653564e-01 -7.361487746238708496e-01 -6.482022404670715332e-01 1.171009540557861328e+00 0.000000000000000000e+00 0.000000000000000000e+00 0.000000000000000000e+00 1.000000000000000000e+00
8.247312903404235840e-01 2.354429811239242554e-01 -5.141840577125549316e-01 7.264561057090759277e-01 5.311674475669860840e-01 -6.345797777175903320e-01 5.613999366760253906e-01 -8.428975343704223633e-01 -1.941131353378295898e-01 -7.361217141151428223e-01 -6.484172344207763672e-01 1.170955657958984375e+00 0.000000000000000000e+00 0.000000000000000000e+00 0.000000000000000000e+00 1.000000000000000000e+00
8.245910406112670898e-01 2.362241894006729126e-01 -5.140505433082580566e-01 7.277286648750305176e-01 5.316132903099060059e-01 -6.343206763267517090e-01 5.612705349922180176e-01 -8.464487195014953613e-01 -1.934872865676879883e-01 -7.360947132110595703e-01 -6.486348509788513184e-01 1.170901894569396973e+00 0.000000000000000000e+00 0.000000000000000000e+00 0.000000000000000000e+00 1.000000000000000000e+00
8.244504928588867188e-01 2.370149493217468262e-01 -5.139120817184448242e-01 7.290012240409851074e-01 5.320625305175781250e-01 -6.340571641921997070e-01 5.611427426338195801e-01 -8.499999046325683594e-01 -1.928504556417465210e-01 -7.360676527023315430e-01 -6.488553285598754883e-01 1.170848011970520020e+00 0.000000000000000000e+00 0.000000000000000000e+00 0.000000000000000000e+00 1.000000000000000000e+00
8.243094682693481445e-01 2.378152161836624146e-01 -5.137685537338256836e-01 7.302737832069396973e-01 5.325152277946472168e-01 -6.337891817092895508e-01 5.610160231590270996e-01 -8.535510897636413574e-01 -1.922028511762619019e-01 -7.360403537750244141e-01 -6.490783095359802246e-01 1.170794129371643066e+00 0.000000000000000000e+00 0.000000000000000000e+00 0.000000000000000000e+00 1.000000000000000000e+00
8.241679668426513672e-01 2.386247366666793823e-01 -5.136201977729797363e-01 7.315465211868286133e-01 5.329712033271789551e-01 -6.335166692733764648e-01 5.608908534049987793e-01 -8.571026325225830078e-01 -1.915445327758789062e-01 -7.360129356384277344e-01 -6.493040323257446289e-01 1.170740246772766113e+00 0.000000000000000000e+00 0.000000000000000000e+00 0.000000000000000000e+00 1.000000000000000000e+00
8.240259885787963867e-01 2.394435405731201172e-01 -5.134668350219726562e-01 7.328189611434936523e-01 5.334304571151733398e-01 -6.332398653030395508e-01 5.607668161392211914e-01 -8.606538772583007812e-01 -1.908756941556930542e-01 -7.359852790832519531e-01 -6.495322585105895996e-01 1.170686364173889160e+00 0.000000000000000000e+00 0.000000000000000000e+00 0.000000000000000000e+00 1.000000000000000000e+00
8.238835930824279785e-01 2.402713894844055176e-01 -5.133087038993835449e-01 7.340914607048034668e-01 5.338928699493408203e-01 -6.329585909843444824e-01 5.606442689895629883e-01 -8.642046451568603516e-01 -1.901964396238327026e-01 -7.359573841094970703e-01 -6.497631669044494629e-01 1.170632600784301758e+00 0.000000000000000000e+00 0.000000000000000000e+00 0.000000000000000000e+00 1.000000000000000000e+00
8.237406015396118164e-01 2.411082237958908081e-01 -5.131457448005676270e-01 7.353641390800476074e-01 5.343585014343261719e-01 -6.326731443405151367e-01 5.605228543281555176e-01 -8.677562475204467773e-01 -1.895069032907485962e-01 -7.359291911125183105e-01 -6.499965786933898926e-01 1.170578718185424805e+00 0.000000000000000000e+00 0.000000000000000000e+00 0.000000000000000000e+00 1.000000000000000000e+00
8.235971331596374512e-01 2.419538348913192749e-01 -5.129779577255249023e-01 7.365775108337402344e-01 5.348271131515502930e-01 -6.323834657669067383e-01 5.604027509689331055e-01 -8.713263869285583496e-01 -1.888072341680526733e-01 -7.359004616737365723e-01 -6.502326130867004395e-01 1.170519590377807617e+00 0.000000000000000000e+00 0.000000000000000000e+00 0.000000000000000000e+00 1.000000000000000000e+00
8.234530091285705566e-01 2.428081035614013672e-01 -5.128055214881896973e-01 7.376158833503723145e-01 5.352986454963684082e-01 -6.320896148681640625e-01 5.602840185165405273e-01 -8.749525547027587891e-01 -1.880975812673568726e-01 -7.358716726303100586e-01 -6.504709124565124512e-01 1.170445084571838379e+00 0.000000000000000000e+00 0.000000000000000000e+00 0.000000000000000000e+00 1.000000000000000000e+00
8.233085274696350098e-01 2.436709403991699219e-01 -5.126283168792724609e-01 7.386543154716491699e-01 5.357732176780700684e-01 -6.317916512489318848e-01 5.601664781570434570e-01 -8.785791993141174316e-01 -1.873780637979507446e-01 -7.358422279357910156e-01 -6.507117748260498047e-01 1.170370578765869141e+00 0.000000000000000000e+00 0.000000000000000000e+00 0.000000000000000000e+00 1.000000000000000000e+00
8.231634497642517090e-01 2.445422708988189697e-01 -5.124465227127075195e-01 7.396926283836364746e-01 5.362506508827209473e-01 -6.314898133277893066e-01 5.600501894950866699e-01 -8.822050094604492188e-01 -1.866488307714462280e-01 -7.358124852180480957e-01 -6.509550213813781738e-01 1.170295953750610352e+00 0.000000000000000000e+00 0.000000000000000000e+00 0.000000000000000000e+00 1.000000000000000000e+00
8.230175971984863281e-01 2.454218566417694092e-01 -5.122601985931396484e-01 7.407309412956237793e-01 5.367308259010314941e-01 -6.311836838722229004e-01 5.599350929260253906e-01 -8.858312368392944336e-01 -1.859100013971328735e-01 -7.357820868492126465e-01 -6.512005925178527832e-01 1.170221447944641113e+00 0.000000000000000000e+00 0.000000000000000000e+00 0.000000000000000000e+00 1.000000000000000000e+00
8.228712081909179688e-01 2.463096678256988525e-01 -5.120691061019897461e-01 7.417694330215454102e-01 5.372136831283569336e-01 -6.308738589286804199e-01 5.598211884498596191e-01 -8.894578218460083008e-01 -1.851617246866226196e-01 -7.357510924339294434e-01 -6.514486670494079590e-01 1.170146942138671875e+00 0.000000000000000000e+00 0.000000000000000000e+00 0.000000000000000000e+00 1.000000000000000000e+00
8.227242231369018555e-01 2.472054958343505859e-01 -5.118736624717712402e-01 7.428078055381774902e-01 5.376991629600524902e-01 -6.305601596832275391e-01 5.597085952758789062e-01 -8.930840492248535156e-01 -1.844041496515274048e-01 -7.357197403907775879e-01 -6.516991257667541504e-01 1.170072317123413086e+00 0.000000000000000000e+00 0.000000000000000000e+00 0.000000000000000000e+00 1.000000000000000000e+00
8.225764632225036621e-01 2.481092363595962524e-01 -5.116736888885498047e-01 7.438461780548095703e-01 5.381872653961181641e-01 -6.302425861358642578e-01 5.595971345901489258e-01 -8.967102766036987305e-01 -1.836373656988143921e-01 -7.356876730918884277e-01 -6.519517898559570312e-01 1.169997811317443848e+00 0.000000000000000000e+00 0.000000000000000000e+00 0.000000000000000000e+00 1.000000000000000000e+00
8.224282860755920410e-01 2.490206509828567505e-01 -5.114691853523254395e-01 7.448845505714416504e-01 5.386778712272644043e-01 -6.299211978912353516e-01 5.594869256019592285e-01 -9.003365039825439453e-01 -1.828615814447402954e-01 -7.356547713279724121e-01 -6.522067785263061523e-01 1.169923305511474609e+00 0.000000000000000000e+00 0.000000000000000000e+00 0.000000000000000000e+00 1.000000000000000000e+00
8.222792148590087891e-01 2.499398887157440186e-01 -5.112604498863220215e-01 7.459228634834289551e-01 5.391709804534912109e-01 -6.295962929725646973e-01 5.593777894973754883e-01 -9.039626717567443848e-01 -1.820768862962722778e-01 -7.356213927268981934e-01 -6.524640917778015137e-01 1.169848680496215820e+00 0.000000000000000000e+00 0.000000000000000000e+00 0.000000000000000000e+00 1.000000000000000000e+00
8.221295475959777832e-01 2.508665621280670166e-01 -5.110472440719604492e-01 7.469611763954162598e-01 5.396664142608642578e-01 -6.292675733566284180e-01 5.592699050903320312e-01 -9.075888991355895996e-01 -1.812833994626998901e-01 -7.355871796607971191e-01 -6.527234911918640137e-01 1.169774174690246582e+00 0.000000000000000000e+00 0.000000000000000000e+00 0.000000000000000000e+00 1.000000000000000000e+00
8.219790458679199219e-01 2.518005967140197754e-01 -5.108298063278198242e-01 7.479997277259826660e-01 5.401640534400939941e-01 -6.289352178573608398e-01 5.591630935668945312e-01 -9.112155437469482422e-01 -1.804812848567962646e-01 -7.355521321296691895e-01 -6.529851555824279785e-01 1.169699549674987793e+00 0.000000000000000000e+00 0.000000000000000000e+00 0.000000000000000000e+00 1.000000000000000000e+00
8.218278884887695312e-01 2.527419924736022949e-01 -5.106080770492553711e-01 7.490381002426147461e-01 5.406640172004699707e-01 -6.285995841026306152e-01 5.590574145317077637e-01 -9.148417115211486816e-01 -1.796707063913345337e-01 -7.355163693428039551e-01 -6.532489657402038574e-01 1.169625043869018555e+00 0.000000000000000000e+00 0.000000000000000000e+00 0.000000000000000000e+00 1.000000000000000000e+00
8.216760158538818359e-01 2.536904811859130859e-01 -5.103820562362670898e-01 7.500764727592468262e-01 5.411661863327026367e-01 -6.282602548599243164e-01 5.589529275894165039e-01 -9.184679388999938965e-01 -1.788517683744430542e-01 -7.354797720909118652e-01 -6.535149812698364258e-01 1.169550538063049316e+00 0.000000000000000000e+00 0.000000000000000000e+00 0.000000000000000000e+00 1.000000000000000000e+00
8.215234279632568359e-01 2.546459734439849854e-01 -5.101518630981445312e-01 7.511147856712341309e-01 5.416705012321472168e-01 -6.279175281524658203e-01 5.588493943214416504e-01 -9.220941662788391113e-01 -1.780246496200561523e-01 -7.354420423507690430e-01 -6.537829637527465820e-01 1.169475913047790527e+00 0.000000000000000000e+00 0.000000000000000000e+00 0.000000000000000000e+00 1.000000000000000000e+00
8.213698863983154297e-01 2.556082904338836670e-01 -5.099175572395324707e-01 7.521531581878662109e-01 5.421766042709350586e-01 -6.275716423988342285e-01 5.587472319602966309e-01 -9.257203340530395508e-01 -1.771893799304962158e-01 -7.354035973548889160e-01 -6.540532708168029785e-01 1.169401407241821289e+00 0.000000000000000000e+00 0.000000000000000000e+00 0.000000000000000000e+00 1.000000000000000000e+00
8.212158083915710449e-01 2.565774917602539062e-01 -5.096791386604309082e-01 7.529993057250976562e-01 5.426850318908691406e-01 -6.272223591804504395e-01 5.586459040641784668e-01 -9.293946623802185059e-01 -1.763462424278259277e-01 -7.353641390800476074e-01 -6.543253660202026367e-01 1.169310450553894043e+00 0.000000000000000000e+00 0.000000000000000000e+00 0.000000000000000000e+00 1.000000000000000000e+00
8.210607767105102539e-01 2.575532197952270508e-01 -5.094367265701293945e-01 7.538031339645385742e-01 5.431950688362121582e-01 -6.268699169158935547e-01 5.585458278656005859e-01 -9.330799579620361328e-01 -1.754952669143676758e-01 -7.353236079216003418e-01 -6.545997858047485352e-01 1.169215917587280273e+00 0.000000000000000000e+00 0.000000000000000000e+00 0.000000000000000000e+00 1.000000000000000000e+00
8.209049105644226074e-01 2.585354149341583252e-01 -5.091902017593383789e-01 7.546069025993347168e-01 5.437070131301879883e-01 -6.265141367912292480e-01 5.584468245506286621e-01 -9.367647767066955566e-01 -1.746366024017333984e-01 -7.352818846702575684e-01 -6.548759937286376953e-01 1.169121265411376953e+00 0.000000000000000000e+00 0.000000000000000000e+00 0.000000000000000000e+00 1.000000000000000000e+00
8.207483887672424316e-01 2.595240771770477295e-01 -5.089397430419921875e-01 7.554106712341308594e-01 5.442208647727966309e-01 -6.261553764343261719e-01 5.583487153053283691e-01 -9.404496550559997559e-01 -1.737705022096633911e-01 -7.352393269538879395e-01 -6.551542282104492188e-01 1.169026732444763184e+00 0.000000000000000000e+00 0.000000000000000000e+00 0.000000000000000000e+00 1.000000000000000000e+00
8.205909729003906250e-01 2.605188786983489990e-01 -5.086853504180908203e-01 7.562143802642822266e-01 5.447363257408142090e-01 -6.257935166358947754e-01 5.582516789436340332e-01 -9.441345334053039551e-01 -1.728969514369964600e-01 -7.351954579353332520e-01 -6.554344296455383301e-01 1.168932199478149414e+00 0.000000000000000000e+00 0.000000000000000000e+00 0.000000000000000000e+00 1.000000000000000000e+00
8.204326629638671875e-01 2.615197896957397461e-01 -5.084269642829895020e-01 7.570180892944335938e-01 5.452532768249511719e-01 -6.254288554191589355e-01 5.581557154655456543e-01 -9.478194117546081543e-01 -1.720161586999893188e-01 -7.351506352424621582e-01 -6.557165384292602539e-01 1.168837547302246094e+00 0.000000000000000000e+00 0.000000000000000000e+00 0.000000000000000000e+00 1.000000000000000000e+00
8.202733993530273438e-01 2.625266909599304199e-01 -5.081648230552673340e-01 7.578219771385192871e-01 5.457718968391418457e-01 -6.250610351562500000e-01 5.580607056617736816e-01 -9.515046477317810059e-01 -1.711282432079315186e-01 -7.351043224334716797e-01 -6.560005545616149902e-01 1.168743014335632324e+00 0.000000000000000000e+00 0.000000000000000000e+00 0.000000000000000000e+00 1.000000000000000000e+00
8.201132416725158691e-01 2.635395526885986328e-01 -5.078988671302795410e-01 7.586257457733154297e-01 5.462920069694519043e-01 -6.246905922889709473e-01 5.579666495323181152e-01 -9.551895260810852051e-01 -1.702333539724349976e-01 -7.350570559501647949e-01 -6.562865376472473145e-01 1.168648362159729004e+00 0.000000000000000000e+00 0.000000000000000000e+00 0.000000000000000000e+00 1.000000000000000000e+00
8.199523091316223145e-01 2.645580768585205078e-01 -5.076291561126708984e-01 7.594293951988220215e-01 5.468136072158813477e-01 -6.243172287940979004e-01 5.578736066818237305e-01 -9.588739871978759766e-01 -1.693316549062728882e-01 -7.350082993507385254e-01 -6.565741896629333496e-01 1.168553829193115234e+00 0.000000000000000000e+00 0.000000000000000000e+00 0.000000000000000000e+00 1.000000000000000000e+00
8.197905421257019043e-01 2.655821442604064941e-01 -5.073556900024414062e-01 7.602332234382629395e-01 5.473365187644958496e-01 -6.239411830902099609e-01 5.577816367149353027e-01 -9.625592827796936035e-01 -1.684232801198959351e-01 -7.349583506584167480e-01 -6.568637490272521973e-01 1.168459296226501465e+00 0.000000000000000000e+00 0.000000000000000000e+00 0.000000000000000000e+00 1.000000000000000000e+00
8.196279406547546387e-01 2.666116654872894287e-01 -5.070784687995910645e-01 7.610369920730590820e-01 5.478608012199401855e-01 -6.235624551773071289e-01 5.576904416084289551e-01 -9.662441015243530273e-01 -1.675083190202713013e-01 -7.349068522453308105e-01 -6.571550965309143066e-01 1.168364644050598145e+00 0.000000000000000000e+00 0.000000000000000000e+00 0.000000000000000000e+00 1.000000000000000000e+00
8.194643855094909668e-01 2.676465511322021484e-01 -5.067976713180541992e-01 7.618408203125000000e-01 5.483862161636352539e-01 -6.231811046600341797e-01 5.576002597808837891e-01 -9.699289798736572266e-01 -1.665869653224945068e-01 -7.348542809486389160e-01 -6.574482321739196777e-01 1.168270111083984375e+00 0.000000000000000000e+00 0.000000000000000000e+00 0.000000000000000000e+00 1.000000000000000000e+00
8.192998766899108887e-01 2.686866521835327148e-01 -5.065131783485412598e-01 7.626445889472961426e-01 5.489128232002258301e-01 -6.227971911430358887e-01 5.575109720230102539e-01 -9.736142754554748535e-01 -1.656592935323715210e-01 -7.348000407218933105e-01 -6.577429771423339844e-01 1.168175458908081055e+00 0.000000000000000000e+00 0.000000000000000000e+00 0.000000000000000000e+00 1.000000000000000000e+00
8.191342949867248535e-01 2.697319388389587402e-01 -5.062252879142761230e-01 7.634483575820922852e-01 5.494406223297119141e-01 -6.224109530448913574e-01 5.574225187301635742e-01 -9.772991538047790527e-01 -1.647255122661590576e-01 -7.347445487976074219e-01 -6.580396294593811035e-01 1.168080925941467285e+00 0.000000000000000000e+00 0.000000000000000000e+00 0.000000000000000000e+00 1.000000000000000000e+00
8.189678192138671875e-01 2.707820534706115723e-01 -5.059337019920349121e-01 7.642520070075988770e-01 5.499692559242248535e-01 -6.220221519470214844e-01 5.573349595069885254e-01 -9.809836149215698242e-01 -1.637857109308242798e-01 -7.346873283386230469e-01 -6.583378314971923828e-01 1.167986392974853516e+00 0.000000000000000000e+00 0.000000000000000000e+00 0.000000000000000000e+00 1.000000000000000000e+00
8.188005685806274414e-01 2.718370258808135986e-01 -5.056387782096862793e-01 7.649030089378356934e-01 5.504990220069885254e-01 -6.216310262680053711e-01 5.572484135627746582e-01 -9.846968650817871094e-01 -1.628400683403015137e-01 -7.346287965774536133e-01 -6.586377620697021484e-01 1.167879223823547363e+00 0.000000000000000000e+00 0.000000000000000000e+00 0.000000000000000000e+00 1.000000000000000000e+00
8.186321854591369629e-01 2.728967666625976562e-01 -5.053403377532958984e-01 7.654732465744018555e-01 5.510296225547790527e-01 -6.212377548217773438e-01 5.571625828742980957e-01 -9.884244203567504883e-01 -1.618886590003967285e-01 -7.345687150955200195e-01 -6.589393019676208496e-01 1.167765259742736816e+00 0.000000000000000000e+00 0.000000000000000000e+00 0.000000000000000000e+00 1.000000000000000000e+00
8.184630870819091797e-01 2.739610671997070312e-01 -5.050384402275085449e-01 7.660436034202575684e-01 5.515610575675964355e-01 -6.208422780036926270e-01 5.570776462554931641e-01 -9.921520352363586426e-01 -1.609317064285278320e-01 -7.345069646835327148e-01 -6.592425704002380371e-01 1.167651414871215820e+00 0.000000000000000000e+00 0.000000000000000000e+00 0.000000000000000000e+00 1.000000000000000000e+00
8.182928562164306641e-01 2.750298082828521729e-01 -5.047332644462585449e-01 7.666139006614685059e-01 5.520933866500854492e-01 -6.204445958137512207e-01 5.569933056831359863e-01 -9.958800673484802246e-01 -1.599693149328231812e-01 -7.344435453414916992e-01 -6.595472097396850586e-01 1.167537569999694824e+00 0.000000000000000000e+00 0.000000000000000000e+00 0.000000000000000000e+00 1.000000000000000000e+00
8.181216716766357422e-01 2.761028409004211426e-01 -5.044247508049011230e-01 7.671840786933898926e-01 5.526263117790222168e-01 -6.200448274612426758e-01 5.569099187850952148e-01 -9.996072053909301758e-01 -1.590016037225723267e-01 -7.343783974647521973e-01 -6.598535776138305664e-01 1.167423725128173828e+00 0.000000000000000000e+00 0.000000000000000000e+00 0.000000000000000000e+00 1.000000000000000000e+00
8.179495930671691895e-01 2.771801352500915527e-01 -5.041130781173706055e-01 7.677544355392456055e-01 5.531598925590515137e-01 -6.196430921554565430e-01 5.568274259567260742e-01 -1.003334760665893555e+00 -1.580287218093872070e-01 -7.343118190765380859e-01 -6.601615548133850098e-01 1.167309880256652832e+00 0.000000000000000000e+00 0.000000000000000000e+00 0.000000000000000000e+00 1.000000000000000000e+00
8.177765011787414551e-01 2.782613933086395264e-01 -5.037980675697326660e-01 7.683247327804565430e-01 5.536940693855285645e-01 -6.192393302917480469e-01 5.567456483840942383e-01 -1.007062792778015137e+00 -1.570508331060409546e-01 -7.342432737350463867e-01 -6.604709029197692871e-01 1.167196035385131836e+00 0.000000000000000000e+00 0.000000000000000000e+00 0.000000000000000000e+00 1.000000000000000000e+00
8.176024556159973145e-01 2.793467044830322266e-01 -5.034798383712768555e-01 7.688950896263122559e-01 5.542287230491638184e-01 -6.188338994979858398e-01 5.566645264625549316e-01 -1.010790467262268066e+00 -1.560680419206619263e-01 -7.341732382774353027e-01 -6.607818007469177246e-01 1.167082190513610840e+00 0.000000000000000000e+00 0.000000000000000000e+00 0.000000000000000000e+00 1.000000000000000000e+00
8.174273371696472168e-01 2.804358601570129395e-01 -5.031585097312927246e-01 7.694653868675231934e-01 5.547639131546020508e-01 -6.184265017509460449e-01 5.565840601921081543e-01 -1.014518022537231445e+00 -1.550805121660232544e-01 -7.341009974479675293e-01 -6.610943078994750977e-01 1.166968345642089844e+00 0.000000000000000000e+00 0.000000000000000000e+00 0.000000000000000000e+00 1.000000000000000000e+00
8.172513246536254883e-01 2.815286815166473389e-01 -5.028341412544250488e-01 7.700356245040893555e-01 5.552994608879089355e-01 -6.180174946784973145e-01 5.565043687820434570e-01 -1.018245577812194824e+00 -1.540883779525756836e-01 -7.340273857116699219e-01 -6.614081263542175293e-01 1.166854500770568848e+00 0.000000000000000000e+00 0.000000000000000000e+00 0.000000000000000000e+00 1.000000000000000000e+00
8.170742988586425781e-01 2.826250791549682617e-01 -5.025066733360290527e-01 7.706059217453002930e-01 5.558353662490844727e-01 -6.176068186759948730e-01 5.564253330230712891e-01 -1.021973252296447754e+00 -1.530918031930923462e-01 -7.339516878128051758e-01 -6.617234349250793457e-01 1.166740655899047852e+00 0.000000000000000000e+00 0.000000000000000000e+00 0.000000000000000000e+00 1.000000000000000000e+00
8.168962597846984863e-01 2.837248742580413818e-01 -5.021761059761047363e-01 7.711761593818664551e-01 5.563713908195495605e-01 -6.171945333480834961e-01 5.563470125198364258e-01 -1.025700807571411133e+00 -1.520908623933792114e-01 -7.338742017745971680e-01 -6.620401740074157715e-01 1.166626811027526855e+00 0.000000000000000000e+00 0.000000000000000000e+00 0.000000000000000000e+00 1.000000000000000000e+00
8.167173862457275391e-01 2.848280072212219238e-01 -5.018426179885864258e-01 7.717465162277221680e-01 5.569077730178833008e-01 -6.167806386947631836e-01 5.562694072723388672e-01 -1.029428839683532715e+00 -1.510857939720153809e-01 -7.337946295738220215e-01 -6.623582243919372559e-01 1.166512966156005859e+00 0.000000000000000000e+00 0.000000000000000000e+00 0.000000000000000000e+00 1.000000000000000000e+00
8.165373206138610840e-01 2.859343886375427246e-01 -5.015062689781188965e-01 7.723168730735778809e-01 5.574442148208618164e-01 -6.163653731346130371e-01 5.561922192573547363e-01 -1.033156394958496094e+00 -1.500766277313232422e-01 -7.337134480476379395e-01 -6.626776456832885742e-01 1.166399002075195312e+00 0.000000000000000000e+00 0.000000000000000000e+00 0.000000000000000000e+00 1.000000000000000000e+00
8.163565993309020996e-01 2.870437502861022949e-01 -5.011668801307678223e-01 7.728870511054992676e-01 5.579807758331298828e-01 -6.159487962722778320e-01 5.561158061027526855e-01 -1.036883592605590820e+00 -1.490635871887207031e-01 -7.336301803588867188e-01 -6.629984974861145020e-01 1.166285276412963867e+00 0.000000000000000000e+00 0.000000000000000000e+00 0.000000000000000000e+00 1.000000000000000000e+00
8.161745071411132812e-01 2.881561815738677979e-01 -5.008246898651123047e-01 7.732769846916198730e-01 5.585172772407531738e-01 -6.155309081077575684e-01 5.560398101806640625e-01 -1.040633082389831543e+00 -1.480467915534973145e-01 -7.335447669029235840e-01 -6.633206605911254883e-01 1.166156888008117676e+00 0.000000000000000000e+00 0.000000000000000000e+00 0.000000000000000000e+00 1.000000000000000000e+00
8.159917593002319336e-01 2.892713248729705811e-01 -5.004796385765075684e-01 7.736163735389709473e-01 5.590538382530212402e-01 -6.151117682456970215e-01 5.559644103050231934e-01 -1.044388175010681152e+00 -1.470263898372650146e-01 -7.334574460983276367e-01 -6.636440753936767578e-01 1.166024684906005859e+00 0.000000000000000000e+00 0.000000000000000000e+00 0.000000000000000000e+00 1.000000000000000000e+00
8.158078193664550781e-01 2.903892695903778076e-01 -5.001319646835327148e-01 7.739557623863220215e-01 5.595902800559997559e-01 -6.146914958953857422e-01 5.558897256851196289e-01 -1.048143148422241211e+00 -1.460024714469909668e-01 -7.333680391311645508e-01 -6.639689803123474121e-01 1.165892362594604492e+00 0.000000000000000000e+00 0.000000000000000000e+00 0.000000000000000000e+00 1.000000000000000000e+00
8.156230449676513672e-01 2.915096879005432129e-01 -4.997814297676086426e-01 7.742952108383178711e-01 5.601264834403991699e-01 -6.142700910568237305e-01 5.558153986930847168e-01 -1.051898717880249023e+00 -1.449752449989318848e-01 -7.332764863967895508e-01 -6.642948985099792480e-01 1.165760040283203125e+00 0.000000000000000000e+00 0.000000000000000000e+00 0.000000000000000000e+00 1.000000000000000000e+00
8.154371976852416992e-01 2.926326692104339600e-01 -4.994282722473144531e-01 7.746345996856689453e-01 5.606625676155090332e-01 -6.138476729393005371e-01 5.557415485382080078e-01 -1.055653691291809082e+00 -1.439448148012161255e-01 -7.331830859184265137e-01 -6.646220684051513672e-01 1.165627717971801758e+00 0.000000000000000000e+00 0.000000000000000000e+00 0.000000000000000000e+00 1.000000000000000000e+00
8.152504563331604004e-01 2.937578558921813965e-01 -4.990724921226501465e-01 7.749739885330200195e-01 5.611982941627502441e-01 -6.134243607521057129e-01 5.556682944297790527e-01 -1.059408426284790039e+00 -1.429113000631332397e-01 -7.330873608589172363e-01 -6.649507284164428711e-01 1.165495514869689941e+00 0.000000000000000000e+00 0.000000000000000000e+00 0.000000000000000000e+00 1.000000000000000000e+00
8.150625824928283691e-01 2.948853075504302979e-01 -4.987140595912933350e-01 7.753134369850158691e-01 5.617336034774780273e-01 -6.130002140998840332e-01 5.555953979492187500e-01 -1.063163876533508301e+00 -1.418748795986175537e-01 -7.329894900321960449e-01 -6.652804017066955566e-01 1.165363192558288574e+00 0.000000000000000000e+00 0.000000000000000000e+00 0.000000000000000000e+00 1.000000000000000000e+00
8.148739933967590332e-01 2.960149049758911133e-01 -4.983531236648559570e-01 7.756527662277221680e-01 5.622686743736267090e-01 -6.125752329826354980e-01 5.555229187011718750e-01 -1.066918969154357910e+00 -1.408357322216033936e-01 -7.328894734382629395e-01 -6.656113266944885254e-01 1.165230870246887207e+00 0.000000000000000000e+00 0.000000000000000000e+00 0.000000000000000000e+00 1.000000000000000000e+00
8.146843910217285156e-01 2.971463501453399658e-01 -4.979896545410156250e-01 7.759922146797180176e-01 5.628032684326171875e-01 -6.121495366096496582e-01 5.554508566856384277e-01 -1.070673942565917969e+00 -1.397939324378967285e-01 -7.327871322631835938e-01 -6.659434437751770020e-01 1.165098547935485840e+00 0.000000000000000000e+00 0.000000000000000000e+00 0.000000000000000000e+00 1.000000000000000000e+00
8.144938945770263672e-01 2.982796728610992432e-01 -4.976236522197723389e-01 7.763316035270690918e-01 5.633371472358703613e-01 -6.117233037948608398e-01 5.553792715072631836e-01 -1.074429512023925781e+00 -1.387496292591094971e-01 -7.326827645301818848e-01 -6.662766933441162109e-01 1.164966225624084473e+00 0.000000000000000000e+00 0.000000000000000000e+00 0.000000000000000000e+00 1.000000000000000000e+00
8.143023848533630371e-01 2.994147539138793945e-01 -4.972552359104156494e-01 7.766709923744201660e-01 5.638705492019653320e-01 -6.112964749336242676e-01 5.553079843521118164e-01 -1.078184127807617188e+00 -1.377029716968536377e-01 -7.325760722160339355e-01 -6.666110157966613770e-01 1.164834022521972656e+00 0.000000000000000000e+00 0.000000000000000000e+00 0.000000000000000000e+00 1.000000000000000000e+00
8.141099214553833008e-01 3.005514144897460938e-01 -4.968844652175903320e-01 7.770105004310607910e-01 5.644033551216125488e-01 -6.108690500259399414e-01 5.552369356155395508e-01 -1.081939578056335449e+00 -1.366541236639022827e-01 -7.324669957160949707e-01 -6.669465899467468262e-01 1.164701700210571289e+00 0.000000000000000000e+00 0.000000000000000000e+00 0.000000000000000000e+00 1.000000000000000000e+00
8.139165639877319336e-01 3.016895949840545654e-01 -4.965113401412963867e-01 7.773498892784118652e-01 5.649353861808776855e-01 -6.104413270950317383e-01 5.551662445068359375e-01 -1.085694670677185059e+00 -1.356031894683837891e-01 -7.323558330535888672e-01 -6.672832369804382324e-01 1.164569377899169922e+00 0.000000000000000000e+00 0.000000000000000000e+00 0.000000000000000000e+00 1.000000000000000000e+00
8.137223124504089355e-01 3.028290569782257080e-01 -4.961358606815338135e-01 7.776892185211181641e-01 5.654667019844055176e-01 -6.100133061408996582e-01 5.550957918167114258e-01 -1.089449763298034668e+00 -1.345503628253936768e-01 -7.322421073913574219e-01 -6.676210165023803711e-01 1.164437055587768555e+00 0.000000000000000000e+00 0.000000000000000000e+00 0.000000000000000000e+00 1.000000000000000000e+00
8.135271072387695312e-01 3.039697408676147461e-01 -4.957582056522369385e-01 7.779788970947265625e-01 5.659971237182617188e-01 -6.095849275588989258e-01 5.550256967544555664e-01 -1.093207597732543945e+00 -1.334957182407379150e-01 -7.321260571479797363e-01 -6.679598093032836914e-01 1.164300918579101562e+00 0.000000000000000000e+00 0.000000000000000000e+00 0.000000000000000000e+00 1.000000000000000000e+00
8.133311867713928223e-01 3.051115870475769043e-01 -4.953782856464385986e-01 7.780913114547729492e-01 5.665268898010253906e-01 -6.091566085815429688e-01 5.549557805061340332e-01 -1.096975684165954590e+00 -1.324395090341567993e-01 -7.320078015327453613e-01 -6.682996749877929688e-01 1.164151072502136230e+00 0.000000000000000000e+00 0.000000000000000000e+00 0.000000000000000000e+00 1.000000000000000000e+00
8.131343722343444824e-01 3.062543272972106934e-01 -4.949961006641387939e-01 7.782036662101745605e-01 5.670555233955383301e-01 -6.087280511856079102e-01 5.548860430717468262e-01 -1.100743651390075684e+00 -1.313817501068115234e-01 -7.318871021270751953e-01 -6.686404943466186523e-01 1.164001345634460449e+00 0.000000000000000000e+00 0.000000000000000000e+00 0.000000000000000000e+00 1.000000000000000000e+00
8.129365444183349609e-01 3.073980808258056641e-01 -4.946119487285614014e-01 7.783161401748657227e-01 5.675832033157348633e-01 -6.082993745803833008e-01 5.548164844512939453e-01 -1.104512214660644531e+00 -1.303226351737976074e-01 -7.317640185356140137e-01 -6.689825654029846191e-01 1.163851499557495117e+00 0.000000000000000000e+00 0.000000000000000000e+00 0.000000000000000000e+00 1.000000000000000000e+00
8.127377629280090332e-01 3.085424900054931641e-01 -4.942256510257720947e-01 7.784283757209777832e-01 5.681098103523254395e-01 -6.078709363937377930e-01 5.547471046447753906e-01 -1.108280181884765625e+00 -1.292622983455657959e-01 -7.316382527351379395e-01 -6.693255305290222168e-01 1.163701653480529785e+00 0.000000000000000000e+00 0.000000000000000000e+00 0.000000000000000000e+00 1.000000000000000000e+00
8.125384449958801270e-01 3.096875250339508057e-01 -4.938371777534484863e-01 7.785407900810241699e-01 5.686354041099548340e-01 -6.074425578117370605e-01 5.546777844429016113e-01 -1.112048268318176270e+00 -1.282009482383728027e-01 -7.315103411674499512e-01 -6.696694493293762207e-01 1.163551807403564453e+00 0.000000000000000000e+00 0.000000000000000000e+00 0.000000000000000000e+00 1.000000000000000000e+00
8.123380541801452637e-01 3.108330965042114258e-01 -4.934468865394592285e-01 7.786531448364257812e-01 5.691597461700439453e-01 -6.070144772529602051e-01 5.546086430549621582e-01 -1.115816235542297363e+00 -1.271386295557022095e-01 -7.313798069953918457e-01 -6.700145006179809570e-01 1.163401961326599121e+00 0.000000000000000000e+00 0.000000000000000000e+00 0.000000000000000000e+00 1.000000000000000000e+00
8.121370077133178711e-01 3.119790256023406982e-01 -4.930545091629028320e-01 7.787655591964721680e-01 5.696829557418823242e-01 -6.065866351127624512e-01 5.545395612716674805e-01 -1.119584321975708008e+00 -1.260755509138107300e-01 -7.312468290328979492e-01 -6.703605055809020996e-01 1.163252234458923340e+00 0.000000000000000000e+00 0.000000000000000000e+00 0.000000000000000000e+00 1.000000000000000000e+00
8.119351863861083984e-01 3.131252229213714600e-01 -4.926602244377136230e-01 7.788778543472290039e-01 5.702050328254699707e-01 -6.061591506004333496e-01 5.544704794883728027e-01 -1.123352289199829102e+00 -1.250118464231491089e-01 -7.311112284660339355e-01 -6.707074046134948730e-01 1.163102388381958008e+00 0.000000000000000000e+00 0.000000000000000000e+00 0.000000000000000000e+00 1.000000000000000000e+00
8.117325901985168457e-01 3.142715394496917725e-01 -4.922640919685363770e-01 7.789903283119201660e-01 5.707255601882934570e-01 -6.057322621345520020e-01 5.544014573097229004e-01 -1.127120733261108398e+00 -1.239476278424263000e-01 -7.309732437133789062e-01 -6.710551977157592773e-01 1.162952542304992676e+00 0.000000000000000000e+00 0.000000000000000000e+00 0.000000000000000000e+00 1.000000000000000000e+00
8.115290403366088867e-01 3.154180347919464111e-01 -4.918661415576934814e-01 7.791026234626770020e-01 5.712447762489318848e-01 -6.053059101104736328e-01 5.543323159217834473e-01 -1.130888819694519043e+00 -1.228830441832542419e-01 -7.308326959609985352e-01 -6.714041233062744141e-01 1.162802696228027344e+00 0.000000000000000000e+00 0.000000000000000000e+00 0.000000000000000000e+00 1.000000000000000000e+00
8.113248944282531738e-01 3.165643513202667236e-01 -4.914663136005401611e-01 7.792150378227233887e-01 5.717626214027404785e-01 -6.048800945281982422e-01 5.542631745338439941e-01 -1.134656786918640137e+00 -1.218182593584060669e-01 -7.306895852088928223e-01 -6.717538237571716309e-01 1.162652969360351562e+00 0.000000000000000000e+00 0.000000000000000000e+00 0.000000000000000000e+00 1.000000000000000000e+00
8.111200928688049316e-01 3.177104294300079346e-01 -4.910647571086883545e-01 7.793273925781250000e-01 5.722789764404296875e-01 -6.044551730155944824e-01 5.541939735412597656e-01 -1.138424873352050781e+00 -1.207534372806549072e-01 -7.305438518524169922e-01 -6.721045374870300293e-01 1.162503123283386230e+00 0.000000000000000000e+00 0.000000000000000000e+00 0.000000000000000000e+00 1.000000000000000000e+00
8.109144568443298340e-01 3.188562691211700439e-01 -4.906615912914276123e-01 7.794398069381713867e-01 5.727938413619995117e-01 -6.040309071540832520e-01 5.541245937347412109e-01 -1.142192840576171875e+00 -1.196886599063873291e-01 -7.303954958915710449e-01 -6.724561452865600586e-01 1.162353277206420898e+00 0.000000000000000000e+00 0.000000000000000000e+00 0.000000000000000000e+00 1.000000000000000000e+00
8.107081651687622070e-01 3.200016021728515625e-01 -4.902566373348236084e-01 7.795521616935729980e-01 5.733070969581604004e-01 -6.036074757575988770e-01 5.540551543235778809e-01 -1.145960927009582520e+00 -1.186241135001182556e-01 -7.302444577217102051e-01 -6.728085279464721680e-01 1.162203431129455566e+00 0.000000000000000000e+00 0.000000000000000000e+00 0.000000000000000000e+00 1.000000000000000000e+00
8.105011582374572754e-01 3.211463391780853271e-01 -4.898501038551330566e-01 7.794434428215026855e-01 5.738186240196228027e-01 -6.031851768493652344e-01 5.539855360984802246e-01 -1.149728894233703613e+00 -1.175599098205566406e-01 -7.300909757614135742e-01 -6.731619238853454590e-01 1.162359237670898438e+00 0.000000000000000000e+00 0.000000000000000000e+00 0.000000000000000000e+00 1.000000000000000000e+00
8.102936744689941406e-01 3.222904503345489502e-01 -4.894420206546783447e-01 7.793310880661010742e-01 5.743286013603210449e-01 -6.027638912200927734e-01 5.539156794548034668e-01 -1.153496503829956055e+00 -1.164962425827980042e-01 -7.299347519874572754e-01 -6.735160946846008301e-01 1.162520170211791992e+00 0.000000000000000000e+00 0.000000000000000000e+00 0.000000000000000000e+00 1.000000000000000000e+00
8.100853562355041504e-01 3.234337568283081055e-01 -4.890323579311370850e-01 7.792186737060546875e-01 5.748368501663208008e-01 -6.023436188697814941e-01 5.538455843925476074e-01 -1.157263636589050293e+00 -1.154332011938095093e-01 -7.297757863998413086e-01 -6.738712191581726074e-01 1.162680983543395996e+00 0.000000000000000000e+00 0.000000000000000000e+00 0.000000000000000000e+00 1.000000000000000000e+00
8.098765015602111816e-01 3.245762288570404053e-01 -4.886211752891540527e-01 7.791063189506530762e-01 5.753431916236877441e-01 -6.019248366355895996e-01 5.537751913070678711e-01 -1.161031603813171387e+00 -1.143709719181060791e-01 -7.296143174171447754e-01 -6.742272377014160156e-01 1.162841916084289551e+00 0.000000000000000000e+00 0.000000000000000000e+00 0.000000000000000000e+00 1.000000000000000000e+00
8.096671104431152344e-01 3.257175683975219727e-01 -4.882085919380187988e-01 7.789938449859619141e-01 5.758478045463562012e-01 -6.015071272850036621e-01 5.537045598030090332e-01 -1.164799213409423828e+00 -1.133096590638160706e-01 -7.294501066207885742e-01 -6.745840907096862793e-01 1.163002729415893555e+00 0.000000000000000000e+00 0.000000000000000000e+00 0.000000000000000000e+00 1.000000000000000000e+00
8.094570636749267578e-01 3.268578052520751953e-01 -4.877946078777313232e-01 7.788815498352050781e-01 5.763503909111022949e-01 -6.010909676551818848e-01 5.536336302757263184e-01 -1.168566703796386719e+00 -1.122494488954544067e-01 -7.292832136154174805e-01 -6.749417185783386230e-01 1.163163661956787109e+00 0.000000000000000000e+00 0.000000000000000000e+00 0.000000000000000000e+00 1.000000000000000000e+00
8.092464804649353027e-01 3.279967606067657471e-01 -4.873792529106140137e-01 7.787690758705139160e-01 5.768511295318603516e-01 -6.006760597229003906e-01 5.535622239112854004e-01 -1.172334790229797363e+00 -1.111904680728912354e-01 -7.291133999824523926e-01 -6.753001809120178223e-01 1.163324475288391113e+00 0.000000000000000000e+00 0.000000000000000000e+00 0.000000000000000000e+00 1.000000000000000000e+00
8.090353012084960938e-01 3.291343450546264648e-01 -4.869625568389892578e-01 7.786567211151123047e-01 5.773497819900512695e-01 -6.002629399299621582e-01 5.534905195236206055e-01 -1.176101922988891602e+00 -1.101328283548355103e-01 -7.289410233497619629e-01 -6.756594777107238770e-01 1.163485407829284668e+00 0.000000000000000000e+00 0.000000000000000000e+00 0.000000000000000000e+00 1.000000000000000000e+00
8.088237643241882324e-01 3.302704989910125732e-01 -4.865445792675018311e-01 7.785443067550659180e-01 5.778464674949645996e-01 -5.998514294624328613e-01 5.534183382987976074e-01 -1.179869413375854492e+00 -1.090767085552215576e-01 -7.287659645080566406e-01 -6.760196089744567871e-01 1.163646221160888672e+00 0.000000000000000000e+00 0.000000000000000000e+00 0.000000000000000000e+00 1.000000000000000000e+00
8.086118698120117188e-01 3.314050436019897461e-01 -4.861254096031188965e-01 7.784319519996643066e-01 5.783411860466003418e-01 -5.994417071342468262e-01 5.533456802368164062e-01 -1.183637380599975586e+00 -1.080222651362419128e-01 -7.285881638526916504e-01 -6.763805747032165527e-01 1.163807153701782227e+00 0.000000000000000000e+00 0.000000000000000000e+00 0.000000000000000000e+00 1.000000000000000000e+00
8.083992600440979004e-01 3.325378298759460449e-01 -4.857050478458404541e-01 7.783195376396179199e-01 5.788336396217346191e-01 -5.990335345268249512e-01 5.532725453376770020e-01 -1.187404990196228027e+00 -1.069695949554443359e-01 -7.284074425697326660e-01 -6.767423152923583984e-01 1.163967967033386230e+00 0.000000000000000000e+00 0.000000000000000000e+00 0.000000000000000000e+00 1.000000000000000000e+00
8.081865310668945312e-01 3.336687982082366943e-01 -4.852834939956665039e-01 7.782071232795715332e-01 5.793239474296569824e-01 -5.986276268959045410e-01 5.531988739967346191e-01 -1.191172599792480469e+00 -1.059188991785049438e-01 -7.282240986824035645e-01 -6.771048307418823242e-01 1.164128899574279785e+00 0.000000000000000000e+00 0.000000000000000000e+00 0.000000000000000000e+00 1.000000000000000000e+00
8.079730272293090820e-01 3.347978591918945312e-01 -4.848608970642089844e-01 7.780947089195251465e-01 5.798119902610778809e-01 -5.982235670089721680e-01 5.531245470046997070e-01 -1.194940567016601562e+00 -1.048702672123908997e-01 -7.280378937721252441e-01 -6.774682402610778809e-01 1.164289712905883789e+00 0.000000000000000000e+00 0.000000000000000000e+00 0.000000000000000000e+00 1.000000000000000000e+00
8.077595233917236328e-01 3.359247744083404541e-01 -4.844371378421783447e-01 7.779823541641235352e-01 5.802978873252868652e-01 -5.978215932846069336e-01 5.530496239662170410e-01 -1.198707699775695801e+00 -1.038239151239395142e-01 -7.278488278388977051e-01 -6.778322458267211914e-01 1.164450645446777344e+00 0.000000000000000000e+00 0.000000000000000000e+00 0.000000000000000000e+00 1.000000000000000000e+00
8.075455427169799805e-01 3.370495736598968506e-01 -4.840124845504760742e-01 7.777005434036254883e-01 5.807812809944152832e-01 -5.974218249320983887e-01 5.529742240905761719e-01 -1.202464938163757324e+00 -1.027798950672149658e-01 -7.276571989059448242e-01 -6.781972646713256836e-01 1.164615035057067871e+00 0.000000000000000000e+00 0.000000000000000000e+00 0.000000000000000000e+00 1.000000000000000000e+00
8.073311448097229004e-01 3.381721377372741699e-01 -4.835868179798126221e-01 7.773612141609191895e-01 5.812623500823974609e-01 -5.970243215560913086e-01 5.528979301452636719e-01 -1.206219196319580078e+00 -1.017383933067321777e-01 -7.274625301361083984e-01 -6.785629391670227051e-01 1.164780735969543457e+00 0.000000000000000000e+00 0.000000000000000000e+00 0.000000000000000000e+00 1.000000000000000000e+00
8.071165680885314941e-01 3.392922282218933105e-01 -4.831602275371551514e-01 7.770219445228576660e-01 5.817410349845886230e-01 -5.966291427612304688e-01 5.528210997581481934e-01 -1.209972858428955078e+00 -1.006995663046836853e-01 -7.272651791572570801e-01 -6.789293289184570312e-01 1.164946317672729492e+00 0.000000000000000000e+00 0.000000000000000000e+00 0.000000000000000000e+00 1.000000000000000000e+00
8.069018125534057617e-01 3.404098153114318848e-01 -4.827327430248260498e-01 7.766826152801513672e-01 5.822173357009887695e-01 -5.962364077568054199e-01 5.527434349060058594e-01 -1.213726639747619629e+00 -9.966357052326202393e-02 -7.270649671554565430e-01 -6.792965531349182129e-01 1.165111899375915527e+00 0.000000000000000000e+00 0.000000000000000000e+00 0.000000000000000000e+00 1.000000000000000000e+00
8.066868782043457031e-01 3.415248394012451172e-01 -4.823044538497924805e-01 7.763432264328002930e-01 5.826910734176635742e-01 -5.958463549613952637e-01 5.526649355888366699e-01 -1.217480421066284180e+00 -9.863051772117614746e-02 -7.268618941307067871e-01 -6.796645522117614746e-01 1.165277481079101562e+00 0.000000000000000000e+00 0.000000000000000000e+00 0.000000000000000000e+00 1.000000000000000000e+00
8.064715266227722168e-01 3.426370918750762939e-01 -4.818753302097320557e-01 7.760040163993835449e-01 5.831622481346130371e-01 -5.954587459564208984e-01 5.525856018066406250e-01 -1.221234202384948730e+00 -9.760056436061859131e-02 -7.266559600830078125e-01 -6.800333261489868164e-01 1.165443181991577148e+00 0.000000000000000000e+00 0.000000000000000000e+00 0.000000000000000000e+00 1.000000000000000000e+00
8.062559962272644043e-01 3.437464535236358643e-01 -4.814454615116119385e-01 7.756645679473876953e-01 5.836308598518371582e-01 -5.950738787651062012e-01 5.525054335594177246e-01 -1.224987983703613281e+00 -9.657385200262069702e-02 -7.264471054077148438e-01 -6.804028749465942383e-01 1.165608763694763184e+00 0.000000000000000000e+00 0.000000000000000000e+00 0.000000000000000000e+00 1.000000000000000000e+00
8.060406446456909180e-01 3.448528647422790527e-01 -4.810148775577545166e-01 7.753252983093261719e-01 5.840967297554016113e-01 -5.946919322013854980e-01 5.524244308471679688e-01 -1.228742122650146484e+00 -9.555052220821380615e-02 -7.262356877326965332e-01 -6.807730793952941895e-01 1.165774464607238770e+00 0.000000000000000000e+00 0.000000000000000000e+00 0.000000000000000000e+00 1.000000000000000000e+00
8.058250546455383301e-01 3.459562659263610840e-01 -4.805836677551269531e-01 7.749859690666198730e-01 5.845600366592407227e-01 -5.943128466606140137e-01 5.523422956466674805e-01 -1.232495903968811035e+00 -9.453073889017105103e-02 -7.260211706161499023e-01 -6.811441779136657715e-01 1.165940046310424805e+00 0.000000000000000000e+00 0.000000000000000000e+00 0.000000000000000000e+00 1.000000000000000000e+00
8.056093454360961914e-01 3.470563888549804688e-01 -4.801518321037292480e-01 7.746466398239135742e-01 5.850206017494201660e-01 -5.939365625381469727e-01 5.522593259811401367e-01 -1.236249685287475586e+00 -9.351461380720138550e-02 -7.258037924766540527e-01 -6.815158128738403320e-01 1.166105628013610840e+00 0.000000000000000000e+00 0.000000000000000000e+00 0.000000000000000000e+00 1.000000000000000000e+00
8.053936362266540527e-01 3.481533229351043701e-01 -4.797194004058837891e-01 7.743073701858520508e-01 5.854783058166503906e-01 -5.935636162757873535e-01 5.521752834320068359e-01 -1.240003466606140137e+00 -9.250233322381973267e-02 -7.255836725234985352e-01 -6.818884015083312988e-01 1.166271328926086426e+00 0.000000000000000000e+00 0.000000000000000000e+00 0.000000000000000000e+00 1.000000000000000000e+00
8.051779270172119141e-01 3.492467999458312988e-01 -4.792864322662353516e-01 7.739680409431457520e-01 5.859332680702209473e-01 -5.931937694549560547e-01 5.520901679992675781e-01 -1.243757128715515137e+00 -9.149400889873504639e-02 -7.253606915473937988e-01 -6.822617053985595703e-01 1.166436910629272461e+00 0.000000000000000000e+00 0.000000000000000000e+00 0.000000000000000000e+00 1.000000000000000000e+00
8.049622774124145508e-01 3.503368198871612549e-01 -4.788529574871063232e-01 7.736287713050842285e-01 5.863853693008422852e-01 -5.928272008895874023e-01 5.520038604736328125e-01 -1.247510910034179688e+00 -9.048978239297866821e-02 -7.251346707344055176e-01 -6.826356053352355957e-01 1.166602492332458496e+00 0.000000000000000000e+00 0.000000000000000000e+00 0.000000000000000000e+00 1.000000000000000000e+00
8.047466278076171875e-01 3.514231741428375244e-01 -4.784191548824310303e-01 7.732893824577331543e-01 5.868346691131591797e-01 -5.924638509750366211e-01 5.519165396690368652e-01 -1.251265168190002441e+00 -8.948983252048492432e-02 -7.249057292938232422e-01 -6.830104589462280273e-01 1.166768193244934082e+00 0.000000000000000000e+00 0.000000000000000000e+00 0.000000000000000000e+00 1.000000000000000000e+00
8.045310378074645996e-01 3.525058329105377197e-01 -4.779849052429199219e-01 7.729088068008422852e-01 5.872807502746582031e-01 -5.921041369438171387e-01 5.518280267715454102e-01 -1.255013823509216309e+00 -8.849425613880157471e-02 -7.246741056442260742e-01 -6.833859086036682129e-01 1.166934490203857422e+00 0.000000000000000000e+00 0.000000000000000000e+00 0.000000000000000000e+00 1.000000000000000000e+00
8.043159246444702148e-01 3.535846173763275146e-01 -4.775502979755401611e-01 7.723387479782104492e-01 5.877240896224975586e-01 -5.917479395866394043e-01 5.517382025718688965e-01 -1.258739352226257324e+00 -8.750324696302413940e-02 -7.244395017623901367e-01 -6.837621927261352539e-01 1.167104363441467285e+00 0.000000000000000000e+00 0.000000000000000000e+00 0.000000000000000000e+00 1.000000000000000000e+00
8.041005730628967285e-01 3.546594679355621338e-01 -4.771153032779693604e-01 7.717687487602233887e-01 5.881642699241638184e-01 -5.913953185081481934e-01 5.516470670700073242e-01 -1.262464880943298340e+00 -8.651689440011978149e-02 -7.242019772529602051e-01 -6.841393113136291504e-01 1.167274236679077148e+00 0.000000000000000000e+00 0.000000000000000000e+00 0.000000000000000000e+00 1.000000000000000000e+00
8.038857579231262207e-01 3.557302057743072510e-01 -4.766801595687866211e-01 7.711986899375915527e-01 5.886015892028808594e-01 -5.910463333129882812e-01 5.515546798706054688e-01 -1.266190409660339355e+00 -8.553543686866760254e-02 -7.239614725112915039e-01 -6.845169663429260254e-01 1.167444109916687012e+00 0.000000000000000000e+00 0.000000000000000000e+00 0.000000000000000000e+00 1.000000000000000000e+00
8.036710619926452637e-01 3.567968606948852539e-01 -4.762447774410247803e-01 7.706287503242492676e-01 5.890356898307800293e-01 -5.907012820243835449e-01 5.514608621597290039e-01 -1.269915938377380371e+00 -8.455891162157058716e-02 -7.237181663513183594e-01 -6.848954558372497559e-01 1.167613983154296875e+00 0.000000000000000000e+00 0.000000000000000000e+00 0.000000000000000000e+00 1.000000000000000000e+00
8.034566044807434082e-01 3.578592538833618164e-01 -4.758092761039733887e-01 7.700586915016174316e-01 5.894665718078613281e-01 -5.903601646423339844e-01 5.513657331466674805e-01 -1.273641824722290039e+00 -8.358751982450485229e-02 -7.234720587730407715e-01 -6.852747797966003418e-01 1.167783737182617188e+00 0.000000000000000000e+00 0.000000000000000000e+00 0.000000000000000000e+00 1.000000000000000000e+00
8.032425642013549805e-01 3.589172661304473877e-01 -4.753736257553100586e-01 7.694887518882751465e-01 5.898944735527038574e-01 -5.900230407714843750e-01 5.512690544128417969e-01 -1.277366995811462402e+00 -8.262141793966293335e-02 -7.232229113578796387e-01 -6.856546998023986816e-01 1.167953610420227051e+00 0.000000000000000000e+00 0.000000000000000000e+00 0.000000000000000000e+00 1.000000000000000000e+00
8.030288219451904297e-01 3.599707484245300293e-01 -4.749378263950347900e-01 7.689186930656433105e-01 5.903189778327941895e-01 -5.896899104118347168e-01 5.511708259582519531e-01 -1.281092882156372070e+00 -8.166069537401199341e-02 -7.229708433151245117e-01 -6.860353946685791016e-01 1.168123483657836914e+00 0.000000000000000000e+00 0.000000000000000000e+00 0.000000000000000000e+00 1.000000000000000000e+00
8.028155565261840820e-01 3.610197007656097412e-01 -4.745021164417266846e-01 7.683486938476562500e-01 5.907402634620666504e-01 -5.893611907958984375e-01 5.510712265968322754e-01 -1.284818410873413086e+00 -8.070554584264755249e-02 -7.227160334587097168e-01 -6.864169836044311523e-01 1.168293356895446777e+00 0.000000000000000000e+00 0.000000000000000000e+00 0.000000000000000000e+00 1.000000000000000000e+00
8.026028275489807129e-01 3.620638549327850342e-01 -4.740663170814514160e-01 7.677786946296691895e-01 5.911584496498107910e-01 -5.890365839004516602e-01 5.509698987007141113e-01 -1.288543939590454102e+00 -7.975611835718154907e-02 -7.224581837654113770e-01 -6.867992281913757324e-01 1.168463230133056641e+00 0.000000000000000000e+00 0.000000000000000000e+00 0.000000000000000000e+00 1.000000000000000000e+00
8.023903965950012207e-01 3.631032407283782959e-01 -4.736306965351104736e-01 7.672086358070373535e-01 5.915730595588684082e-01 -5.887163877487182617e-01 5.508670806884765625e-01 -1.292269468307495117e+00 -7.881251722574234009e-02 -7.221974134445190430e-01 -6.871823072433471680e-01 1.168633103370666504e+00 0.000000000000000000e+00 0.000000000000000000e+00 0.000000000000000000e+00 1.000000000000000000e+00
8.021785616874694824e-01 3.641377687454223633e-01 -4.731950759887695312e-01 7.666386961936950684e-01 5.919843912124633789e-01 -5.884007215499877930e-01 5.507624745368957520e-01 -1.295994997024536133e+00 -7.787489891052246094e-02 -7.219339013099670410e-01 -6.875661015510559082e-01 1.168802857398986816e+00 0.000000000000000000e+00 0.000000000000000000e+00 0.000000000000000000e+00 1.000000000000000000e+00
8.019672632217407227e-01 3.651672899723052979e-01 -4.727596640586853027e-01 7.660686969757080078e-01 5.923923254013061523e-01 -5.880895853042602539e-01 5.506561994552612305e-01 -1.299720525741577148e+00 -7.694343477487564087e-02 -7.216672897338867188e-01 -6.879506111145019531e-01 1.168972730636596680e+00 0.000000000000000000e+00 0.000000000000000000e+00 0.000000000000000000e+00 1.000000000000000000e+00
8.017566204071044922e-01 3.661916553974151611e-01 -4.723244011402130127e-01 7.654985785484313965e-01 5.927968025207519531e-01 -5.877830982208251953e-01 5.505480766296386719e-01 -1.303446531295776367e+00 -7.601822912693023682e-02 -7.213978767395019531e-01 -6.883358955383300781e-01 1.169142603874206543e+00 0.000000000000000000e+00 0.000000000000000000e+00 0.000000000000000000e+00 1.000000000000000000e+00
8.015466332435607910e-01 3.672107160091400146e-01 -4.718894958496093750e-01 7.649286389350891113e-01 5.931977629661560059e-01 -5.874813795089721680e-01 5.504382252693176270e-01 -1.307172060012817383e+00 -7.509946823120117188e-02 -7.211254835128784180e-01 -6.887220740318298340e-01 1.169312477111816406e+00 0.000000000000000000e+00 0.000000000000000000e+00 0.000000000000000000e+00 1.000000000000000000e+00
8.013372421264648438e-01 3.682245016098022461e-01 -4.714548885822296143e-01 7.642892599105834961e-01 5.935952663421630859e-01 -5.871845483779907227e-01 5.503264665603637695e-01 -1.310884594917297363e+00 -7.418730854988098145e-02 -7.208504080772399902e-01 -6.891089081764221191e-01 1.169483423233032227e+00 0.000000000000000000e+00 0.000000000000000000e+00 0.000000000000000000e+00 1.000000000000000000e+00
8.011286258697509766e-01 3.692329227924346924e-01 -4.710205197334289551e-01 7.634860277175903320e-01 5.939891934394836426e-01 -5.868926644325256348e-01 5.502127408981323242e-01 -1.314566731452941895e+00 -7.328181713819503784e-02 -7.205721735954284668e-01 -6.894966363906860352e-01 1.169656872749328613e+00 0.000000000000000000e+00 0.000000000000000000e+00 0.000000000000000000e+00 1.000000000000000000e+00
8.009208440780639648e-01 3.702356815338134766e-01 -4.705865383148193359e-01 7.626828551292419434e-01 5.943794846534729004e-01 -5.866058468818664551e-01 5.500971078872680664e-01 -1.318248867988586426e+00 -7.238321006298065186e-02 -7.202912569046020508e-01 -6.898850202560424805e-01 1.169830441474914551e+00 0.000000000000000000e+00 0.000000000000000000e+00 0.000000000000000000e+00 1.000000000000000000e+00
8.007137775421142578e-01 3.712328970432281494e-01 -4.701531231403350830e-01 7.618796229362487793e-01 5.947662591934204102e-01 -5.863240361213684082e-01 5.499795079231262207e-01 -1.321931004524230957e+00 -7.149159163236618042e-02 -7.200072407722473145e-01 -6.902743577957153320e-01 1.170003890991210938e+00 0.000000000000000000e+00 0.000000000000000000e+00 0.000000000000000000e+00 1.000000000000000000e+00
8.005074858665466309e-01 3.722242712974548340e-01 -4.697200655937194824e-01 7.610763907432556152e-01 5.951491594314575195e-01 -5.860475897789001465e-01 5.498597621917724609e-01 -1.325613498687744141e+00 -7.060714811086654663e-02 -7.197204232215881348e-01 -6.906642317771911621e-01 1.170177459716796875e+00 0.000000000000000000e+00 0.000000000000000000e+00 0.000000000000000000e+00 1.000000000000000000e+00
8.003023862838745117e-01 3.732098042964935303e-01 -4.692876338958740234e-01 7.602732777595520020e-01 5.955286026000976562e-01 -5.857763886451721191e-01 5.497379899024963379e-01 -1.329295635223388672e+00 -6.973000615835189819e-02 -7.194306254386901855e-01 -6.910552382469177246e-01 1.170350909233093262e+00 0.000000000000000000e+00 0.000000000000000000e+00 0.000000000000000000e+00 1.000000000000000000e+00
8.000980615615844727e-01 3.741894364356994629e-01 -4.688557088375091553e-01 7.594700455665588379e-01 5.959041714668273926e-01 -5.855106711387634277e-01 5.496140718460083008e-01 -1.332977652549743652e+00 -6.886026263236999512e-02 -7.191381454467773438e-01 -6.914468407630920410e-01 1.170524358749389648e+00 0.000000000000000000e+00 0.000000000000000000e+00 0.000000000000000000e+00 1.000000000000000000e+00
7.998946905136108398e-01 3.751630485057830811e-01 -4.684244692325592041e-01 7.586668729782104492e-01 5.962761044502258301e-01 -5.852504968643188477e-01 5.494878292083740234e-01 -1.336659789085388184e+00 -6.799814105033874512e-02 -7.188426256179809570e-01 -6.918392777442932129e-01 1.170697927474975586e+00 0.000000000000000000e+00 0.000000000000000000e+00 0.000000000000000000e+00 1.000000000000000000e+00
7.996924519538879395e-01 3.761304020881652832e-01 -4.679939150810241699e-01 7.578637003898620605e-01 5.966441035270690918e-01 -5.849959254264831543e-01 5.493595004081726074e-01 -1.340341925621032715e+00 -6.714373081922531128e-02 -7.185443043708801270e-01 -6.922325491905212402e-01 1.170871376991271973e+00 0.000000000000000000e+00 0.000000000000000000e+00 0.000000000000000000e+00 1.000000000000000000e+00
7.994912266731262207e-01 3.770915567874908447e-01 -4.675640165805816650e-01 7.570605278015136719e-01 5.970082879066467285e-01 -5.847470164299011230e-01 5.492287278175354004e-01 -1.344024062156677246e+00 -6.629718095064163208e-02 -7.182430624961853027e-01 -6.926266551017761230e-01 1.171044945716857910e+00 0.000000000000000000e+00 0.000000000000000000e+00 0.000000000000000000e+00 1.000000000000000000e+00
7.992911338806152344e-01 3.780463039875030518e-01 -4.671349823474884033e-01 7.562572360038757324e-01 5.973687171936035156e-01 -5.845039486885070801e-01 5.490956306457519531e-01 -1.347706556320190430e+00 -6.545868515968322754e-02 -7.179389595985412598e-01 -6.930215954780578613e-01 1.171218395233154297e+00 0.000000000000000000e+00 0.000000000000000000e+00 0.000000000000000000e+00 1.000000000000000000e+00
7.990920543670654297e-01 3.789945840835571289e-01 -4.667067527770996094e-01 7.554540634155273438e-01 5.977250933647155762e-01 -5.842667222023010254e-01 5.489600896835327148e-01 -1.351388692855834961e+00 -6.462834030389785767e-02 -7.176318764686584473e-01 -6.934173703193664551e-01 1.171391963958740234e+00 0.000000000000000000e+00 0.000000000000000000e+00 0.000000000000000000e+00 1.000000000000000000e+00
7.988944649696350098e-01 3.799362778663635254e-01 -4.662793576717376709e-01 7.546510100364685059e-01 5.980777144432067871e-01 -5.840355753898620605e-01 5.488221645355224609e-01 -1.355070352554321289e+00 -6.380628794431686401e-02 -7.173220515251159668e-01 -6.938139796257019043e-01 1.171565413475036621e+00 0.000000000000000000e+00 0.000000000000000000e+00 0.000000000000000000e+00 1.000000000000000000e+00
7.986979484558105469e-01 3.808713853359222412e-01 -4.658529460430145264e-01 7.538477182388305664e-01 5.984262228012084961e-01 -5.838105082511901855e-01 5.486816167831420898e-01 -1.358752965927124023e+00 -6.299272179603576660e-02 -7.170094251632690430e-01 -6.942114830017089844e-01 1.171738982200622559e+00 0.000000000000000000e+00 0.000000000000000000e+00 0.000000000000000000e+00 1.000000000000000000e+00
7.985028028488159180e-01 3.817996680736541748e-01 -4.654273986816406250e-01 7.530445456504821777e-01 5.987707376480102539e-01 -5.835916399955749512e-01 5.485386252403259277e-01 -1.362434983253479004e+00 -6.218772381544113159e-02 -7.166938185691833496e-01 -6.946097612380981445e-01 1.171912431716918945e+00 0.000000000000000000e+00 0.000000000000000000e+00 0.000000000000000000e+00 1.000000000000000000e+00
7.983089685440063477e-01 3.827210366725921631e-01 -4.650029242038726807e-01 7.522128224372863770e-01 5.991112589836120605e-01 -5.833790302276611328e-01 5.483928918838500977e-01 -1.366109967231750488e+00 -6.139146909117698669e-02 -7.163754105567932129e-01 -6.950088739395141602e-01 1.172086358070373535e+00 0.000000000000000000e+00 0.000000000000000000e+00 0.000000000000000000e+00 1.000000000000000000e+00
7.981166243553161621e-01 3.836354613304138184e-01 -4.645795524120330811e-01 7.511752843856811523e-01 5.994477272033691406e-01 -5.831727981567382812e-01 5.482445955276489258e-01 -1.369733333587646484e+00 -6.060412153601646423e-02 -7.160541415214538574e-01 -6.954089999198913574e-01 1.172262787818908691e+00 0.000000000000000000e+00 0.000000000000000000e+00 0.000000000000000000e+00 1.000000000000000000e+00
7.979254126548767090e-01 3.845428228378295898e-01 -4.641572833061218262e-01 7.501379847526550293e-01 5.997799634933471680e-01 -5.829730629920959473e-01 5.480934977531433105e-01 -1.373355746269226074e+00 -5.982575565576553345e-02 -7.157300114631652832e-01 -6.958099603652954102e-01 1.172439336776733398e+00 0.000000000000000000e+00 0.000000000000000000e+00 0.000000000000000000e+00 1.000000000000000000e+00
7.977359294891357422e-01 3.854430317878723145e-01 -4.637362360954284668e-01 7.491005063056945801e-01 6.001082658767700195e-01 -5.827798247337341309e-01 5.479396581649780273e-01 -1.376978754997253418e+00 -5.905661731958389282e-02 -7.154031395912170410e-01 -6.962117552757263184e-01 1.172615885734558105e+00 0.000000000000000000e+00 0.000000000000000000e+00 0.000000000000000000e+00 1.000000000000000000e+00
7.975479960441589355e-01 3.863359093666076660e-01 -4.633163213729858398e-01 7.480629682540893555e-01 6.004322767257690430e-01 -5.825933218002319336e-01 5.477830171585083008e-01 -1.380602121353149414e+00 -5.829677358269691467e-02 -7.150732874870300293e-01 -6.966145634651184082e-01 1.172792434692382812e+00 0.000000000000000000e+00 0.000000000000000000e+00 0.000000000000000000e+00 1.000000000000000000e+00
7.973616123199462891e-01 3.872214555740356445e-01 -4.628977775573730469e-01 7.470255494117736816e-01 6.007523536682128906e-01 -5.824134945869445801e-01 5.476233959197998047e-01 -1.384225010871887207e+00 -5.754639580845832825e-02 -7.147406935691833496e-01 -6.970181465148925781e-01 1.172968864440917969e+00 0.000000000000000000e+00 0.000000000000000000e+00 0.000000000000000000e+00 1.000000000000000000e+00
7.971767783164978027e-01 3.880994617938995361e-01 -4.624805152416229248e-01 7.459880709648132324e-01 6.010678410530090332e-01 -5.822406411170959473e-01 5.474609136581420898e-01 -1.387847900390625000e+00 -5.680564790964126587e-02 -7.144052982330322266e-01 -6.974226832389831543e-01 1.173145413398742676e+00 0.000000000000000000e+00 0.000000000000000000e+00 0.000000000000000000e+00 1.000000000000000000e+00
7.969937920570373535e-01 3.889699280261993408e-01 -4.620645642280578613e-01 7.449505329132080078e-01 6.013792753219604492e-01 -5.820747017860412598e-01 5.472953915596008301e-01 -1.391471266746520996e+00 -5.607463791966438293e-02 -7.140669822692871094e-01 -6.978281140327453613e-01 1.173321962356567383e+00 0.000000000000000000e+00 0.000000000000000000e+00 0.000000000000000000e+00 1.000000000000000000e+00
7.968123555183410645e-01 3.898327052593231201e-01 -4.616501629352569580e-01 7.439131140708923340e-01 6.016864180564880371e-01 -5.819157361984252930e-01 5.471268892288208008e-01 -1.395093798637390137e+00 -5.535353347659111023e-02 -7.137259244918823242e-01 -6.982344985008239746e-01 1.173498392105102539e+00 0.000000000000000000e+00 0.000000000000000000e+00 0.000000000000000000e+00 1.000000000000000000e+00
7.966325879096984863e-01 3.906877636909484863e-01 -4.612371623516082764e-01 7.428756952285766602e-01 6.019890904426574707e-01 -5.817639827728271484e-01 5.469551682472229004e-01 -1.398716688156127930e+00 -5.464245006442070007e-02 -7.133820652961730957e-01 -6.986417770385742188e-01 1.173674941062927246e+00 0.000000000000000000e+00 0.000000000000000000e+00 0.000000000000000000e+00 1.000000000000000000e+00
7.964548468589782715e-01 3.915349245071411133e-01 -4.608256816864013672e-01 7.418381571769714355e-01 6.022874712944030762e-01 -5.816194415092468262e-01 5.467803478240966797e-01 -1.402340054512023926e+00 -5.394157022237777710e-02 -7.130354046821594238e-01 -6.990500092506408691e-01 1.173851490020751953e+00 0.000000000000000000e+00 0.000000000000000000e+00 0.000000000000000000e+00 1.000000000000000000e+00
7.962788939476013184e-01 3.923741281032562256e-01 -4.604158401489257812e-01 7.408006787300109863e-01 6.025816202163696289e-01 -5.814822316169738770e-01 5.466023087501525879e-01 -1.405963063240051270e+00 -5.325101688504219055e-02 -7.126859426498413086e-01 -6.994591951370239258e-01 1.174028038978576660e+00 0.000000000000000000e+00 0.000000000000000000e+00 0.000000000000000000e+00 1.000000000000000000e+00
7.961049079895019531e-01 3.932052850723266602e-01 -4.600075185298919678e-01 7.397632598876953125e-01 6.028712987899780273e-01 -5.813523530960083008e-01 5.464209318161010742e-01 -1.409585952758789062e+00 -5.257093533873558044e-02 -7.123336791992187500e-01 -6.998693346977233887e-01 1.174204468727111816e+00 0.000000000000000000e+00 0.000000000000000000e+00 0.000000000000000000e+00 1.000000000000000000e+00
7.959327697753906250e-01 3.940281867980957031e-01 -4.596011042594909668e-01 7.387258410453796387e-01 6.031565070152282715e-01 -5.812301039695739746e-01 5.462363362312316895e-01 -1.413208961486816406e+00 -5.190149322152137756e-02 -7.119787335395812988e-01 -7.002804279327392578e-01 1.174381017684936523e+00 0.000000000000000000e+00 0.000000000000000000e+00 0.000000000000000000e+00 1.000000000000000000e+00
7.957626581192016602e-01 3.948428332805633545e-01 -4.591963291168212891e-01 7.376883625984191895e-01 6.034371852874755859e-01 -5.811153054237365723e-01 5.460482835769653320e-01 -1.416831851005554199e+00 -5.124279856681823730e-02 -7.116207480430603027e-01 -7.006925940513610840e-01 1.174557566642761230e+00 0.000000000000000000e+00 0.000000000000000000e+00 0.000000000000000000e+00 1.000000000000000000e+00
7.955945730209350586e-01 3.956491649150848389e-01 -4.587933421134948730e-01 7.366508841514587402e-01 6.037133932113647461e-01 -5.810083746910095215e-01 5.458567142486572266e-01 -1.420454740524291992e+00 -5.059503018856048584e-02 -7.112601399421691895e-01 -7.011057138442993164e-01 1.174733996391296387e+00 0.000000000000000000e+00 0.000000000000000000e+00 0.000000000000000000e+00 1.000000000000000000e+00
7.954279184341430664e-01 3.964498639106750488e-01 -4.583910405635833740e-01 7.354555726051330566e-01 6.039862632751464844e-01 -5.809072852134704590e-01 5.456625223159790039e-01 -1.424027204513549805e+00 -4.995486885309219360e-02 -7.108970284461975098e-01 -7.015199065208435059e-01 1.174912095069885254e+00 0.000000000000000000e+00 0.000000000000000000e+00 0.000000000000000000e+00 1.000000000000000000e+00
7.952619791030883789e-01 3.972473740577697754e-01 -4.579883515834808350e-01 7.341842651367187500e-01 6.042571067810058594e-01 -5.808097720146179199e-01 5.454664230346679688e-01 -1.427574872970581055e+00 -4.931897297501564026e-02 -7.105311751365661621e-01 -7.019352316856384277e-01 1.175091028213500977e+00 0.000000000000000000e+00 0.000000000000000000e+00 0.000000000000000000e+00 1.000000000000000000e+00
7.950966358184814453e-01 3.980421125888824463e-01 -4.575851857662200928e-01 7.329130768775939941e-01 6.045257449150085449e-01 -5.807161331176757812e-01 5.452684164047241211e-01 -1.431122303009033203e+00 -4.868729785084724426e-02 -7.101629972457885742e-01 -7.023518681526184082e-01 1.175269842147827148e+00 0.000000000000000000e+00 0.000000000000000000e+00 0.000000000000000000e+00 1.000000000000000000e+00
7.949320673942565918e-01 3.988336920738220215e-01 -4.571816623210906982e-01 7.316418290138244629e-01 6.047923564910888672e-01 -5.806260704994201660e-01 5.450686812400817871e-01 -1.434669852256774902e+00 -4.805984720587730408e-02 -7.097924351692199707e-01 -7.027695775032043457e-01 1.175448656082153320e+00 0.000000000000000000e+00 0.000000000000000000e+00 0.000000000000000000e+00 1.000000000000000000e+00
7.947682142257690430e-01 3.996223807334899902e-01 -4.567776322364807129e-01 7.303705215454101562e-01 6.050567626953125000e-01 -5.805398821830749512e-01 5.448669791221618652e-01 -1.438217401504516602e+00 -4.743660241365432739e-02 -7.094193100929260254e-01 -7.031885385513305664e-01 1.175627470016479492e+00 0.000000000000000000e+00 0.000000000000000000e+00 0.000000000000000000e+00 1.000000000000000000e+00
7.946050763130187988e-01 4.004079997539520264e-01 -4.563733041286468506e-01 7.290992140769958496e-01 6.053193211555480957e-01 -5.804570913314819336e-01 5.446634292602539062e-01 -1.441764950752258301e+00 -4.681755229830741882e-02 -7.090439200401306152e-01 -7.036085128784179688e-01 1.175806283950805664e+00 0.000000000000000000e+00 0.000000000000000000e+00 0.000000000000000000e+00 1.000000000000000000e+00
7.944424748420715332e-01 4.011906981468200684e-01 -4.559686481952667236e-01 7.278277277946472168e-01 6.055796742439270020e-01 -5.803781151771545410e-01 5.444581508636474609e-01 -1.445312857627868652e+00 -4.620267450809478760e-02 -7.086660265922546387e-01 -7.040298581123352051e-01 1.175985217094421387e+00 0.000000000000000000e+00 0.000000000000000000e+00 0.000000000000000000e+00 1.000000000000000000e+00
7.942808866500854492e-01 4.019703865051269531e-01 -4.555634558200836182e-01 7.265565991401672363e-01 6.058380603790283203e-01 -5.803027749061584473e-01 5.442510247230529785e-01 -1.448859930038452148e+00 -4.559197276830673218e-02 -7.082857489585876465e-01 -7.044520974159240723e-01 1.176164031028747559e+00 0.000000000000000000e+00 0.000000000000000000e+00 0.000000000000000000e+00 1.000000000000000000e+00
7.941199541091918945e-01 4.027470946311950684e-01 -4.551579356193542480e-01 7.252851724624633789e-01 6.060943603515625000e-01 -5.802310705184936523e-01 5.440421104431152344e-01 -1.452407836914062500e+00 -4.498542100191116333e-02 -7.079032063484191895e-01 -7.048754692077636719e-01 1.176342844963073730e+00 0.000000000000000000e+00 0.000000000000000000e+00 0.000000000000000000e+00 1.000000000000000000e+00
7.939594984054565430e-01 4.035208225250244141e-01 -4.547520577907562256e-01 7.240138649940490723e-01 6.063486337661743164e-01 -5.801628232002258301e-01 5.438312888145446777e-01 -1.455955386161804199e+00 -4.438299685716629028e-02 -7.075183987617492676e-01 -7.052998542785644531e-01 1.176521658897399902e+00 0.000000000000000000e+00 0.000000000000000000e+00 0.000000000000000000e+00 1.000000000000000000e+00
7.938001155853271484e-01 4.042915105819702148e-01 -4.543457925319671631e-01 7.227425575256347656e-01 6.066009402275085449e-01 -5.800982117652893066e-01 5.436189174652099609e-01 -1.459502935409545898e+00 -4.378470405936241150e-02 -7.071312665939331055e-01 -7.057254314422607422e-01 1.176700472831726074e+00 0.000000000000000000e+00 0.000000000000000000e+00 0.000000000000000000e+00 1.000000000000000000e+00
7.936413288116455078e-01 4.050592184066772461e-01 -4.539391994476318359e-01 7.214713096618652344e-01 6.068512797355651855e-01 -5.800371170043945312e-01 5.434046983718872070e-01 -1.463050484657287598e+00 -4.319052025675773621e-02 -7.067419886589050293e-01 -7.061519026756286621e-01 1.176879405975341797e+00 0.000000000000000000e+00 0.000000000000000000e+00 0.000000000000000000e+00 1.000000000000000000e+00
7.934831976890563965e-01 4.058240056037902832e-01 -4.535323083400726318e-01 7.201998829841613770e-01 6.070995926856994629e-01 -5.799795985221862793e-01 5.431887507438659668e-01 -1.466598391532897949e+00 -4.260043054819107056e-02 -7.063503861427307129e-01 -7.065793871879577637e-01 1.177058219909667969e+00 0.000000000000000000e+00 0.000000000000000000e+00 0.000000000000000000e+00 1.000000000000000000e+00
7.933260202407836914e-01 4.065857529640197754e-01 -4.531250000000000000e-01 7.189287543296813965e-01 6.073459386825561523e-01 -5.799254775047302246e-01 5.429710149765014648e-01 -1.470145463943481445e+00 -4.201443493366241455e-02 -7.059565782546997070e-01 -7.070079445838928223e-01 1.177237033843994141e+00 0.000000000000000000e+00 0.000000000000000000e+00 0.000000000000000000e+00 1.000000000000000000e+00
7.931693792343139648e-01 4.073445200920104980e-01 -4.527173340320587158e-01 7.176573276519775391e-01 6.075902581214904785e-01 -5.798748731613159180e-01 5.427516698837280273e-01 -1.473693490028381348e+00 -4.143249988555908203e-02 -7.055606245994567871e-01 -7.074374556541442871e-01 1.177415847778320312e+00 0.000000000000000000e+00 0.000000000000000000e+00 0.000000000000000000e+00 1.000000000000000000e+00
7.930135726928710938e-01 4.081003665924072266e-01 -4.523092806339263916e-01 7.163860797882080078e-01 6.078327298164367676e-01 -5.798277258872985840e-01 5.425304770469665527e-01 -1.477241039276123047e+00 -4.085462167859077454e-02 -7.051624655723571777e-01 -7.078678607940673828e-01 1.177594780921936035e+00 0.000000000000000000e+00 0.000000000000000000e+00 0.000000000000000000e+00 1.000000000000000000e+00
7.928585410118103027e-01 4.088532924652099609e-01 -4.519011080265045166e-01 7.148873209953308105e-01 6.080732345581054688e-01 -5.797840356826782227e-01 5.423076748847961426e-01 -1.480698347091674805e+00 -4.028078913688659668e-02 -7.047622203826904297e-01 -7.082992196083068848e-01 1.177775144577026367e+00 0.000000000000000000e+00 0.000000000000000000e+00 0.000000000000000000e+00 1.000000000000000000e+00
7.927043437957763672e-01 4.096030592918395996e-01 -4.514924883842468262e-01 7.133840322494506836e-01 6.083118319511413574e-01 -5.797436833381652832e-01 5.420832037925720215e-01 -1.484154343605041504e+00 -3.971097990870475769e-02 -7.043598294258117676e-01 -7.087315320968627930e-01 1.177955508232116699e+00 0.000000000000000000e+00 0.000000000000000000e+00 0.000000000000000000e+00 1.000000000000000000e+00
7.925507426261901855e-01 4.103499352931976318e-01 -4.510836005210876465e-01 7.118811011314392090e-01 6.085484623908996582e-01 -5.797066092491149902e-01 5.418570041656494141e-01 -1.487609624862670898e+00 -3.914518654346466064e-02 -7.039554119110107422e-01 -7.091645598411560059e-01 1.178135991096496582e+00 0.000000000000000000e+00 0.000000000000000000e+00 0.000000000000000000e+00 1.000000000000000000e+00
7.923980951309204102e-01 4.110939204692840576e-01 -4.506743550300598145e-01 7.103781104087829590e-01 6.087832450866699219e-01 -5.796732306480407715e-01 5.416291356086730957e-01 -1.491065263748168945e+00 -3.858339041471481323e-02 -7.035489678382873535e-01 -7.095986604690551758e-01 1.178316354751586914e+00 0.000000000000000000e+00 0.000000000000000000e+00 0.000000000000000000e+00 1.000000000000000000e+00
7.922460436820983887e-01 4.118348658084869385e-01 -4.502648413181304932e-01 7.088748812675476074e-01 6.090160012245178223e-01 -5.796429514884948730e-01 5.413997173309326172e-01 -1.494521260261535645e+00 -3.802558034658432007e-02 -7.031403183937072754e-01 -7.100335955619812012e-01 1.178496837615966797e+00 0.000000000000000000e+00 0.000000000000000000e+00 0.000000000000000000e+00 1.000000000000000000e+00
7.920949459075927734e-01 4.125727713108062744e-01 -4.498551189899444580e-01 7.073717713356018066e-01 6.092469692230224609e-01 -5.796160101890563965e-01 5.411687493324279785e-01 -1.497976779937744141e+00 -3.747174888849258423e-02 -7.027298808097839355e-01 -7.104694247245788574e-01 1.178677201271057129e+00 0.000000000000000000e+00 0.000000000000000000e+00 0.000000000000000000e+00 1.000000000000000000e+00
7.919445037841796875e-01 4.133077859878540039e-01 -4.494450986385345459e-01 7.058686614036560059e-01 6.094761490821838379e-01 -5.795923471450805664e-01 5.409360527992248535e-01 -1.501432418823242188e+00 -3.692187368869781494e-02 -7.023172974586486816e-01 -7.109059691429138184e-01 1.178857684135437012e+00 0.000000000000000000e+00 0.000000000000000000e+00 0.000000000000000000e+00 1.000000000000000000e+00
7.917947173118591309e-01 4.140398502349853516e-01 -4.490347504615783691e-01 7.043656706809997559e-01 6.097032427787780762e-01 -5.795720219612121582e-01 5.407016873359680176e-01 -1.504888057708740234e+00 -3.637593612074851990e-02 -7.019028067588806152e-01 -7.113432884216308594e-01 1.179038047790527344e+00 0.000000000000000000e+00 0.000000000000000000e+00 0.000000000000000000e+00 1.000000000000000000e+00
7.916460633277893066e-01 4.147687852382659912e-01 -4.486241638660430908e-01 7.028626203536987305e-01 6.099286079406738281e-01 -5.795548558235168457e-01 5.404658913612365723e-01 -1.508343696594238281e+00 -3.583393990993499756e-02 -7.014862895011901855e-01 -7.117815017700195312e-01 1.179218530654907227e+00 0.000000000000000000e+00 0.000000000000000000e+00 0.000000000000000000e+00 1.000000000000000000e+00
7.914980053901672363e-01 4.154949188232421875e-01 -4.482133686542510986e-01 7.013595700263977051e-01 6.101520657539367676e-01 -5.795410275459289551e-01 5.402284860610961914e-01 -1.511799335479736328e+00 -3.529585525393486023e-02 -7.010681033134460449e-01 -7.122204303741455078e-01 1.179398894309997559e+00 0.000000000000000000e+00 0.000000000000000000e+00 0.000000000000000000e+00 1.000000000000000000e+00
7.913507223129272461e-01 4.162180721759796143e-01 -4.478023350238800049e-01 6.998563408851623535e-01 6.103737950325012207e-01 -5.795303583145141602e-01 5.399895310401916504e-01 -1.515255451202392578e+00 -3.476167842745780945e-02 -7.006477713584899902e-01 -7.126601338386535645e-01 1.179579377174377441e+00 0.000000000000000000e+00 0.000000000000000000e+00 0.000000000000000000e+00 1.000000000000000000e+00
7.912042140960693359e-01 4.169381260871887207e-01 -4.473910927772521973e-01 6.983532905578613281e-01 6.105936765670776367e-01 -5.795227289199829102e-01 5.397490262985229492e-01 -1.518710970878601074e+00 -3.423138335347175598e-02 -7.002256512641906738e-01 -7.131004929542541504e-01 1.179759740829467773e+00 0.000000000000000000e+00 0.000000000000000000e+00 0.000000000000000000e+00 1.000000000000000000e+00
7.910585999488830566e-01 4.176553487777709961e-01 -4.469795227050781250e-01 6.968504190444946289e-01 6.108115911483764648e-01 -5.795184969902038574e-01 5.395069122314453125e-01 -1.522166252136230469e+00 -3.370497003197669983e-02 -6.998018026351928711e-01 -7.135415077209472656e-01 1.179940104484558105e+00 0.000000000000000000e+00 0.000000000000000000e+00 0.000000000000000000e+00 1.000000000000000000e+00
7.909137010574340820e-01 4.183695614337921143e-01 -4.465678930282592773e-01 6.953471899032592773e-01 6.110278367996215820e-01 -5.795172452926635742e-01 5.392633676528930664e-01 -1.525622248649597168e+00 -3.318241983652114868e-02 -6.993760466575622559e-01 -7.139833569526672363e-01 1.180120587348937988e+00 0.000000000000000000e+00 0.000000000000000000e+00 0.000000000000000000e+00 1.000000000000000000e+00
7.907695770263671875e-01 4.190808832645416260e-01 -4.461559951305389404e-01 6.938441395759582520e-01 6.112422347068786621e-01 -5.795191526412963867e-01 5.390182733535766602e-01 -1.529077887535095215e+00 -3.266371041536331177e-02 -6.989485621452331543e-01 -7.144257426261901855e-01 1.180300951004028320e+00 0.000000000000000000e+00 0.000000000000000000e+00 0.000000000000000000e+00 1.000000000000000000e+00
7.906261682510375977e-01 4.197891950607299805e-01 -4.457438886165618896e-01 6.923246979713439941e-01 6.114549636840820312e-01 -5.795241594314575195e-01 5.387716293334960938e-01 -1.532525777816772461e+00 -3.214884176850318909e-02 -6.985191702842712402e-01 -7.148689627647399902e-01 1.180481433868408203e+00 0.000000000000000000e+00 0.000000000000000000e+00 0.000000000000000000e+00 1.000000000000000000e+00
7.904836535453796387e-01 4.204945564270019531e-01 -4.453316628932952881e-01 6.905934810638427734e-01 6.116658449172973633e-01 -5.795321464538574219e-01 5.385235548019409180e-01 -1.535873293876647949e+00 -3.163779154419898987e-02 -6.980881094932556152e-01 -7.153126001358032227e-01 1.180662751197814941e+00 0.000000000000000000e+00 0.000000000000000000e+00 0.000000000000000000e+00 1.000000000000000000e+00
7.903419137001037598e-01 4.211969077587127686e-01 -4.449191391468048096e-01 6.888623833656311035e-01 6.118748188018798828e-01 -5.795432925224304199e-01 5.382739901542663574e-01 -1.539220452308654785e+00 -3.113053739070892334e-02 -6.976553797721862793e-01 -7.157568335533142090e-01 1.180843949317932129e+00 0.000000000000000000e+00 0.000000000000000000e+00 0.000000000000000000e+00 1.000000000000000000e+00
7.902010679244995117e-01 4.218962490558624268e-01 -4.445065259933471680e-01 6.871314644813537598e-01 6.120822429656982422e-01 -5.795572400093078613e-01 5.380230545997619629e-01 -1.542567253112792969e+00 -3.062708675861358643e-02 -6.972208619117736816e-01 -7.162017822265625000e-01 1.181025147438049316e+00 0.000000000000000000e+00 0.000000000000000000e+00 0.000000000000000000e+00 1.000000000000000000e+00
7.900609970092773438e-01 4.225928187370300293e-01 -4.440937936305999756e-01 6.854001879692077637e-01 6.122878789901733398e-01 -5.795744061470031738e-01 5.377706885337829590e-01 -1.545914888381958008e+00 -3.012740798294544220e-02 -6.967847943305969238e-01 -7.166473269462585449e-01 1.181206345558166504e+00 0.000000000000000000e+00 0.000000000000000000e+00 0.000000000000000000e+00 1.000000000000000000e+00
7.899217009544372559e-01 4.232862889766693115e-01 -4.436809420585632324e-01 6.836690902709960938e-01 6.124916672706604004e-01 -5.795944929122924805e-01 5.375168919563293457e-01 -1.549262046813964844e+00 -2.963149175047874451e-02 -6.963470578193664551e-01 -7.170934081077575684e-01 1.181387543678283691e+00 0.000000000000000000e+00 0.000000000000000000e+00 0.000000000000000000e+00 1.000000000000000000e+00
7.897831797599792480e-01 4.239768385887145996e-01 -4.432678520679473877e-01 6.819379925727844238e-01 6.126937866210937500e-01 -5.796174407005310059e-01 5.372615456581115723e-01 -1.552609205245971680e+00 -2.913932502269744873e-02 -6.959074735641479492e-01 -7.175400257110595703e-01 1.181568741798400879e+00 0.000000000000000000e+00 0.000000000000000000e+00 0.000000000000000000e+00 1.000000000000000000e+00
7.896456122398376465e-01 4.246644377708435059e-01 -4.428546428680419922e-01 6.802067160606384277e-01 6.128942370414733887e-01 -5.796434879302978516e-01 5.370049476623535156e-01 -1.555956840515136719e+00 -2.865090221166610718e-02 -6.954665780067443848e-01 -7.179870605468750000e-01 1.181750059127807617e+00 0.000000000000000000e+00 0.000000000000000000e+00 0.000000000000000000e+00 1.000000000000000000e+00
7.895087003707885742e-01 4.253490865230560303e-01 -4.424414038658142090e-01 6.784757971763610840e-01 6.130928993225097656e-01 -5.796722769737243652e-01 5.367469191551208496e-01 -1.559303641319274902e+00 -2.816619165241718292e-02 -6.950240135192871094e-01 -7.184346318244934082e-01 1.181931257247924805e+00 0.000000000000000000e+00 0.000000000000000000e+00 0.000000000000000000e+00 1.000000000000000000e+00
7.893727421760559082e-01 4.260308146476745605e-01 -4.420279562473297119e-01 6.767447590827941895e-01 6.132900118827819824e-01 -5.797040462493896484e-01 5.364875197410583496e-01 -1.562650799751281738e+00 -2.768519334495067596e-02 -6.945798397064208984e-01 -7.188827991485595703e-01 1.182112455368041992e+00 0.000000000000000000e+00 0.000000000000000000e+00 0.000000000000000000e+00 1.000000000000000000e+00
7.892376184463500977e-01 4.267095625400543213e-01 -4.416145086288452148e-01 6.750135421752929688e-01 6.134853363037109375e-01 -5.797385573387145996e-01 5.362268090248107910e-01 -1.565998435020446777e+00 -2.720788493752479553e-02 -6.941342949867248535e-01 -7.193312644958496094e-01 1.182293653488159180e+00 0.000000000000000000e+00 0.000000000000000000e+00 0.000000000000000000e+00 1.000000000000000000e+00
7.891031503677368164e-01 4.273853898048400879e-01 -4.412009418010711670e-01 6.732824444770812988e-01 6.136789917945861816e-01 -5.797759890556335449e-01 5.359646081924438477e-01 -1.569345593452453613e+00 -2.673426084220409393e-02 -6.936870813369750977e-01 -7.197802066802978516e-01 1.182474851608276367e+00 0.000000000000000000e+00 0.000000000000000000e+00 0.000000000000000000e+00 1.000000000000000000e+00
7.889695167541503906e-01 4.280583262443542480e-01 -4.407873749732971191e-01 6.715513467788696289e-01 6.138710379600524902e-01 -5.798162221908569336e-01 5.357011556625366211e-01 -1.572692751884460449e+00 -2.626429870724678040e-02 -6.932384967803955078e-01 -7.202296853065490723e-01 1.182656049728393555e+00 0.000000000000000000e+00 0.000000000000000000e+00 0.000000000000000000e+00 1.000000000000000000e+00
7.888367176055908203e-01 4.287281632423400879e-01 -4.403736293315887451e-01 6.698202490806579590e-01 6.140613555908203125e-01 -5.798591375350952148e-01 5.354364514350891113e-01 -1.576040029525756836e+00 -2.579798549413681030e-02 -6.927882432937622070e-01 -7.206794619560241699e-01 1.182837367057800293e+00 0.000000000000000000e+00 0.000000000000000000e+00 0.000000000000000000e+00 1.000000000000000000e+00
7.887049317359924316e-01 4.293951690196990967e-01 -4.399598240852355957e-01 6.680892109870910645e-01 6.142500638961791992e-01 -5.799049139022827148e-01 5.351703763008117676e-01 -1.579387187957763672e+00 -2.533531561493873596e-02 -6.923368573188781738e-01 -7.211295366287231445e-01 1.183018565177917480e+00 0.000000000000000000e+00 0.000000000000000000e+00 0.000000000000000000e+00 1.000000000000000000e+00
7.885738015174865723e-01 4.300592243671417236e-01 -4.395461082458496094e-01 6.663581132888793945e-01 6.144371032714843750e-01 -5.799534320831298828e-01 5.349030494689941406e-01 -1.582734346389770508e+00 -2.487626858055591583e-02 -6.918838620185852051e-01 -7.215802073478698730e-01 1.183199763298034668e+00 0.000000000000000000e+00 0.000000000000000000e+00 0.000000000000000000e+00 1.000000000000000000e+00
7.884436249732971191e-01 4.307202696800231934e-01 -4.391322433948516846e-01 6.646267771720886230e-01 6.146225929260253906e-01 -5.800045728683471680e-01 5.346344709396362305e-01 -1.586081981658935547e+00 -2.442083135247230530e-02 -6.914294958114624023e-01 -7.220311164855957031e-01 1.183380961418151855e+00 0.000000000000000000e+00 0.000000000000000000e+00 0.000000000000000000e+00 1.000000000000000000e+00
7.883140444755554199e-01 4.313785135746002197e-01 -4.387183487415313721e-01 6.626783013343811035e-01 6.148062348365783691e-01 -5.800585746765136719e-01 5.343645215034484863e-01 -1.589307188987731934e+00 -2.396898530423641205e-02 -6.909738779067993164e-01 -7.224822640419006348e-01 1.183562159538269043e+00 0.000000000000000000e+00 0.000000000000000000e+00 0.000000000000000000e+00 1.000000000000000000e+00
7.881854772567749023e-01 4.320336878299713135e-01 -4.383045434951782227e-01 6.607246994972229004e-01 6.149885058403015137e-01 -5.801150798797607422e-01 5.340933799743652344e-01 -1.592529535293579102e+00 -2.352072298526763916e-02 -6.905169486999511719e-01 -7.229337096214294434e-01 1.183743357658386230e+00 0.000000000000000000e+00 0.000000000000000000e+00 0.000000000000000000e+00 1.000000000000000000e+00
7.880576252937316895e-01 4.326860010623931885e-01 -4.378907382488250732e-01 6.587710976600646973e-01 6.151691079139709473e-01 -5.801742672920227051e-01 5.338211059570312500e-01 -1.595752000808715820e+00 -2.307602949440479279e-02 -6.900586485862731934e-01 -7.233856320381164551e-01 1.183924555778503418e+00 0.000000000000000000e+00 0.000000000000000000e+00 0.000000000000000000e+00 1.000000000000000000e+00
7.879305481910705566e-01 4.333353638648986816e-01 -4.374768435955047607e-01 6.568174958229064941e-01 6.153481006622314453e-01 -5.802361369132995605e-01 5.335474610328674316e-01 -1.598974347114562988e+00 -2.263488434255123138e-02 -6.895990371704101562e-01 -7.238376736640930176e-01 1.184105753898620605e+00 0.000000000000000000e+00 0.000000000000000000e+00 0.000000000000000000e+00 1.000000000000000000e+00
7.878045439720153809e-01 4.339818060398101807e-01 -4.370630979537963867e-01 6.548637151718139648e-01 6.155256032943725586e-01 -5.803005099296569824e-01 5.332727432250976562e-01 -1.602197170257568359e+00 -2.219728380441665649e-02 -6.891381144523620605e-01 -7.242900729179382324e-01 1.184286952018737793e+00 0.000000000000000000e+00 0.000000000000000000e+00 0.000000000000000000e+00 1.000000000000000000e+00
7.876791357994079590e-01 4.346252977848052979e-01 -4.366493225097656250e-01 6.529100537300109863e-01 6.157013773918151855e-01 -5.803675055503845215e-01 5.329967141151428223e-01 -1.605419397354125977e+00 -2.176320552825927734e-02 -6.886758804321289062e-01 -7.247426509857177734e-01 1.184468150138854980e+00 0.000000000000000000e+00 0.000000000000000000e+00 0.000000000000000000e+00 1.000000000000000000e+00
7.875546813011169434e-01 4.352658390998840332e-01 -4.362355470657348633e-01 6.509564518928527832e-01 6.158756017684936523e-01 -5.804370641708374023e-01 5.327195525169372559e-01 -1.608641862869262695e+00 -2.133263647556304932e-02 -6.882126927375793457e-01 -7.251952886581420898e-01 1.184649348258972168e+00 0.000000000000000000e+00 0.000000000000000000e+00 0.000000000000000000e+00 1.000000000000000000e+00
7.874311208724975586e-01 4.359034895896911621e-01 -4.358219206333160400e-01 6.490028500556945801e-01 6.160484552383422852e-01 -5.805090069770812988e-01 5.324413180351257324e-01 -1.611864328384399414e+00 -2.090556733310222626e-02 -6.877480745315551758e-01 -7.256483435630798340e-01 1.184830546379089355e+00 0.000000000000000000e+00 0.000000000000000000e+00 0.000000000000000000e+00 1.000000000000000000e+00
7.873082756996154785e-01 4.365382790565490723e-01 -4.354084134101867676e-01 6.470492482185363770e-01 6.162197589874267578e-01 -5.805835723876953125e-01 5.321618318557739258e-01 -1.615086674690246582e+00 -2.048197574913501740e-02 -6.872825026512145996e-01 -7.261015176773071289e-01 1.185011744499206543e+00 0.000000000000000000e+00 0.000000000000000000e+00 0.000000000000000000e+00 1.000000000000000000e+00
7.871860861778259277e-01 4.371699988842010498e-01 -4.349948167800903320e-01 6.450956463813781738e-01 6.163892745971679688e-01 -5.806605815887451172e-01 5.318812131881713867e-01 -1.618309020996093750e+00 -2.006185427308082581e-02 -6.868155598640441895e-01 -7.265548110008239746e-01 1.185192942619323730e+00 0.000000000000000000e+00 0.000000000000000000e+00 0.000000000000000000e+00 1.000000000000000000e+00
7.870649099349975586e-01 4.377989172935485840e-01 -4.345813989639282227e-01 6.431418061256408691e-01 6.165573596954345703e-01 -5.807401537895202637e-01 5.315994620323181152e-01 -1.621531844139099121e+00 -1.964518800377845764e-02 -6.863477826118469238e-01 -7.270080447196960449e-01 1.185374259948730469e+00 0.000000000000000000e+00 0.000000000000000000e+00 0.000000000000000000e+00 1.000000000000000000e+00
7.869447469711303711e-01 4.384249448776245117e-01 -4.341681003570556641e-01 6.411882042884826660e-01 6.167240738868713379e-01 -5.808220505714416504e-01 5.313166379928588867e-01 -1.624754190444946289e+00 -1.923196390271186829e-02 -6.858786940574645996e-01 -7.274618148803710938e-01 1.185555458068847656e+00 0.000000000000000000e+00 0.000000000000000000e+00 0.000000000000000000e+00 1.000000000000000000e+00
7.868251800537109375e-01 4.390479326248168945e-01 -4.337549209594726562e-01 6.392348408699035645e-01 6.168891191482543945e-01 -5.809064507484436035e-01 5.310327410697937012e-01 -1.627976179122924805e+00 -1.882216334342956543e-02 -6.854085326194763184e-01 -7.279154658317565918e-01 1.185736536979675293e+00 0.000000000000000000e+00 0.000000000000000000e+00 0.000000000000000000e+00 1.000000000000000000e+00
7.867065668106079102e-01 4.396680593490600586e-01 -4.333417713642120361e-01 6.372809410095214844e-01 6.170527338981628418e-01 -5.809930562973022461e-01 5.307477116584777832e-01 -1.631199002265930176e+00 -1.841577515006065369e-02 -6.849374175071716309e-01 -7.283691167831420898e-01 1.185917735099792480e+00 0.000000000000000000e+00 0.000000000000000000e+00 0.000000000000000000e+00 1.000000000000000000e+00
7.865887880325317383e-01 4.402852654457092285e-01 -4.329288303852081299e-01 6.353273391723632812e-01 6.172148585319519043e-01 -5.810822248458862305e-01 5.304616093635559082e-01 -1.634421348571777344e+00 -1.801279000937938690e-02 -6.844652891159057617e-01 -7.288229465484619141e-01 1.186098933219909668e+00 0.000000000000000000e+00 0.000000000000000000e+00 0.000000000000000000e+00 1.000000000000000000e+00
7.864716649055480957e-01 4.408995807170867920e-01 -4.325160980224609375e-01 6.333737969398498535e-01 6.173753738403320312e-01 -5.811735391616821289e-01 5.301746129989624023e-01 -1.637643814086914062e+00 -1.761317625641822815e-02 -6.839921474456787109e-01 -7.292768359184265137e-01 1.186280131340026855e+00 0.000000000000000000e+00 0.000000000000000000e+00 0.000000000000000000e+00 1.000000000000000000e+00
7.863555550575256348e-01 4.415108859539031982e-01 -4.321034550666809082e-01 6.312624812126159668e-01 6.175346374511718750e-01 -5.812671780586242676e-01 5.298864245414733887e-01 -1.640763521194458008e+00 -1.721693947911262512e-02 -6.835179328918457031e-01 -7.297306060791015625e-01 1.186460733413696289e+00 0.000000000000000000e+00 0.000000000000000000e+00 0.000000000000000000e+00 1.000000000000000000e+00
7.862400412559509277e-01 4.421193599700927734e-01 -4.316911101341247559e-01 6.290937662124633789e-01 6.176921725273132324e-01 -5.813631415367126465e-01 5.295973420143127441e-01 -1.643844842910766602e+00 -1.682405732572078705e-02 -6.830428838729858398e-01 -7.301845550537109375e-01 1.186641097068786621e+00 0.000000000000000000e+00 0.000000000000000000e+00 0.000000000000000000e+00 1.000000000000000000e+00
7.861257791519165039e-01 4.427249133586883545e-01 -4.312787652015686035e-01 6.269248127937316895e-01 6.178484559059143066e-01 -5.814614892005920410e-01 5.293071866035461426e-01 -1.646926403045654297e+00 -1.643451862037181854e-02 -6.825668215751647949e-01 -7.306384444236755371e-01 1.186821460723876953e+00 0.000000000000000000e+00 0.000000000000000000e+00 0.000000000000000000e+00 1.000000000000000000e+00
7.860119938850402832e-01 4.433275163173675537e-01 -4.308667182922363281e-01 6.247556805610656738e-01 6.180031299591064453e-01 -5.815619230270385742e-01 5.290160775184631348e-01 -1.650008440017700195e+00 -1.604829914867877960e-02 -6.820899844169616699e-01 -7.310922741889953613e-01 1.187001824378967285e+00 0.000000000000000000e+00 0.000000000000000000e+00 0.000000000000000000e+00 1.000000000000000000e+00
7.858991622924804688e-01 4.439273774623870850e-01 -4.304548799991607666e-01 6.225867271423339844e-01 6.181566119194030762e-01 -5.816646218299865723e-01 5.287237763404846191e-01 -1.653090000152587891e+00 -1.566539891064167023e-02 -6.816120743751525879e-01 -7.315459847450256348e-01 1.187182188034057617e+00 0.000000000000000000e+00 0.000000000000000000e+00 0.000000000000000000e+00 1.000000000000000000e+00
7.857871651649475098e-01 4.445241689682006836e-01 -4.300433397293090820e-01 6.204177737236022949e-01 6.183084845542907715e-01 -5.817695260047912598e-01 5.284308195114135742e-01 -1.656171679496765137e+00 -1.528580021113157272e-02 -6.811334490776062012e-01 -7.319997549057006836e-01 1.187362432479858398e+00 0.000000000000000000e+00 0.000000000000000000e+00 0.000000000000000000e+00 1.000000000000000000e+00
7.856758832931518555e-01 4.451181292533874512e-01 -4.296318292617797852e-01 6.182485818862915039e-01 6.184589862823486328e-01 -5.818765163421630859e-01 5.281366705894470215e-01 -1.659253597259521484e+00 -1.490948162972927094e-02 -6.806539297103881836e-01 -7.324533462524414062e-01 1.187542796134948730e+00 0.000000000000000000e+00 0.000000000000000000e+00 0.000000000000000000e+00 1.000000000000000000e+00
7.855654954910278320e-01 4.457092285156250000e-01 -4.292207956314086914e-01 6.160799264907836914e-01 6.186081171035766602e-01 -5.819857120513916016e-01 5.278417468070983887e-01 -1.662334918975830078e+00 -1.453643385320901871e-02 -6.801736950874328613e-01 -7.329069972038269043e-01 1.187723159790039062e+00 0.000000000000000000e+00 0.000000000000000000e+00 0.000000000000000000e+00 1.000000000000000000e+00
7.854559421539306641e-01 4.462973475456237793e-01 -4.288099110126495361e-01 6.139109730720520020e-01 6.187557578086853027e-01 -5.820969939231872559e-01 5.275458693504333496e-01 -1.665416479110717773e+00 -1.416664198040962219e-02 -6.796925663948059082e-01 -7.333603501319885254e-01 1.187903523445129395e+00 0.000000000000000000e+00 0.000000000000000000e+00 0.000000000000000000e+00 1.000000000000000000e+00
7.853473424911499023e-01 4.468826055526733398e-01 -4.283992946147918701e-01 6.117418408393859863e-01 6.189020276069641113e-01 -5.822104215621948242e-01 5.272490978240966797e-01 -1.668498516082763672e+00 -1.380009204149246216e-02 -6.792107224464416504e-01 -7.338137030601501465e-01 1.188083887100219727e+00 0.000000000000000000e+00 0.000000000000000000e+00 0.000000000000000000e+00 1.000000000000000000e+00
7.852394580841064453e-01 4.474649429321289062e-01 -4.279889762401580811e-01 6.095728874206542969e-01 6.190468668937683105e-01 -5.823258757591247559e-01 5.269514918327331543e-01 -1.671580076217651367e+00 -1.343676913529634476e-02 -6.787282824516296387e-01 -7.342667579650878906e-01 1.188264250755310059e+00 0.000000000000000000e+00 0.000000000000000000e+00 0.000000000000000000e+00 1.000000000000000000e+00
7.851323485374450684e-01 4.480443894863128662e-01 -4.275790154933929443e-01 6.074039936065673828e-01 6.191903352737426758e-01 -5.824433565139770508e-01 5.266529321670532227e-01 -1.674661636352539062e+00 -1.307665836066007614e-02 -6.782449483871459961e-01 -7.347196936607360840e-01 1.188444495201110840e+00 0.000000000000000000e+00 0.000000000000000000e+00 0.000000000000000000e+00 1.000000000000000000e+00
7.850259542465209961e-01 4.486209154129028320e-01 -4.271692633628845215e-01 6.052349805831909180e-01 6.193323731422424316e-01 -5.825628042221069336e-01 5.263535380363464355e-01 -1.677743434906005859e+00 -1.271974761039018631e-02 -6.777609586715698242e-01 -7.351723313331604004e-01 1.188624858856201172e+00 0.000000000000000000e+00 0.000000000000000000e+00 0.000000000000000000e+00 1.000000000000000000e+00
7.849206328392028809e-01 4.491946101188659668e-01 -4.267598688602447510e-01 6.030660867691040039e-01 6.194730997085571289e-01 -5.826843976974487305e-01 5.260533094406127930e-01 -1.680824995040893555e+00 -1.236602663993835449e-02 -6.772762537002563477e-01 -7.356248497962951660e-01 1.188805222511291504e+00 0.000000000000000000e+00 0.000000000000000000e+00 0.000000000000000000e+00 1.000000000000000000e+00
7.848160266876220703e-01 4.497654736042022705e-01 -4.263508915901184082e-01 6.008971929550170898e-01 6.196125149726867676e-01 -5.828078985214233398e-01 5.257522463798522949e-01 -1.683906555175781250e+00 -1.201547309756278992e-02 -6.767911314964294434e-01 -7.360771298408508301e-01 1.188985586166381836e+00 0.000000000000000000e+00 0.000000000000000000e+00 0.000000000000000000e+00 1.000000000000000000e+00
7.847124338150024414e-01 4.503334164619445801e-01 -4.259421527385711670e-01 5.987280011177062988e-01 6.197506189346313477e-01 -5.829333662986755371e-01 5.254503488540649414e-01 -1.686988592147827148e+00 -1.166807394474744797e-02 -6.763051748275756836e-01 -7.365291714668273926e-01 1.189165949821472168e+00 0.000000000000000000e+00 0.000000000000000000e+00 0.000000000000000000e+00 1.000000000000000000e+00
7.846094369888305664e-01 4.508984684944152832e-01 -4.255338311195373535e-01 5.964825749397277832e-01 6.198873519897460938e-01 -5.830607414245605469e-01 5.251476764678955078e-01 -1.690012335777282715e+00 -1.132381893694400787e-02 -6.758187413215637207e-01 -7.369809150695800781e-01 1.189345598220825195e+00 0.000000000000000000e+00 0.000000000000000000e+00 0.000000000000000000e+00 1.000000000000000000e+00
7.845072746276855469e-01 4.514605998992919922e-01 -4.251258969306945801e-01 5.941074490547180176e-01 6.200227141380310059e-01 -5.831900238990783691e-01 5.248442292213439941e-01 -1.692937612533569336e+00 -1.098269131034612656e-02 -6.753317117691040039e-01 -7.374324202537536621e-01 1.189524292945861816e+00 0.000000000000000000e+00 0.000000000000000000e+00 0.000000000000000000e+00 1.000000000000000000e+00
7.844059467315673828e-01 4.520199000835418701e-01 -4.247183203697204590e-01 5.917319059371948242e-01 6.201567649841308594e-01 -5.833211541175842285e-01 5.245400071144104004e-01 -1.695863485336303711e+00 -1.064467988908290863e-02 -6.748442053794860840e-01 -7.378835678100585938e-01 1.189702868461608887e+00 0.000000000000000000e+00 0.000000000000000000e+00 0.000000000000000000e+00 1.000000000000000000e+00
7.843054533004760742e-01 4.525763094425201416e-01 -4.243112206459045410e-01 5.893565416336059570e-01 6.202895641326904297e-01 -5.834541320800781250e-01 5.242350697517395020e-01 -1.698789119720458984e+00 -1.030976604670286179e-02 -6.743561625480651855e-01 -7.383343577384948730e-01 1.189881563186645508e+00 0.000000000000000000e+00 0.000000000000000000e+00 0.000000000000000000e+00 1.000000000000000000e+00
7.842059135437011719e-01 4.531297981739044189e-01 -4.239044189453125000e-01 5.869811773300170898e-01 6.204208731651306152e-01 -5.835890173912048340e-01 5.239293575286865234e-01 -1.701714634895324707e+00 -9.977942332625389099e-03 -6.738675832748413086e-01 -7.387848496437072754e-01 1.190060138702392578e+00 0.000000000000000000e+00 0.000000000000000000e+00 0.000000000000000000e+00 1.000000000000000000e+00
7.841069698333740234e-01 4.536805152893066406e-01 -4.234980940818786621e-01 5.846055746078491211e-01 6.205510497093200684e-01 -5.837256908416748047e-01 5.236229300498962402e-01 -1.704640626907348633e+00 -9.649184532463550568e-03 -6.733785271644592285e-01 -7.392349839210510254e-01 1.190238833427429199e+00 0.000000000000000000e+00 0.000000000000000000e+00 0.000000000000000000e+00 1.000000000000000000e+00
7.840089201927185059e-01 4.542283713817596436e-01 -4.230921864509582520e-01 5.822302103042602539e-01 6.206799745559692383e-01 -5.838640928268432617e-01 5.233157873153686523e-01 -1.707566142082214355e+00 -9.323486126959323883e-03 -6.728890538215637207e-01 -7.396847009658813477e-01 1.190417408943176270e+00 0.000000000000000000e+00 0.000000000000000000e+00 0.000000000000000000e+00 1.000000000000000000e+00
7.839117050170898438e-01 4.547731578350067139e-01 -4.226868152618408203e-01 5.798548460006713867e-01 6.208074092864990234e-01 -5.840041041374206543e-01 5.230081081390380859e-01 -1.710491657257080078e+00 -9.000829420983791351e-03 -6.723991036415100098e-01 -7.401340603828430176e-01 1.190596103668212891e+00 0.000000000000000000e+00 0.000000000000000000e+00 0.000000000000000000e+00 1.000000000000000000e+00
7.838153839111328125e-01 4.553152024745941162e-01 -4.222818315029144287e-01 5.774794816970825195e-01 6.209336519241333008e-01 -5.841461420059204102e-01 5.226996541023254395e-01 -1.713417291641235352e+00 -8.681206032633781433e-03 -6.719089746475219727e-01 -7.405830025672912598e-01 1.190774679183959961e+00 0.000000000000000000e+00 0.000000000000000000e+00 0.000000000000000000e+00 1.000000000000000000e+00
7.837195992469787598e-01 4.558545053005218506e-01 -4.218773543834686279e-01 5.751041769981384277e-01 6.210586428642272949e-01 -5.842897295951843262e-01 5.223904848098754883e-01 -1.716342926025390625e+00 -8.364587090909481049e-03 -6.714181900024414062e-01 -7.410315275192260742e-01 1.190953373908996582e+00 0.000000000000000000e+00 0.000000000000000000e+00 0.000000000000000000e+00 1.000000000000000000e+00
7.836248874664306641e-01 4.563907682895660400e-01 -4.214734435081481934e-01 5.727288126945495605e-01 6.211825013160705566e-01 -5.844350457191467285e-01 5.220807194709777832e-01 -1.719268441200256348e+00 -8.050977252423763275e-03 -6.709273457527160645e-01 -7.414795756340026855e-01 1.191131949424743652e+00 0.000000000000000000e+00 0.000000000000000000e+00 0.000000000000000000e+00 1.000000000000000000e+00
7.835309505462646484e-01 4.569242298603057861e-01 -4.210699200630187988e-01 5.703532099723815918e-01 6.213049292564392090e-01 -5.845819711685180664e-01 5.217703580856323242e-01 -1.722194433212280273e+00 -7.740352768450975418e-03 -6.704359650611877441e-01 -7.419271469116210938e-01 1.191310644149780273e+00 0.000000000000000000e+00 0.000000000000000000e+00 0.000000000000000000e+00 1.000000000000000000e+00
7.834377884864807129e-01 4.574548304080963135e-01 -4.206669032573699951e-01 5.679780840873718262e-01 6.214262247085571289e-01 -5.847306251525878906e-01 5.214594006538391113e-01 -1.725119590759277344e+00 -7.432698737829923630e-03 -6.699444055557250977e-01 -7.423741221427917480e-01 1.191489219665527344e+00 0.000000000000000000e+00 0.000000000000000000e+00 0.000000000000000000e+00 1.000000000000000000e+00
7.833454012870788574e-01 4.579826891422271729e-01 -4.202645421028137207e-01 5.656025409698486328e-01 6.215462684631347656e-01 -5.848808288574218750e-01 5.211477875709533691e-01 -1.728045463562011719e+00 -7.128001190721988678e-03 -6.694524884223937988e-01 -7.428207397460937500e-01 1.191667914390563965e+00 0.000000000000000000e+00 0.000000000000000000e+00 0.000000000000000000e+00 1.000000000000000000e+00
7.832537889480590820e-01 4.585075974464416504e-01 -4.198626577854156494e-01 5.632271766662597656e-01 6.216650009155273438e-01 -5.850325822830200195e-01 5.208356380462646484e-01 -1.730971097946166992e+00 -6.826245691627264023e-03 -6.689603924751281738e-01 -7.432668209075927734e-01 1.191846489906311035e+00 0.000000000000000000e+00 0.000000000000000000e+00 0.000000000000000000e+00 1.000000000000000000e+00
7.831628322601318359e-01 4.590296447277069092e-01 -4.194613397121429443e-01 5.608518123626708984e-01 6.217824220657348633e-01 -5.851860046386718750e-01 5.205229520797729492e-01 -1.733896732330322266e+00 -6.527418736368417740e-03 -6.684680581092834473e-01 -7.437123656272888184e-01 1.192025184631347656e+00 0.000000000000000000e+00 0.000000000000000000e+00 0.000000000000000000e+00 1.000000000000000000e+00
7.830730080604553223e-01 4.595488607883453369e-01 -4.190605580806732178e-01 5.584764480590820312e-01 6.218987703323364258e-01 -5.853408575057983398e-01 5.202096700668334961e-01 -1.736822247505187988e+00 -6.231513805687427521e-03 -6.679754257202148438e-01 -7.441571950912475586e-01 1.192203760147094727e+00 0.000000000000000000e+00 0.000000000000000000e+00 0.000000000000000000e+00 1.000000000000000000e+00
7.829838991165161133e-01 4.600652158260345459e-01 -4.186604917049407959e-01 5.559184551239013672e-01 6.220140457153320312e-01 -5.854972004890441895e-01 5.198959708213806152e-01 -1.739588856697082520e+00 -5.938504356890916824e-03 -6.674827933311462402e-01 -7.446016669273376465e-01 1.192380070686340332e+00 0.000000000000000000e+00 0.000000000000000000e+00 0.000000000000000000e+00 1.000000000000000000e+00
7.828955054283142090e-01 4.605787694454193115e-01 -4.182609021663665771e-01 5.533471107482910156e-01 6.221279501914978027e-01 -5.856551527976989746e-01 5.195816159248352051e-01 -1.742344021797180176e+00 -5.648375954478979111e-03 -6.669899225234985352e-01 -7.450453042984008789e-01 1.192556142807006836e+00 0.000000000000000000e+00 0.000000000000000000e+00 0.000000000000000000e+00 1.000000000000000000e+00
7.828078269958496094e-01 4.610894620418548584e-01 -4.178619980812072754e-01 5.507755279541015625e-01 6.222406029701232910e-01 -5.858145356178283691e-01 5.192669034004211426e-01 -1.745099425315856934e+00 -5.361123476177453995e-03 -6.664969325065612793e-01 -7.454885840415954590e-01 1.192732214927673340e+00 0.000000000000000000e+00 0.000000000000000000e+00 0.000000000000000000e+00 1.000000000000000000e+00
7.827211618423461914e-01 4.615972638130187988e-01 -4.174636304378509521e-01 5.482043027877807617e-01 6.223521828651428223e-01 -5.859753489494323730e-01 5.189516544342041016e-01 -1.747854590415954590e+00 -5.076736677438020706e-03 -6.660037636756896973e-01 -7.459311485290527344e-01 1.192908287048339844e+00 0.000000000000000000e+00 0.000000000000000000e+00 0.000000000000000000e+00 1.000000000000000000e+00
7.826352119445800781e-01 4.621023237705230713e-01 -4.170660078525543213e-01 5.456330180168151855e-01 6.224625706672668457e-01 -5.861375927925109863e-01 5.186359882354736328e-01 -1.750609636306762695e+00 -4.795186687260866165e-03 -6.655106544494628906e-01 -7.463730573654174805e-01 1.193084359169006348e+00 0.000000000000000000e+00 0.000000000000000000e+00 0.000000000000000000e+00 1.000000000000000000e+00
7.825499773025512695e-01 4.626045227050781250e-01 -4.166690111160278320e-01 5.430617332458496094e-01 6.225718855857849121e-01 -5.863012671470642090e-01 5.183198451995849609e-01 -1.753364801406860352e+00 -4.516465123742818832e-03 -6.650174856185913086e-01 -7.468142509460449219e-01 1.193260431289672852e+00 0.000000000000000000e+00 0.000000000000000000e+00 0.000000000000000000e+00 1.000000000000000000e+00
7.824655175209045410e-01 4.631038308143615723e-01 -4.162726402282714844e-01 5.404904484748840332e-01 6.226798295974731445e-01 -5.864663124084472656e-01 5.180032849311828613e-01 -1.756119966506958008e+00 -4.240559879690408707e-03 -6.645241975784301758e-01 -7.472547888755798340e-01 1.193436503410339355e+00 0.000000000000000000e+00 0.000000000000000000e+00 0.000000000000000000e+00 1.000000000000000000e+00
7.823818922042846680e-01 4.636003673076629639e-01 -4.158770143985748291e-01 5.379191637039184570e-01 6.227867603302001953e-01 -5.866326093673706055e-01 5.176863074302673340e-01 -1.758875131607055664e+00 -3.967454656958580017e-03 -6.640310287475585938e-01 -7.476946115493774414e-01 1.193612575531005859e+00 0.000000000000000000e+00 0.000000000000000000e+00 0.000000000000000000e+00 1.000000000000000000e+00
7.822990417480468750e-01 4.640940427780151367e-01 -4.154820442199707031e-01 5.353476405143737793e-01 6.228925585746765137e-01 -5.868002772331237793e-01 5.173689723014831543e-01 -1.761630535125732422e+00 -3.697134787216782570e-03 -6.635377407073974609e-01 -7.481337785720825195e-01 1.193788647651672363e+00 0.000000000000000000e+00 0.000000000000000000e+00 0.000000000000000000e+00 1.000000000000000000e+00
7.822167873382568359e-01 4.645849764347076416e-01 -4.150878190994262695e-01 5.327762961387634277e-01 6.229970455169677734e-01 -5.869692564010620117e-01 5.170511603355407715e-01 -1.764385700225830078e+00 -3.429588861763477325e-03 -6.630446314811706543e-01 -7.485721111297607422e-01 1.193964719772338867e+00 0.000000000000000000e+00 0.000000000000000000e+00 0.000000000000000000e+00 1.000000000000000000e+00
7.821356058120727539e-01 4.650730490684509277e-01 -4.146942496299743652e-01 5.302050113677978516e-01 6.231005787849426270e-01 -5.871395468711853027e-01 5.167329907417297363e-01 -1.767140865325927734e+00 -3.164802212268114090e-03 -6.625514626502990723e-01 -7.490096688270568848e-01 1.194140791893005371e+00 0.000000000000000000e+00 0.000000000000000000e+00 0.000000000000000000e+00 1.000000000000000000e+00
7.820550203323364258e-01 4.655582010746002197e-01 -4.143015444278717041e-01 5.276337862014770508e-01 6.232030391693115234e-01 -5.873109102249145508e-01 5.164146423339843750e-01 -1.769895911216735840e+00 -2.902757143601775169e-03 -6.620584726333618164e-01 -7.494465708732604980e-01 1.194316864013671875e+00 0.000000000000000000e+00 0.000000000000000000e+00 0.000000000000000000e+00 1.000000000000000000e+00
7.819753885269165039e-01 4.660406708717346191e-01 -4.139094948768615723e-01 5.250625014305114746e-01 6.233041286468505859e-01 -5.874838232994079590e-01 5.160958766937255859e-01 -1.772650957107543945e+00 -2.643441082909703255e-03 -6.615657210350036621e-01 -7.498826384544372559e-01 1.194492936134338379e+00 0.000000000000000000e+00 0.000000000000000000e+00 0.000000000000000000e+00 1.000000000000000000e+00
7.818961739540100098e-01 4.665202796459197998e-01 -4.135182201862335205e-01 5.224912166595458984e-01 6.234042048454284668e-01 -5.876576900482177734e-01 5.157767534255981445e-01 -1.775406122207641602e+00 -2.386840758845210075e-03 -6.610729694366455078e-01 -7.503178119659423828e-01 1.194669008255004883e+00 0.000000000000000000e+00 0.000000000000000000e+00 0.000000000000000000e+00 1.000000000000000000e+00
7.818181514739990234e-01 4.669971168041229248e-01 -4.131277203559875488e-01 5.199196338653564453e-01 6.235033273696899414e-01 -5.878328680992126465e-01 5.154573917388916016e-01 -1.778161644935607910e+00 -2.132939873263239861e-03 -6.605803370475769043e-01 -7.507523894309997559e-01 1.194845080375671387e+00 0.000000000000000000e+00 0.000000000000000000e+00 0.000000000000000000e+00 1.000000000000000000e+00
7.817406654357910156e-01 4.674710631370544434e-01 -4.127380251884460449e-01 5.173483490943908691e-01 6.236012578010559082e-01 -5.880091786384582520e-01 5.151377916336059570e-01 -1.780916690826416016e+00 -1.881727250292897224e-03 -6.600881218910217285e-01 -7.511858940124511719e-01 1.195021152496337891e+00 0.000000000000000000e+00 0.000000000000000000e+00 0.000000000000000000e+00 1.000000000000000000e+00
7.816638946533203125e-01 4.679423272609710693e-01 -4.123491048812866211e-01 5.146936178207397461e-01 6.236979961395263672e-01 -5.881866216659545898e-01 5.148178339004516602e-01 -1.783587932586669922e+00 -1.633187057450413704e-03 -6.595959067344665527e-01 -7.516186237335205078e-01 1.195195674896240234e+00 0.000000000000000000e+00 0.000000000000000000e+00 0.000000000000000000e+00 1.000000000000000000e+00
7.815880775451660156e-01 4.684106707572937012e-01 -4.119611382484436035e-01 5.119380354881286621e-01 6.237937808036804199e-01 -5.883651375770568848e-01 5.144978165626525879e-01 -1.786159515380859375e+00 -1.387302181683480740e-03 -6.591041088104248047e-01 -7.520505189895629883e-01 1.195368409156799316e+00 0.000000000000000000e+00 0.000000000000000000e+00 0.000000000000000000e+00 1.000000000000000000e+00
7.815129160881042480e-01 4.688762724399566650e-01 -4.115738868713378906e-01 5.091827511787414551e-01 6.238884925842285156e-01 -5.885447859764099121e-01 5.141774415969848633e-01 -1.788730859756469727e+00 -1.144063426181674004e-03 -6.586124300956726074e-01 -7.524815201759338379e-01 1.195541024208068848e+00 0.000000000000000000e+00 0.000000000000000000e+00 0.000000000000000000e+00 1.000000000000000000e+00
7.814384698867797852e-01 4.693389236927032471e-01 -4.111875295639038086e-01 5.064275264739990234e-01 6.239820718765258789e-01 -5.887253880500793457e-01 5.138570070266723633e-01 -1.791302204132080078e+00 -9.034545510075986385e-04 -6.581210494041442871e-01 -7.529116272926330566e-01 1.195713758468627930e+00 0.000000000000000000e+00 0.000000000000000000e+00 0.000000000000000000e+00 1.000000000000000000e+00
7.813647985458374023e-01 4.697990417480468750e-01 -4.108019769191741943e-01 5.036719441413879395e-01 6.240745782852172852e-01 -5.889072418212890625e-01 5.135361552238464355e-01 -1.793874025344848633e+00 -6.654655444435775280e-04 -6.576301455497741699e-01 -7.533406615257263184e-01 1.195886373519897461e+00 0.000000000000000000e+00 0.000000000000000000e+00 0.000000000000000000e+00 1.000000000000000000e+00
7.812918424606323242e-01 4.702562987804412842e-01 -4.104173481464385986e-01 5.009169578552246094e-01 6.241661310195922852e-01 -5.890899300575256348e-01 5.132152438163757324e-01 -1.796445012092590332e+00 -4.300699802115559578e-04 -6.571395397186279297e-01 -7.537688612937927246e-01 1.196059107780456543e+00 0.000000000000000000e+00 0.000000000000000000e+00 0.000000000000000000e+00 1.000000000000000000e+00
7.812197208404541016e-01 4.707106947898864746e-01 -4.100336730480194092e-01 4.981617331504821777e-01 6.242564916610717773e-01 -5.892737507820129395e-01 5.128942728042602539e-01 -1.799016356468200684e+00 -1.972648897208273411e-04 -6.566492319107055664e-01 -7.541961669921875000e-01 1.196231722831726074e+00 0.000000000000000000e+00 0.000000000000000000e+00 0.000000000000000000e+00 1.000000000000000000e+00
7.811482548713684082e-01 4.711622595787048340e-01 -4.096508920192718506e-01 4.954062104225158691e-01 6.243458986282348633e-01 -5.894583463668823242e-01 5.125731229782104492e-01 -1.801588058471679688e+00 3.297068906249478459e-05 -6.561594009399414062e-01 -7.546223998069763184e-01 1.196404457092285156e+00 0.000000000000000000e+00 0.000000000000000000e+00 0.000000000000000000e+00 1.000000000000000000e+00
7.810776233673095703e-01 4.716111123561859131e-01 -4.092689454555511475e-01 4.926509261131286621e-01 6.244342327117919922e-01 -5.896440744400024414e-01 5.122518539428710938e-01 -1.804159402847290039e+00 2.606460475362837315e-04 -6.556699275970458984e-01 -7.550476789474487305e-01 1.196577072143554688e+00 0.000000000000000000e+00 0.000000000000000000e+00 0.000000000000000000e+00 1.000000000000000000e+00
7.810076475143432617e-01 4.720572233200073242e-01 -4.088879525661468506e-01 4.898957014083862305e-01 6.245216131210327148e-01 -5.898306965827941895e-01 5.119304656982421875e-01 -1.806730866432189941e+00 4.857770400121808052e-04 -6.551809310913085938e-01 -7.554719448089599609e-01 1.196749806404113770e+00 0.000000000000000000e+00 0.000000000000000000e+00 0.000000000000000000e+00 1.000000000000000000e+00
7.809383273124694824e-01 4.725004732608795166e-01 -4.085080027580261230e-01 4.871401190757751465e-01 6.246079206466674805e-01 -5.900181531906127930e-01 5.116090178489685059e-01 -1.809302568435668945e+00 7.083817035891115665e-04 -6.546924114227294922e-01 -7.558951377868652344e-01 1.196922540664672852e+00 0.000000000000000000e+00 0.000000000000000000e+00 0.000000000000000000e+00 1.000000000000000000e+00
7.808700203895568848e-01 4.729409813880920410e-01 -4.081288874149322510e-01 4.843851923942565918e-01 6.246932148933410645e-01 -5.902065634727478027e-01 5.112875103950500488e-01 -1.811873674392700195e+00 9.284588741138577461e-04 -6.542043089866638184e-01 -7.563173174858093262e-01 1.197095155715942383e+00 0.000000000000000000e+00 0.000000000000000000e+00 0.000000000000000000e+00 1.000000000000000000e+00
7.808022499084472656e-01 4.733787178993225098e-01 -4.077509045600891113e-01 4.816299676895141602e-01 6.247775554656982422e-01 -5.903956890106201172e-01 5.109659433364868164e-01 -1.814445018768310547e+00 1.146046444773674011e-03 -6.537168622016906738e-01 -7.567384243011474609e-01 1.197267770767211914e+00 0.000000000000000000e+00 0.000000000000000000e+00 0.000000000000000000e+00 1.000000000000000000e+00
7.807352542877197266e-01 4.738137125968933105e-01 -4.073737561702728271e-01 4.788743853569030762e-01 6.248608231544494629e-01 -5.905857682228088379e-01 5.106443762779235840e-01 -1.817016601562500000e+00 1.361151575110852718e-03 -6.532298922538757324e-01 -7.571585178375244141e-01 1.197440505027770996e+00 0.000000000000000000e+00 0.000000000000000000e+00 0.000000000000000000e+00 1.000000000000000000e+00
7.806689739227294922e-01 4.742459058761596680e-01 -4.069977104663848877e-01 4.761191606521606445e-01 6.249431371688842773e-01 -5.907765626907348633e-01 5.103228092193603516e-01 -1.819588065147399902e+00 1.573778805322945118e-03 -6.527435183525085449e-01 -7.575773596763610840e-01 1.197613239288330078e+00 0.000000000000000000e+00 0.000000000000000000e+00 0.000000000000000000e+00 1.000000000000000000e+00
7.806034684181213379e-01 4.746752381324768066e-01 -4.066225588321685791e-01 4.733638763427734375e-01 6.250244975090026855e-01 -5.909682512283325195e-01 5.100011825561523438e-01 -1.822159409523010254e+00 1.783947460353374481e-03 -6.522576212882995605e-01 -7.579951882362365723e-01 1.197785854339599609e+00 0.000000000000000000e+00 0.000000000000000000e+00 0.000000000000000000e+00 1.000000000000000000e+00
7.805386185646057129e-01 4.751019477844238281e-01 -4.062485992908477783e-01 4.706086516380310059e-01 6.251047849655151367e-01 -5.911606550216674805e-01 5.096797347068786621e-01 -1.824730753898620605e+00 1.991672441363334656e-03 -6.517725586891174316e-01 -7.584120035171508789e-01 1.197958588600158691e+00 0.000000000000000000e+00 0.000000000000000000e+00 0.000000000000000000e+00 1.000000000000000000e+00
7.804745435714721680e-01 4.755259156227111816e-01 -4.058756232261657715e-01 4.676861763000488281e-01 6.251842379570007324e-01 -5.913537144660949707e-01 5.093582272529602051e-01 -1.827110290527343750e+00 2.196966670453548431e-03 -6.512880921363830566e-01 -7.588275074958801270e-01 1.198127031326293945e+00 0.000000000000000000e+00 0.000000000000000000e+00 0.000000000000000000e+00 1.000000000000000000e+00
7.804111242294311523e-01 4.759469926357269287e-01 -4.055037200450897217e-01 4.647601842880249023e-01 6.252625584602355957e-01 -5.915475487709045410e-01 5.090368390083312988e-01 -1.829486131668090820e+00 2.399842021986842155e-03 -6.508041620254516602e-01 -7.592418789863586426e-01 1.198295593261718750e+00 0.000000000000000000e+00 0.000000000000000000e+00 0.000000000000000000e+00 1.000000000000000000e+00
7.803483605384826660e-01 4.763653874397277832e-01 -4.051329195499420166e-01 4.618338942527770996e-01 6.253399848937988281e-01 -5.917419791221618652e-01 5.087155699729919434e-01 -1.831861972808837891e+00 2.600322710350155830e-03 -6.503210067749023438e-01 -7.596550583839416504e-01 1.198464035987854004e+00 0.000000000000000000e+00 0.000000000000000000e+00 0.000000000000000000e+00 1.000000000000000000e+00
7.802863717079162598e-01 4.767811000347137451e-01 -4.047632217407226562e-01 4.589080214500427246e-01 6.254165172576904297e-01 -5.919371843338012695e-01 5.083943009376525879e-01 -1.834237575531005859e+00 2.798416418954730034e-03 -6.498385667800903320e-01 -7.600671648979187012e-01 1.198632478713989258e+00 0.000000000000000000e+00 0.000000000000000000e+00 0.000000000000000000e+00 1.000000000000000000e+00
7.802250981330871582e-01 4.771940410137176514e-01 -4.043945968151092529e-01 4.559820294380187988e-01 6.254920363426208496e-01 -5.921330451965332031e-01 5.080732703208923340e-01 -1.836613178253173828e+00 2.994133159518241882e-03 -6.493570208549499512e-01 -7.604779005050659180e-01 1.198800921440124512e+00 0.000000000000000000e+00 0.000000000000000000e+00 0.000000000000000000e+00 1.000000000000000000e+00
7.801645994186401367e-01 4.776042401790618896e-01 -4.040270447731018066e-01 4.530560374259948730e-01 6.255666613578796387e-01 -5.923295021057128906e-01 5.077522993087768555e-01 -1.838988780975341797e+00 3.187500871717929840e-03 -6.488760709762573242e-01 -7.608875036239624023e-01 1.198969364166259766e+00 0.000000000000000000e+00 0.000000000000000000e+00 0.000000000000000000e+00 1.000000000000000000e+00
7.801046967506408691e-01 4.780116379261016846e-01 -4.036606252193450928e-01 4.501301646232604980e-01 6.256403326988220215e-01 -5.925265550613403320e-01 5.074315667152404785e-01 -1.841364383697509766e+00 3.378518624231219292e-03 -6.483960747718811035e-01 -7.612957954406738281e-01 1.199137806892395020e+00 0.000000000000000000e+00 0.000000000000000000e+00 0.000000000000000000e+00 1.000000000000000000e+00
7.800455093383789062e-01 4.784162640571594238e-01 -4.032954573631286621e-01 4.472041726112365723e-01 6.257130503654479980e-01 -5.927242636680603027e-01 5.071110129356384277e-01 -1.843739986419677734e+00 3.567206673324108124e-03 -6.479167342185974121e-01 -7.617028355598449707e-01 1.199306368827819824e+00 0.000000000000000000e+00 0.000000000000000000e+00 0.000000000000000000e+00 1.000000000000000000e+00
7.799870967864990234e-01 4.788182377815246582e-01 -4.029313027858734131e-01 4.442778825759887695e-01 6.257848143577575684e-01 -5.929223299026489258e-01 5.067905783653259277e-01 -1.846115946769714355e+00 3.753571305423974991e-03 -6.474383473396301270e-01 -7.621085643768310547e-01 1.199474811553955078e+00 0.000000000000000000e+00 0.000000000000000000e+00 0.000000000000000000e+00 1.000000000000000000e+00
7.799292802810668945e-01 4.792174994945526123e-01 -4.025684893131256104e-01 4.413522481918334961e-01 6.258557438850402832e-01 -5.931210517883300781e-01 5.064704418182373047e-01 -1.848491311073303223e+00 3.937645815312862396e-03 -6.469608545303344727e-01 -7.625131607055664062e-01 1.199643254280090332e+00 0.000000000000000000e+00 0.000000000000000000e+00 0.000000000000000000e+00 1.000000000000000000e+00
7.798720598220825195e-01 4.796139895915985107e-01 -4.022068083286285400e-01 4.384260177612304688e-01 6.259258389472961426e-01 -5.933203101158142090e-01 5.061504840850830078e-01 -1.850867271423339844e+00 4.119429271668195724e-03 -6.464841365814208984e-01 -7.629163861274719238e-01 1.199811697006225586e+00 0.000000000000000000e+00 0.000000000000000000e+00 0.000000000000000000e+00 1.000000000000000000e+00
7.798156142234802246e-01 4.800077080726623535e-01 -4.018463194370269775e-01 4.355000257492065430e-01 6.259949207305908203e-01 -5.935198664665222168e-01 5.058308243751525879e-01 -1.853242874145507812e+00 4.298944491893053055e-03 -6.460083723068237305e-01 -7.633182406425476074e-01 1.199980139732360840e+00 0.000000000000000000e+00 0.000000000000000000e+00 0.000000000000000000e+00 1.000000000000000000e+00
7.797600030899047852e-01 4.803987443447113037e-01 -4.014870524406433105e-01 4.325741529464721680e-01 6.260630488395690918e-01 -5.937199592590332031e-01 5.055115222930908203e-01 -1.855618476867675781e+00 4.476199392229318619e-03 -6.455336213111877441e-01 -7.637187242507934570e-01 1.200148701667785645e+00 0.000000000000000000e+00 0.000000000000000000e+00 0.000000000000000000e+00 1.000000000000000000e+00
7.797048687934875488e-01 4.807871282100677490e-01 -4.011289477348327637e-01 4.296481013298034668e-01 6.261303424835205078e-01 -5.939206480979919434e-01 5.051923394203186035e-01 -1.857994198799133301e+00 4.651207942515611649e-03 -6.450598835945129395e-01 -7.641178369522094727e-01 1.200317144393920898e+00 0.000000000000000000e+00 0.000000000000000000e+00 0.000000000000000000e+00 1.000000000000000000e+00
7.796503901481628418e-01 4.811727702617645264e-01 -4.007722437381744385e-01 4.267218708992004395e-01 6.261969208717346191e-01 -5.941215753555297852e-01 5.048736333847045898e-01 -1.860370039939880371e+00 4.823992494493722916e-03 -6.445870995521545410e-01 -7.645156979560852051e-01 1.200485587120056152e+00 0.000000000000000000e+00 0.000000000000000000e+00 0.000000000000000000e+00 1.000000000000000000e+00
7.795966863632202148e-01 4.815556108951568604e-01 -4.004167318344116211e-01 4.237962365150451660e-01 6.262624859809875488e-01 -5.943229198455810547e-01 5.045552253723144531e-01 -1.862745404243469238e+00 4.994556307792663574e-03 -6.441154479980468750e-01 -7.649120688438415527e-01 1.200654029846191406e+00 0.000000000000000000e+00 0.000000000000000000e+00 0.000000000000000000e+00 1.000000000000000000e+00
7.795436382293701172e-01 4.819357991218566895e-01 -4.000625014305114746e-01 4.207849502563476562e-01 6.263270378112792969e-01 -5.945246815681457520e-01 5.042371749877929688e-01 -1.865009188652038574e+00 5.162918474525213242e-03 -6.436447501182556152e-01 -7.653070688247680664e-01 1.200819730758666992e+00 0.000000000000000000e+00 0.000000000000000000e+00 0.000000000000000000e+00 1.000000000000000000e+00
7.794911861419677734e-01 4.823133349418640137e-01 -3.997095823287963867e-01 4.177027344703674316e-01 6.263909339904785156e-01 -5.947266817092895508e-01 5.039194822311401367e-01 -1.867178440093994141e+00 5.329099018126726151e-03 -6.431751251220703125e-01 -7.657006382942199707e-01 1.200983285903930664e+00 0.000000000000000000e+00 0.000000000000000000e+00 0.000000000000000000e+00 1.000000000000000000e+00
7.794394493103027344e-01 4.826880097389221191e-01 -3.993578851222991943e-01 4.146205186843872070e-01 6.264539361000061035e-01 -5.949290990829467773e-01 5.036022067070007324e-01 -1.869347810745239258e+00 5.493103992193937302e-03 -6.427066326141357422e-01 -7.660927176475524902e-01 1.201146721839904785e+00 0.000000000000000000e+00 0.000000000000000000e+00 0.000000000000000000e+00 1.000000000000000000e+00
7.793883681297302246e-01 4.830601513385772705e-01 -3.990075886249542236e-01 4.115381836891174316e-01 6.265160441398620605e-01 -5.951318144798278809e-01 5.032853484153747559e-01 -1.871517181396484375e+00 5.654952488839626312e-03 -6.422392725944519043e-01 -7.664834260940551758e-01 1.201310157775878906e+00 0.000000000000000000e+00 0.000000000000000000e+00 0.000000000000000000e+00 1.000000000000000000e+00
7.793380022048950195e-01 4.834294915199279785e-01 -3.986586034297943115e-01 4.084559082984924316e-01 6.265773177146911621e-01 -5.953347682952880859e-01 5.029689073562622070e-01 -1.873686552047729492e+00 5.814654286950826645e-03 -6.417730450630187988e-01 -7.668725848197937012e-01 1.201473712921142578e+00 0.000000000000000000e+00 0.000000000000000000e+00 0.000000000000000000e+00 1.000000000000000000e+00
7.792881131172180176e-01 4.837960898876190186e-01 -3.983109593391418457e-01 4.053737521171569824e-01 6.266376972198486328e-01 -5.955379009246826172e-01 5.026529431343078613e-01 -1.875855922698974609e+00 5.972233135253190994e-03 -6.413079500198364258e-01 -7.672603130340576172e-01 1.201637148857116699e+00 0.000000000000000000e+00 0.000000000000000000e+00 0.000000000000000000e+00 1.000000000000000000e+00
7.792389988899230957e-01 4.841601848602294922e-01 -3.979647457599639893e-01 4.022911190986633301e-01 6.266973614692687988e-01 -5.957414507865905762e-01 5.023373961448669434e-01 -1.878025531768798828e+00 6.127693690359592438e-03 -6.408442854881286621e-01 -7.676465511322021484e-01 1.201800584793090820e+00 0.000000000000000000e+00 0.000000000000000000e+00 0.000000000000000000e+00 1.000000000000000000e+00
7.791904807090759277e-01 4.845214486122131348e-01 -3.976198136806488037e-01 3.992088437080383301e-01 6.267561316490173340e-01 -5.959450602531433105e-01 5.020224452018737793e-01 -1.880194902420043945e+00 6.281051784753799438e-03 -6.403816938400268555e-01 -7.680312395095825195e-01 1.201964020729064941e+00 0.000000000000000000e+00 0.000000000000000000e+00 0.000000000000000000e+00 1.000000000000000000e+00
7.791426181793212891e-01 4.848800301551818848e-01 -3.972763419151306152e-01 3.961266279220581055e-01 6.268141269683837891e-01 -5.961489081382751465e-01 5.017079710960388184e-01 -1.882364273071289062e+00 6.432316266000270844e-03 -6.399204134941101074e-01 -7.684143781661987305e-01 1.202127575874328613e+00 0.000000000000000000e+00 0.000000000000000000e+00 0.000000000000000000e+00 1.000000000000000000e+00
7.790954113006591797e-01 4.852360188961029053e-01 -3.969342112541198730e-01 3.930443525314331055e-01 6.268712878227233887e-01 -5.963529944419860840e-01 5.013939738273620605e-01 -1.884533643722534180e+00 6.581514608114957809e-03 -6.394602656364440918e-01 -7.687960267066955566e-01 1.202291011810302734e+00 0.000000000000000000e+00 0.000000000000000000e+00 0.000000000000000000e+00 1.000000000000000000e+00
7.790488004684448242e-01 4.855892658233642578e-01 -3.965936005115509033e-01 3.899620771408081055e-01 6.269277334213256836e-01 -5.965569615364074707e-01 5.010805726051330566e-01 -1.886703014373779297e+00 6.728661712259054184e-03 -6.390016078948974609e-01 -7.691760063171386719e-01 1.202454447746276855e+00 0.000000000000000000e+00 0.000000000000000000e+00 0.000000000000000000e+00 1.000000000000000000e+00
7.790027260780334473e-01 4.859398603439331055e-01 -3.962543904781341553e-01 3.868798613548278809e-01 6.269832253456115723e-01 -5.967612862586975098e-01 5.007677674293518066e-01 -1.888872385025024414e+00 6.873754784464836121e-03 -6.385442018508911133e-01 -7.695544958114624023e-01 1.202617883682250977e+00 0.000000000000000000e+00 0.000000000000000000e+00 0.000000000000000000e+00 1.000000000000000000e+00
7.789573669433593750e-01 4.862877726554870605e-01 -3.959166109561920166e-01 3.837972283363342285e-01 6.270380616188049316e-01 -5.969655513763427734e-01 5.004555583000183105e-01 -1.891041874885559082e+00 7.016824558377265930e-03 -6.380882263183593750e-01 -7.699313759803771973e-01 1.202781438827514648e+00 0.000000000000000000e+00 0.000000000000000000e+00 0.000000000000000000e+00 1.000000000000000000e+00
7.789126634597778320e-01 4.866330027580261230e-01 -3.955802321434020996e-01 3.807150125503540039e-01 6.270920038223266602e-01 -5.971699953079223633e-01 5.001438856124877930e-01 -1.893211126327514648e+00 7.157878484576940536e-03 -6.376335620880126953e-01 -7.703065872192382812e-01 1.202944874763488770e+00 0.000000000000000000e+00 0.000000000000000000e+00 0.000000000000000000e+00 1.000000000000000000e+00
7.788685560226440430e-01 4.869755506515502930e-01 -3.952454030513763428e-01 3.776327371597290039e-01 6.271452307701110840e-01 -5.973744988441467285e-01 4.998329877853393555e-01 -1.895380496978759766e+00 7.296930998563766479e-03 -6.371803283691406250e-01 -7.706803083419799805e-01 1.203108310699462891e+00 0.000000000000000000e+00 0.000000000000000000e+00 0.000000000000000000e+00 1.000000000000000000e+00
7.788250446319580078e-01 4.873154461383819580e-01 -3.949120640754699707e-01 3.745504915714263916e-01 6.271975636482238770e-01 -5.975790023803710938e-01 4.995227158069610596e-01 -1.897549867630004883e+00 7.433996070176362991e-03 -6.367285847663879395e-01 -7.710523009300231934e-01 1.203271865844726562e+00 0.000000000000000000e+00 0.000000000000000000e+00 0.000000000000000000e+00 1.000000000000000000e+00
7.787821292877197266e-01 4.876527488231658936e-01 -3.945801854133605957e-01 3.714420199394226074e-01 6.272492408752441406e-01 -5.977835059165954590e-01 4.992130994796752930e-01 -1.899679183959960938e+00 7.569089997559785843e-03 -6.362782120704650879e-01 -7.714225649833679199e-01 1.203434228897094727e+00 0.000000000000000000e+00 0.000000000000000000e+00 0.000000000000000000e+00 1.000000000000000000e+00
7.787398695945739746e-01 4.879873096942901611e-01 -3.942499160766601562e-01 3.682187199592590332e-01 6.273000836372375488e-01 -5.979879498481750488e-01 4.989041686058044434e-01 -1.901633262634277344e+00 7.702229078859090805e-03 -6.358294486999511719e-01 -7.717912197113037109e-01 1.203591942787170410e+00 0.000000000000000000e+00 0.000000000000000000e+00 0.000000000000000000e+00 1.000000000000000000e+00
7.786981463432312012e-01 4.883192479610443115e-01 -3.939211368560791016e-01 3.649950027465820312e-01 6.273503303527832031e-01 -5.981923937797546387e-01 4.985959529876708984e-01 -1.903587698936462402e+00 7.833419367671012878e-03 -6.353821754455566406e-01 -7.721581459045410156e-01 1.203749656677246094e+00 0.000000000000000000e+00 0.000000000000000000e+00 0.000000000000000000e+00 1.000000000000000000e+00
7.786570787429809570e-01 4.886485040187835693e-01 -3.935939073562622070e-01 3.617717623710632324e-01 6.273995637893676758e-01 -5.983966588973999023e-01 4.982885718345642090e-01 -1.905541896820068359e+00 7.962680421769618988e-03 -6.349364519119262695e-01 -7.725234031677246094e-01 1.203907489776611328e+00 0.000000000000000000e+00 0.000000000000000000e+00 0.000000000000000000e+00 1.000000000000000000e+00
7.786165475845336914e-01 4.889751374721527100e-01 -3.932682275772094727e-01 3.585488200187683105e-01 6.274482607841491699e-01 -5.986009240150451660e-01 4.979818761348724365e-01 -1.907495737075805664e+00 8.090028539299964905e-03 -6.344922780990600586e-01 -7.728869915008544922e-01 1.204065203666687012e+00 0.000000000000000000e+00 0.000000000000000000e+00 0.000000000000000000e+00 1.000000000000000000e+00
7.785766124725341797e-01 4.892991781234741211e-01 -3.929441273212432861e-01 3.553251028060913086e-01 6.274961829185485840e-01 -5.988051295280456543e-01 4.976759254932403564e-01 -1.909450173377990723e+00 8.215475827455520630e-03 -6.340496540069580078e-01 -7.732487916946411133e-01 1.204222917556762695e+00 0.000000000000000000e+00 0.000000000000000000e+00 0.000000000000000000e+00 1.000000000000000000e+00
7.785373926162719727e-01 4.896205365657806396e-01 -3.926216065883636475e-01 3.521018624305725098e-01 6.275432705879211426e-01 -5.990091562271118164e-01 4.973708391189575195e-01 -1.911404371261596680e+00 8.339026011526584625e-03 -6.336087584495544434e-01 -7.736088037490844727e-01 1.204380631446838379e+00 0.000000000000000000e+00 0.000000000000000000e+00 0.000000000000000000e+00 1.000000000000000000e+00
7.784984707832336426e-01 4.899392724037170410e-01 -3.923007249832153320e-01 3.488785922527313232e-01 6.275897622108459473e-01 -5.992130041122436523e-01 4.970664680004119873e-01 -1.913358449935913086e+00 8.460717275738716125e-03 -6.331694722175598145e-01 -7.739669084548950195e-01 1.204538345336914062e+00 0.000000000000000000e+00 0.000000000000000000e+00 0.000000000000000000e+00 1.000000000000000000e+00
7.784603238105773926e-01 4.902554154396057129e-01 -3.919814527034759521e-01 3.456549048423767090e-01 6.276354789733886719e-01 -5.994167327880859375e-01 4.967630803585052490e-01 -1.915312767028808594e+00 8.580543100833892822e-03 -6.327317357063293457e-01 -7.743235826492309570e-01 1.204696178436279297e+00 0.000000000000000000e+00 0.000000000000000000e+00 0.000000000000000000e+00 1.000000000000000000e+00
7.784227728843688965e-01 4.905688464641571045e-01 -3.916637897491455078e-01 3.424319922924041748e-01 6.276805400848388672e-01 -5.996202230453491211e-01 4.964605569839477539e-01 -1.917266845703125000e+00 8.698537014424800873e-03 -6.322958469390869141e-01 -7.746782302856445312e-01 1.204853892326354980e+00 0.000000000000000000e+00 0.000000000000000000e+00 0.000000000000000000e+00 1.000000000000000000e+00
7.783857583999633789e-01 4.908796250820159912e-01 -3.913478255271911621e-01 3.392086923122406006e-01 6.277248263359069824e-01 -5.998234152793884277e-01 4.961589276790618896e-01 -1.919220924377441406e+00 8.814695291221141815e-03 -6.318615674972534180e-01 -7.750310897827148438e-01 1.205011606216430664e+00 0.000000000000000000e+00 0.000000000000000000e+00 0.000000000000000000e+00 1.000000000000000000e+00
7.783492803573608398e-01 4.911878705024719238e-01 -3.910335004329681396e-01 3.359850347042083740e-01 6.277683973312377930e-01 -6.000264286994934082e-01 4.958581626415252686e-01 -1.921175241470336914e+00 8.929036557674407959e-03 -6.314291357994079590e-01 -7.753821611404418945e-01 1.205169320106506348e+00 0.000000000000000000e+00 0.000000000000000000e+00 0.000000000000000000e+00 1.000000000000000000e+00
7.783133983612060547e-01 4.914934039115905762e-01 -3.907208740711212158e-01 3.327617347240447998e-01 6.278113126754760742e-01 -6.002292037010192871e-01 4.955583810806274414e-01 -1.923129439353942871e+00 9.041572920978069305e-03 -6.309984922409057617e-01 -7.757313251495361328e-01 1.205327153205871582e+00 0.000000000000000000e+00 0.000000000000000000e+00 0.000000000000000000e+00 1.000000000000000000e+00
7.782781124114990234e-01 4.917964637279510498e-01 -3.904098272323608398e-01 3.295384347438812256e-01 6.278535127639770508e-01 -6.004317998886108398e-01 4.952594339847564697e-01 -1.925083518028259277e+00 9.152328595519065857e-03 -6.305696964263916016e-01 -7.760786414146423340e-01 1.205484867095947266e+00 0.000000000000000000e+00 0.000000000000000000e+00 0.000000000000000000e+00 1.000000000000000000e+00
7.782432436943054199e-01 4.920967817306518555e-01 -3.901006281375885010e-01 3.263151645660400391e-01 6.278950572013854980e-01 -6.006339192390441895e-01 4.949615597724914551e-01 -1.927037715911865234e+00 9.261311963200569153e-03 -6.301425695419311523e-01 -7.764242291450500488e-01 1.205642580986022949e+00 0.000000000000000000e+00 0.000000000000000000e+00 0.000000000000000000e+00 1.000000000000000000e+00
7.782089710235595703e-01 4.923945963382720947e-01 -3.897930681705474854e-01 3.230918645858764648e-01 6.279358267784118652e-01 -6.008358597755432129e-01 4.946646690368652344e-01 -1.928991794586181641e+00 9.368538856506347656e-03 -6.297174692153930664e-01 -7.767678499221801758e-01 1.205800294876098633e+00 0.000000000000000000e+00 0.000000000000000000e+00 0.000000000000000000e+00 1.000000000000000000e+00
7.781753540039062500e-01 4.926896691322326660e-01 -3.894872963428497314e-01 3.198685646057128906e-01 6.279760003089904785e-01 -6.010373234748840332e-01 4.943688809871673584e-01 -1.930946111679077148e+00 9.474026039242744446e-03 -6.292942762374877930e-01 -7.771094441413879395e-01 1.205958008766174316e+00 0.000000000000000000e+00 0.000000000000000000e+00 0.000000000000000000e+00 1.000000000000000000e+00
7.781421542167663574e-01 4.929822683334350586e-01 -3.891832232475280762e-01 3.165266811847686768e-01 6.280155181884765625e-01 -6.012384891510009766e-01 4.940739870071411133e-01 -1.932690143585205078e+00 9.577780030667781830e-03 -6.288728117942810059e-01 -7.774492502212524414e-01 1.206109762191772461e+00 0.000000000000000000e+00 0.000000000000000000e+00 0.000000000000000000e+00 1.000000000000000000e+00
7.781095504760742188e-01 4.932722747325897217e-01 -3.888809680938720703e-01 3.131783306598663330e-01 6.280544400215148926e-01 -6.014391779899597168e-01 4.937801659107208252e-01 -1.934421777725219727e+00 9.679817594587802887e-03 -6.284533739089965820e-01 -7.777870893478393555e-01 1.206261038780212402e+00 0.000000000000000000e+00 0.000000000000000000e+00 0.000000000000000000e+00 1.000000000000000000e+00
7.780774235725402832e-01 4.935595989227294922e-01 -3.885804414749145508e-01 3.098299205303192139e-01 6.280926465988159180e-01 -6.016394495964050293e-01 4.934875071048736572e-01 -1.936153411865234375e+00 9.780148975551128387e-03 -6.280359029769897461e-01 -7.781229615211486816e-01 1.206412434577941895e+00 0.000000000000000000e+00 0.000000000000000000e+00 0.000000000000000000e+00 1.000000000000000000e+00
7.780458927154541016e-01 4.938443303108215332e-01 -3.882817029953002930e-01 3.064815402030944824e-01 6.281301379203796387e-01 -6.018393635749816895e-01 4.931959509849548340e-01 -1.937885165214538574e+00 9.878782555460929871e-03 -6.276203989982604980e-01 -7.784569263458251953e-01 1.206563711166381836e+00 0.000000000000000000e+00 0.000000000000000000e+00 0.000000000000000000e+00 1.000000000000000000e+00
7.780148983001708984e-01 4.941264688968658447e-01 -3.879847526550292969e-01 3.031331896781921387e-01 6.281669735908508301e-01 -6.020388007164001465e-01 4.929054975509643555e-01 -1.939616799354553223e+00 9.975769557058811188e-03 -6.272069215774536133e-01 -7.787888050079345703e-01 1.206715106964111328e+00 0.000000000000000000e+00 0.000000000000000000e+00 0.000000000000000000e+00 1.000000000000000000e+00
7.779843807220458984e-01 4.944060444831848145e-01 -3.876896500587463379e-01 2.997848391532897949e-01 6.282033324241638184e-01 -6.022377610206604004e-01 4.926162064075469971e-01 -1.941348552703857422e+00 1.007108576595783234e-02 -6.267955303192138672e-01 -7.791187167167663574e-01 1.206866383552551270e+00 0.000000000000000000e+00 0.000000000000000000e+00 0.000000000000000000e+00 1.000000000000000000e+00
7.779544591903686523e-01 4.946830570697784424e-01 -3.873963654041290283e-01 2.964360415935516357e-01 6.282388567924499512e-01 -6.024361848831176758e-01 4.923280775547027588e-01 -1.943080425262451172e+00 1.016476470977067947e-02 -6.263861656188964844e-01 -7.794467210769653320e-01 1.207017779350280762e+00 0.000000000000000000e+00 0.000000000000000000e+00 0.000000000000000000e+00 1.000000000000000000e+00
7.779249548912048340e-01 4.949574768543243408e-01 -3.871049284934997559e-01 2.930876612663269043e-01 6.282739043235778809e-01 -6.026340723037719727e-01 4.920411109924316406e-01 -1.944812059402465820e+00 1.025681477040052414e-02 -6.259788870811462402e-01 -7.797726392745971680e-01 1.207169055938720703e+00 0.000000000000000000e+00 0.000000000000000000e+00 0.000000000000000000e+00 1.000000000000000000e+00
7.778960466384887695e-01 4.952293336391448975e-01 -3.868153989315032959e-01 2.897392809391021729e-01 6.283082962036132812e-01 -6.028314232826232910e-01 4.917553961277008057e-01 -1.946543693542480469e+00 1.034724712371826172e-02 -6.255737543106079102e-01 -7.800964713096618652e-01 1.207320451736450195e+00 0.000000000000000000e+00 0.000000000000000000e+00 0.000000000000000000e+00 1.000000000000000000e+00
7.778675556182861328e-01 4.954985678195953369e-01 -3.865276277065277100e-01 2.863909304141998291e-01 6.283420920372009277e-01 -6.030281782150268555e-01 4.914709031581878662e-01 -1.948275327682495117e+00 1.043607573956251144e-02 -6.251707077026367188e-01 -7.804183363914489746e-01 1.207471728324890137e+00 0.000000000000000000e+00 0.000000000000000000e+00 0.000000000000000000e+00 1.000000000000000000e+00
7.778395414352416992e-01 4.957652688026428223e-01 -3.862418234348297119e-01 2.830425202846527100e-01 6.283751726150512695e-01 -6.032243371009826660e-01 4.911876916885375977e-01 -1.950007200241088867e+00 1.052332483232021332e-02 -6.247699260711669922e-01 -7.807381153106689453e-01 1.207623124122619629e+00 0.000000000000000000e+00 0.000000000000000000e+00 0.000000000000000000e+00 1.000000000000000000e+00
7.778121232986450195e-01 4.960293471813201904e-01 -3.859578669071197510e-01 2.796941697597503662e-01 6.284077763557434082e-01 -6.034198403358459473e-01 4.909057319164276123e-01 -1.951738834381103516e+00 1.060899998992681503e-02 -6.243711709976196289e-01 -7.810558080673217773e-01 1.207774400711059570e+00 0.000000000000000000e+00 0.000000000000000000e+00 0.000000000000000000e+00 1.000000000000000000e+00
7.777851819992065430e-01 4.962909817695617676e-01 -3.856758773326873779e-01 2.763453722000122070e-01 6.284397244453430176e-01 -6.036148071289062500e-01 4.906250834465026855e-01 -1.953470706939697266e+00 1.069311425089836121e-02 -6.239749193191528320e-01 -7.813712954521179199e-01 1.207925796508789062e+00 0.000000000000000000e+00 0.000000000000000000e+00 0.000000000000000000e+00 1.000000000000000000e+00
7.777587175369262695e-01 4.965499639511108398e-01 -3.853957951068878174e-01 2.729974091053009033e-01 6.284710168838500977e-01 -6.038091182708740234e-01 4.903458356857299805e-01 -1.955202102661132812e+00 1.077568624168634415e-02 -6.235806941986083984e-01 -7.816847562789916992e-01 1.208077073097229004e+00 0.000000000000000000e+00 0.000000000000000000e+00 0.000000000000000000e+00 1.000000000000000000e+00
7.777327299118041992e-01 4.968063831329345703e-01 -3.851175904273986816e-01 2.696486413478851318e-01 6.285018324851989746e-01 -6.040027141571044922e-01 4.900678098201751709e-01 -1.956933975219726562e+00 1.085672806948423386e-02 -6.231887340545654297e-01 -7.819961309432983398e-01 1.208228468894958496e+00 0.000000000000000000e+00 0.000000000000000000e+00 0.000000000000000000e+00 1.000000000000000000e+00
7.777072191238403320e-01 4.970603287220001221e-01 -3.848414719104766846e-01 2.663002610206604004e-01 6.285319924354553223e-01 -6.041957139968872070e-01 4.897912144660949707e-01 -1.958665728569030762e+00 1.093626301735639572e-02 -6.227992177009582520e-01 -7.823053002357482910e-01 1.208379745483398438e+00 0.000000000000000000e+00 0.000000000000000000e+00 0.000000000000000000e+00 1.000000000000000000e+00
7.776821255683898926e-01 4.973117113113403320e-01 -3.845672309398651123e-01 2.628588676452636719e-01 6.285616755485534668e-01 -6.043878197669982910e-01 4.895160198211669922e-01 -1.960202217102050781e+00 1.101428922265768051e-02 -6.224119663238525391e-01 -7.826123833656311035e-01 1.208525061607360840e+00 0.000000000000000000e+00 0.000000000000000000e+00 0.000000000000000000e+00 1.000000000000000000e+00
7.776575088500976562e-01 4.975605309009552002e-01 -3.842950463294982910e-01 2.594013810157775879e-01 6.285907626152038574e-01 -6.045792698860168457e-01 4.892422556877136230e-01 -1.961706161499023438e+00 1.109083369374275208e-02 -6.220270991325378418e-01 -7.829172611236572266e-01 1.208669424057006836e+00 0.000000000000000000e+00 0.000000000000000000e+00 0.000000000000000000e+00 1.000000000000000000e+00
7.776334285736083984e-01 4.978066980838775635e-01 -3.840247690677642822e-01 2.559443414211273193e-01 6.286192536354064941e-01 -6.047698259353637695e-01 4.889699518680572510e-01 -1.963209748268127441e+00 1.116590667515993118e-02 -6.216444969177246094e-01 -7.832199335098266602e-01 1.208813667297363281e+00 0.000000000000000000e+00 0.000000000000000000e+00 0.000000000000000000e+00 1.000000000000000000e+00
7.776098251342773438e-01 4.980505108833312988e-01 -3.837564885616302490e-01 2.524876594543457031e-01 6.286470890045166016e-01 -6.049599051475524902e-01 4.886989891529083252e-01 -1.964713335037231445e+00 1.123951654881238937e-02 -6.212643980979919434e-01 -7.835204601287841797e-01 1.208958029747009277e+00 0.000000000000000000e+00 0.000000000000000000e+00 0.000000000000000000e+00 1.000000000000000000e+00
7.775866985321044922e-01 4.982916712760925293e-01 -3.834903240203857422e-01 2.490302026271820068e-01 6.286744475364685059e-01 -6.051489114761352539e-01 4.884296655654907227e-01 -1.966217041015625000e+00 1.131168659776449203e-02 -6.208868622779846191e-01 -7.838186621665954590e-01 1.209102272987365723e+00 0.000000000000000000e+00 0.000000000000000000e+00 0.000000000000000000e+00 1.000000000000000000e+00
7.775638699531555176e-01 4.985303878784179688e-01 -3.832260966300964355e-01 2.455731332302093506e-01 6.287013292312622070e-01 -6.053372025489807129e-01 4.881617128849029541e-01 -1.967720746994018555e+00 1.138243079185485840e-02 -6.205115318298339844e-01 -7.841147184371948242e-01 1.209246635437011719e+00 0.000000000000000000e+00 0.000000000000000000e+00 0.000000000000000000e+00 1.000000000000000000e+00
7.775415778160095215e-01 4.987664818763732910e-01 -3.829640150070190430e-01 2.421160340309143066e-01 6.287277340888977051e-01 -6.055245399475097656e-01 4.878953695297241211e-01 -1.969224452972412109e+00 1.145173888653516769e-02 -6.201388835906982422e-01 -7.844085693359375000e-01 1.209390997886657715e+00 0.000000000000000000e+00 0.000000000000000000e+00 0.000000000000000000e+00 1.000000000000000000e+00
7.775197625160217285e-01 4.990000128746032715e-01 -3.827039003372192383e-01 2.386585772037506104e-01 6.287534236907958984e-01 -6.057110428810119629e-01 4.876305162906646729e-01 -1.970728278160095215e+00 1.151966117322444916e-02 -6.197686195373535156e-01 -7.847000956535339355e-01 1.209535241127014160e+00 0.000000000000000000e+00 0.000000000000000000e+00 0.000000000000000000e+00 1.000000000000000000e+00
7.774984836578369141e-01 4.992311000823974609e-01 -3.824459314346313477e-01 2.352018952369689941e-01 6.287785768508911133e-01 -6.058967113494873047e-01 4.873673617839813232e-01 -1.972231864929199219e+00 1.158619951456785202e-02 -6.194010972976684570e-01 -7.849892377853393555e-01 1.209679603576660156e+00 0.000000000000000000e+00 0.000000000000000000e+00 0.000000000000000000e+00 1.000000000000000000e+00
7.774774432182312012e-01 4.994596540927886963e-01 -3.821900486946105957e-01 2.317448556423187256e-01 6.288033127784729004e-01 -6.060814261436462402e-01 4.871056675910949707e-01 -1.973735451698303223e+00 1.165136136114597321e-02 -6.190358400344848633e-01 -7.852763533592224121e-01 1.209823846817016602e+00 0.000000000000000000e+00 0.000000000000000000e+00 0.000000000000000000e+00 1.000000000000000000e+00
7.774568796157836914e-01 4.996857643127441406e-01 -3.819362819194793701e-01 2.282873988151550293e-01 6.288275122642517090e-01 -6.062652468681335449e-01 4.868457317352294922e-01 -1.975239276885986328e+00 1.171517465263605118e-02 -6.186735033988952637e-01 -7.855609059333801270e-01 1.209968209266662598e+00 0.000000000000000000e+00 0.000000000000000000e+00 0.000000000000000000e+00 1.000000000000000000e+00
7.774367928504943848e-01 4.999092817306518555e-01 -3.816845118999481201e-01 2.248303294181823730e-01 6.288512349128723145e-01 -6.064481735229492188e-01 4.865873456001281738e-01 -1.976742982864379883e+00 1.177764404565095901e-02 -6.183135509490966797e-01 -7.858433127403259277e-01 1.210112452507019043e+00 0.000000000000000000e+00 0.000000000000000000e+00 0.000000000000000000e+00 1.000000000000000000e+00
7.774171233177185059e-01 5.001302957534790039e-01 -3.814349770545959473e-01 2.213732600212097168e-01 6.288744211196899414e-01 -6.066299676895141602e-01 4.863305985927581787e-01 -1.978246688842773438e+00 1.183877512812614441e-02 -6.179563403129577637e-01 -7.861232757568359375e-01 1.210256814956665039e+00 0.000000000000000000e+00 0.000000000000000000e+00 0.000000000000000000e+00 1.000000000000000000e+00
7.773979306221008301e-01 5.003487467765808105e-01 -3.811875581741333008e-01 2.179161906242370605e-01 6.288970708847045898e-01 -6.068108081817626953e-01 4.860756397247314453e-01 -1.979750394821166992e+00 1.189859956502914429e-02 -6.176018118858337402e-01 -7.864010334014892578e-01 1.210401058197021484e+00 0.000000000000000000e+00 0.000000000000000000e+00 0.000000000000000000e+00 1.000000000000000000e+00
7.773790955543518066e-01 5.005647540092468262e-01 -3.809423148632049561e-01 2.144591510295867920e-01 6.289191842079162598e-01 -6.069906353950500488e-01 4.858223497867584229e-01 -1.981253981590270996e+00 1.195711735635995865e-02 -6.172499656677246094e-01 -7.866762876510620117e-01 1.210545420646667480e+00 0.000000000000000000e+00 0.000000000000000000e+00 0.000000000000000000e+00 1.000000000000000000e+00
7.773606181144714355e-01 5.007782578468322754e-01 -3.806992471218109131e-01 2.110020518302917480e-01 6.289408802986145020e-01 -6.071694493293762207e-01 4.855707883834838867e-01 -1.982757687568664551e+00 1.201436109840869904e-02 -6.169008612632751465e-01 -7.869492173194885254e-01 1.210689663887023926e+00 0.000000000000000000e+00 0.000000000000000000e+00 0.000000000000000000e+00 1.000000000000000000e+00
7.773426175117492676e-01 5.009892582893371582e-01 -3.804583549499511719e-01 2.074568271636962891e-01 6.289620995521545410e-01 -6.073471307754516602e-01 4.853210449218750000e-01 -1.984040617942810059e+00 1.207031868398189545e-02 -6.165544986724853516e-01 -7.872197628021240234e-01 1.210826873779296875e+00 0.000000000000000000e+00 0.000000000000000000e+00 0.000000000000000000e+00 1.000000000000000000e+00
7.773250341415405273e-01 5.011978149414062500e-01 -3.802196085453033447e-01 2.039076089859008789e-01 6.289828419685363770e-01 -6.075237989425659180e-01 4.850729107856750488e-01 -1.985312461853027344e+00 1.212502270936965942e-02 -6.162108778953552246e-01 -7.874878644943237305e-01 1.210963606834411621e+00 0.000000000000000000e+00 0.000000000000000000e+00 0.000000000000000000e+00 1.000000000000000000e+00
7.773078680038452148e-01 5.014037489891052246e-01 -3.799830973148345947e-01 2.003588080406188965e-01 6.290029883384704590e-01 -6.076993346214294434e-01 4.848267436027526855e-01 -1.986584186553955078e+00 1.217848248779773712e-02 -6.158699393272399902e-01 -7.877537012100219727e-01 1.211100220680236816e+00 0.000000000000000000e+00 0.000000000000000000e+00 0.000000000000000000e+00 1.000000000000000000e+00
7.772909402847290039e-01 5.016073584556579590e-01 -3.797488212585449219e-01 1.968092322349548340e-01 6.290228366851806641e-01 -6.078737378120422363e-01 4.845823645591735840e-01 -1.987856149673461914e+00 1.223072037100791931e-02 -6.155321002006530762e-01 -7.880168557167053223e-01 1.211237072944641113e+00 0.000000000000000000e+00 0.000000000000000000e+00 0.000000000000000000e+00 1.000000000000000000e+00
7.772745490074157715e-01 5.018084049224853516e-01 -3.795168101787567139e-01 1.932599842548370361e-01 6.290420889854431152e-01 -6.080470681190490723e-01 4.843398928642272949e-01 -1.989127993583679199e+00 1.228172797709703445e-02 -6.151970028877258301e-01 -7.882778048515319824e-01 1.211373805999755859e+00 0.000000000000000000e+00 0.000000000000000000e+00 0.000000000000000000e+00 1.000000000000000000e+00
7.772585153579711914e-01 5.020069479942321777e-01 -3.792869746685028076e-01 1.897107958793640137e-01 6.290609836578369141e-01 -6.082191467285156250e-01 4.840992391109466553e-01 -1.990399837493896484e+00 1.233155187219381332e-02 -6.148647665977478027e-01 -7.885361909866333008e-01 1.211510539054870605e+00 0.000000000000000000e+00 0.000000000000000000e+00 0.000000000000000000e+00 1.000000000000000000e+00
7.772428393363952637e-01 5.022029876708984375e-01 -3.790594339370727539e-01 1.861611902713775635e-01 6.290794610977172852e-01 -6.083900928497314453e-01 4.838604331016540527e-01 -1.991671919822692871e+00 1.238017808645963669e-02 -6.145353317260742188e-01 -7.887921333312988281e-01 1.211647272109985352e+00 0.000000000000000000e+00 0.000000000000000000e+00 0.000000000000000000e+00 1.000000000000000000e+00
7.772275209426879883e-01 5.023966431617736816e-01 -3.788341581821441650e-01 1.826119720935821533e-01 6.290973424911499023e-01 -6.085597872734069824e-01 4.836236536502838135e-01 -1.992943763732910156e+00 1.242763642221689224e-02 -6.142090559005737305e-01 -7.890455126762390137e-01 1.211784005165100098e+00 0.000000000000000000e+00 0.000000000000000000e+00 0.000000000000000000e+00 1.000000000000000000e+00
7.772125601768493652e-01 5.025878548622131348e-01 -3.786111772060394287e-01 1.790632009506225586e-01 6.291149258613586426e-01 -6.087282896041870117e-01 4.833886325359344482e-01 -1.994215488433837891e+00 1.247394457459449768e-02 -6.138857007026672363e-01 -7.892963886260986328e-01 1.211920738220214844e+00 0.000000000000000000e+00 0.000000000000000000e+00 0.000000000000000000e+00 1.000000000000000000e+00
7.771980762481689453e-01 5.027765035629272461e-01 -3.783904612064361572e-01 1.755135953426361084e-01 6.291319727897644043e-01 -6.088955998420715332e-01 4.831558167934417725e-01 -1.995487451553344727e+00 1.251910254359245300e-02 -6.135651469230651855e-01 -7.895448803901672363e-01 1.212057471275329590e+00 0.000000000000000000e+00 0.000000000000000000e+00 0.000000000000000000e+00 1.000000000000000000e+00
7.771838903427124023e-01 5.029626488685607910e-01 -3.781721293926239014e-01 1.719643771648406982e-01 6.291486620903015137e-01 -6.090614199638366699e-01 4.829249083995819092e-01 -1.996759414672851562e+00 1.256313268095254898e-02 -6.132476925849914551e-01 -7.897908091545104980e-01 1.212194204330444336e+00 0.000000000000000000e+00 0.000000000000000000e+00 0.000000000000000000e+00 1.000000000000000000e+00
7.771699428558349609e-01 5.031464695930480957e-01 -3.779560923576354980e-01 1.684151589870452881e-01 6.291648745536804199e-01 -6.092261075973510742e-01 4.826959967613220215e-01 -1.998031258583068848e+00 1.260604895651340485e-02 -6.129333972930908203e-01 -7.900340557098388672e-01 1.212330937385559082e+00 0.000000000000000000e+00 0.000000000000000000e+00 0.000000000000000000e+00 1.000000000000000000e+00
7.771564722061157227e-01 5.033277273178100586e-01 -3.777424097061157227e-01 1.648655533790588379e-01 6.291807293891906738e-01 -6.093894839286804199e-01 4.824691712856292725e-01 -1.999303340911865234e+00 1.264786813408136368e-02 -6.126221418380737305e-01 -7.902747988700866699e-01 1.212467670440673828e+00 0.000000000000000000e+00 0.000000000000000000e+00 0.000000000000000000e+00 1.000000000000000000e+00
7.771433591842651367e-01 5.035066008567810059e-01 -3.775310218334197998e-01 1.613167524337768555e-01 6.291961073875427246e-01 -6.095514893531799316e-01 4.822443127632141113e-01 -2.000575065612792969e+00 1.268859300762414932e-02 -6.123139262199401855e-01 -7.905129790306091309e-01 1.212604403495788574e+00 0.000000000000000000e+00 0.000000000000000000e+00 0.000000000000000000e+00 1.000000000000000000e+00
7.771306037902832031e-01 5.036829113960266113e-01 -3.773220479488372803e-01 1.577675640583038330e-01 6.292111277580261230e-01 -6.097121834754943848e-01 4.820216596126556396e-01 -2.001846790313720703e+00 1.272825337946414948e-02 -6.120088696479797363e-01 -7.907484769821166992e-01 1.212741136550903320e+00 0.000000000000000000e+00 0.000000000000000000e+00 0.000000000000000000e+00 1.000000000000000000e+00
7.771182060241699219e-01 5.038567781448364258e-01 -3.771153390407562256e-01 1.541977524757385254e-01 6.292256712913513184e-01 -6.098713278770446777e-01 4.818010032176971436e-01 -2.003056287765502930e+00 1.276685111224651337e-02 -6.117068529129028320e-01 -7.909814715385437012e-01 1.212875723838806152e+00 0.000000000000000000e+00 0.000000000000000000e+00 0.000000000000000000e+00 1.000000000000000000e+00
7.771059870719909668e-01 5.040283203125000000e-01 -3.769112229347229004e-01 1.505729556083679199e-01 6.292398571968078613e-01 -6.100292801856994629e-01 4.815826117992401123e-01 -2.004094362258911133e+00 1.280440948903560638e-02 -6.114081740379333496e-01 -7.912118434906005859e-01 1.213004350662231445e+00 0.000000000000000000e+00 0.000000000000000000e+00 0.000000000000000000e+00 1.000000000000000000e+00
7.770941853523254395e-01 5.041973590850830078e-01 -3.767093420028686523e-01 1.469480991363525391e-01 6.292536854743957520e-01 -6.101857423782348633e-01 4.813662767410278320e-01 -2.005132198333740234e+00 1.284093782305717468e-02 -6.111125946044921875e-01 -7.914395928382873535e-01 1.213133096694946289e+00 0.000000000000000000e+00 0.000000000000000000e+00 0.000000000000000000e+00 1.000000000000000000e+00
7.770827412605285645e-01 5.043639540672302246e-01 -3.765099644660949707e-01 1.433233320713043213e-01 6.292671561241149902e-01 -6.103407144546508789e-01 4.811522066593170166e-01 -2.006170272827148438e+00 1.287645939737558365e-02 -6.108202934265136719e-01 -7.916646003723144531e-01 1.213261723518371582e+00 0.000000000000000000e+00 0.000000000000000000e+00 0.000000000000000000e+00 1.000000000000000000e+00
7.770715355873107910e-01 5.045281648635864258e-01 -3.763129711151123047e-01 1.396985352039337158e-01 6.292802691459655762e-01 -6.104942560195922852e-01 4.809401929378509521e-01 -2.007208347320556641e+00 1.291096583008766174e-02 -6.105312108993530273e-01 -7.918869256973266602e-01 1.213390469551086426e+00 0.000000000000000000e+00 0.000000000000000000e+00 0.000000000000000000e+00 1.000000000000000000e+00
7.770607471466064453e-01 5.046898722648620605e-01 -3.761184513568878174e-01 1.360733211040496826e-01 6.292929053306579590e-01 -6.106463074684143066e-01 4.807305634021759033e-01 -2.008246421813964844e+00 1.294449903070926666e-02 -6.102454066276550293e-01 -7.921067476272583008e-01 1.213519096374511719e+00 0.000000000000000000e+00 0.000000000000000000e+00 0.000000000000000000e+00 1.000000000000000000e+00
7.770501971244812012e-01 5.048490762710571289e-01 -3.759263455867767334e-01 1.324485242366790771e-01 6.293051242828369141e-01 -6.107969284057617188e-01 4.805231690406799316e-01 -2.009284257888793945e+00 1.297705154865980148e-02 -6.099629402160644531e-01 -7.923237085342407227e-01 1.213647842407226562e+00 0.000000000000000000e+00 0.000000000000000000e+00 0.000000000000000000e+00 1.000000000000000000e+00
7.770401239395141602e-01 5.050058960914611816e-01 -3.757367134094238281e-01 1.288237273693084717e-01 6.293171048164367676e-01 -6.109458804130554199e-01 4.803179800510406494e-01 -2.010322332382202148e+00 1.300865039229393005e-02 -6.096836924552917480e-01 -7.925380468368530273e-01 1.213776469230651855e+00 0.000000000000000000e+00 0.000000000000000000e+00 0.000000000000000000e+00 1.000000000000000000e+00
7.770301699638366699e-01 5.051603913307189941e-01 -3.755495548248291016e-01 1.251989156007766724e-01 6.293286681175231934e-01 -6.110934019088745117e-01 4.801151752471923828e-01 -2.011360168457031250e+00 1.303928997367620468e-02 -6.094079613685607910e-01 -7.927496433258056641e-01 1.213905215263366699e+00 0.000000000000000000e+00 0.000000000000000000e+00 0.000000000000000000e+00 1.000000000000000000e+00
7.770205736160278320e-01 5.053123831748962402e-01 -3.753648698329925537e-01 1.215741187334060669e-01 6.293399930000305176e-01 -6.112393140792846680e-01 4.799146056175231934e-01 -2.012398242950439453e+00 1.306901499629020691e-02 -6.091355085372924805e-01 -7.929584980010986328e-01 1.214033842086791992e+00 0.000000000000000000e+00 0.000000000000000000e+00 0.000000000000000000e+00 1.000000000000000000e+00
7.770112752914428711e-01 5.054619312286376953e-01 -3.751826882362365723e-01 1.179493218660354614e-01 6.293507814407348633e-01 -6.113836765289306641e-01 4.797164499759674072e-01 -2.013436317443847656e+00 1.309783197939395905e-02 -6.088665127754211426e-01 -7.931646108627319336e-01 1.214162588119506836e+00 0.000000000000000000e+00 0.000000000000000000e+00 0.000000000000000000e+00 1.000000000000000000e+00
7.770022749900817871e-01 5.056090354919433594e-01 -3.750030398368835449e-01 1.143241077661514282e-01 6.293614506721496582e-01 -6.115263104438781738e-01 4.795206487178802490e-01 -2.014474391937255859e+00 1.312574557960033417e-02 -6.086008548736572266e-01 -7.933679223060607910e-01 1.214291214942932129e+00 0.000000000000000000e+00 0.000000000000000000e+00 0.000000000000000000e+00 1.000000000000000000e+00
7.769935131072998047e-01 5.057538151741027832e-01 -3.748259246349334717e-01 1.106992959976196289e-01 6.293715834617614746e-01 -6.116675138473510742e-01 4.793272316455841064e-01 -2.015512228012084961e+00 1.315275952219963074e-02 -6.083388924598693848e-01 -7.935685515403747559e-01 1.214419960975646973e+00 0.000000000000000000e+00 0.000000000000000000e+00 0.000000000000000000e+00 1.000000000000000000e+00
7.769850492477416992e-01 5.058962106704711914e-01 -3.746513426303863525e-01 1.070744991302490234e-01 6.293814778327941895e-01 -6.118069291114807129e-01 4.791361987590789795e-01 -2.016550302505493164e+00 1.317891944199800491e-02 -6.080802083015441895e-01 -7.937662601470947266e-01 1.214548587799072266e+00 0.000000000000000000e+00 0.000000000000000000e+00 0.000000000000000000e+00 1.000000000000000000e+00
7.769769430160522461e-01 5.060360431671142578e-01 -3.744792640209197998e-01 1.034497022628784180e-01 6.293910145759582520e-01 -6.119447350502014160e-01 4.789477586746215820e-01 -2.017588138580322266e+00 1.320422347635030746e-02 -6.078251004219055176e-01 -7.939611673355102539e-01 1.214677333831787109e+00 0.000000000000000000e+00 0.000000000000000000e+00 0.000000000000000000e+00 1.000000000000000000e+00
7.769690155982971191e-01 5.061735510826110840e-01 -3.743097484111785889e-01 9.982490539550781250e-02 6.294001936912536621e-01 -6.120808720588684082e-01 4.787616431713104248e-01 -2.018626213073730469e+00 1.322867535054683685e-02 -6.075735688209533691e-01 -7.941533327102661133e-01 1.214805960655212402e+00 0.000000000000000000e+00 0.000000000000000000e+00 0.000000000000000000e+00 1.000000000000000000e+00
7.769614458084106445e-01 5.063087344169616699e-01 -3.741428554058074951e-01 9.615097939968109131e-02 6.294091939926147461e-01 -6.122152209281921387e-01 4.785780310630798340e-01 -2.019470214843750000e+00 1.325229741632938385e-02 -6.073255538940429688e-01 -7.943426370620727539e-01 1.214927673339843750e+00 0.000000000000000000e+00 0.000000000000000000e+00 0.000000000000000000e+00 1.000000000000000000e+00
7.769540548324584961e-01 5.064412951469421387e-01 -3.739784955978393555e-01 9.246638417243957520e-02 6.294177174568176270e-01 -6.123478412628173828e-01 4.783970415592193604e-01 -2.020273685455322266e+00 1.327510550618171692e-02 -6.070811152458190918e-01 -7.945290207862854004e-01 1.215047955513000488e+00 0.000000000000000000e+00 0.000000000000000000e+00 0.000000000000000000e+00 1.000000000000000000e+00
7.769469022750854492e-01 5.065717101097106934e-01 -3.738167583942413330e-01 8.878223598003387451e-02 6.294261217117309570e-01 -6.124787330627441406e-01 4.782184660434722900e-01 -2.021077394485473633e+00 1.329712010920047760e-02 -6.068402528762817383e-01 -7.947126030921936035e-01 1.215168237686157227e+00 0.000000000000000000e+00 0.000000000000000000e+00 0.000000000000000000e+00 1.000000000000000000e+00
7.769401073455810547e-01 5.066995620727539062e-01 -3.736577332019805908e-01 8.509850502014160156e-02 6.294341683387756348e-01 -6.126077771186828613e-01 4.780425131320953369e-01 -2.021881103515625000e+00 1.331833377480506897e-02 -6.066032052040100098e-01 -7.948932647705078125e-01 1.215288400650024414e+00 0.000000000000000000e+00 0.000000000000000000e+00 0.000000000000000000e+00 1.000000000000000000e+00
7.769334912300109863e-01 5.068250894546508789e-01 -3.735011518001556396e-01 8.141392469406127930e-02 6.294419169425964355e-01 -6.127351522445678711e-01 4.778691232204437256e-01 -2.022684574127197266e+00 1.333878468722105026e-02 -6.063696742057800293e-01 -7.950709462165832520e-01 1.215408682823181152e+00 0.000000000000000000e+00 0.000000000000000000e+00 0.000000000000000000e+00 1.000000000000000000e+00
7.769270539283752441e-01 5.069482326507568359e-01 -3.733473420143127441e-01 7.772977650165557861e-02 6.294493079185485840e-01 -6.128605604171752930e-01 4.776984453201293945e-01 -2.023488283157348633e+00 1.335848867893218994e-02 -6.061400175094604492e-01 -7.952458858489990234e-01 1.215528845787048340e+00 0.000000000000000000e+00 0.000000000000000000e+00 0.000000000000000000e+00 1.000000000000000000e+00
7.769209742546081543e-01 5.070689320564270020e-01 -3.731960952281951904e-01 7.404561340808868408e-02 6.294564604759216309e-01 -6.129842400550842285e-01 4.775302410125732422e-01 -2.024291992187500000e+00 1.337741687893867493e-02 -6.059138774871826172e-01 -7.954177856445312500e-01 1.215649127960205078e+00 0.000000000000000000e+00 0.000000000000000000e+00 0.000000000000000000e+00 1.000000000000000000e+00
7.769150733947753906e-01 5.071872472763061523e-01 -3.730475306510925293e-01 7.036103308200836182e-02 6.294633746147155762e-01 -6.131060719490051270e-01 4.773647785186767578e-01 -2.025095462799072266e+00 1.339563447982072830e-02 -6.056915521621704102e-01 -7.955868244171142578e-01 1.215769410133361816e+00 0.000000000000000000e+00 0.000000000000000000e+00 0.000000000000000000e+00 1.000000000000000000e+00
7.769094109535217285e-01 5.073031783103942871e-01 -3.729016482830047607e-01 6.667730212211608887e-02 6.294699311256408691e-01 -6.132259964942932129e-01 4.772020578384399414e-01 -2.025899171829223633e+00 1.341315638273954391e-02 -6.054731011390686035e-01 -7.957528233528137207e-01 1.215889573097229004e+00 0.000000000000000000e+00 0.000000000000000000e+00 0.000000000000000000e+00 1.000000000000000000e+00
7.769039273262023926e-01 5.074167847633361816e-01 -3.727584481239318848e-01 6.299313902854919434e-02 6.294763684272766113e-01 -6.133439540863037109e-01 4.770419895648956299e-01 -2.026702642440795898e+00 1.342995557934045792e-02 -6.052582859992980957e-01 -7.959159016609191895e-01 1.216009855270385742e+00 0.000000000000000000e+00 0.000000000000000000e+00 0.000000000000000000e+00 1.000000000000000000e+00
7.768986821174621582e-01 5.075278878211975098e-01 -3.726179003715515137e-01 5.930858850479125977e-02 6.294823884963989258e-01 -6.134600639343261719e-01 4.768846333026885986e-01 -2.027506351470947266e+00 1.344608329236507416e-02 -6.050472855567932129e-01 -7.960760593414306641e-01 1.216130137443542480e+00 0.000000000000000000e+00 0.000000000000000000e+00 0.000000000000000000e+00 1.000000000000000000e+00
7.768937349319458008e-01 5.076367259025573730e-01 -3.724800646305084229e-01 5.562442541122436523e-02 6.294882893562316895e-01 -6.135742068290710449e-01 4.767300784587860107e-01 -2.028310060501098633e+00 1.346153952181339264e-02 -6.048403382301330566e-01 -7.962329983711242676e-01 1.216250300407409668e+00 0.000000000000000000e+00 0.000000000000000000e+00 0.000000000000000000e+00 1.000000000000000000e+00
7.768889069557189941e-01 5.077431201934814453e-01 -3.723450005054473877e-01 5.194027721881866455e-02 6.294938325881958008e-01 -6.136863231658935547e-01 4.765782654285430908e-01 -2.029113769531250000e+00 1.347632426768541336e-02 -6.046370863914489746e-01 -7.963870763778686523e-01 1.216370582580566406e+00 0.000000000000000000e+00 0.000000000000000000e+00 0.000000000000000000e+00 1.000000000000000000e+00
7.768843770027160645e-01 5.078471899032592773e-01 -3.722126185894012451e-01 4.825569689273834229e-02 6.294991970062255859e-01 -6.137964725494384766e-01 4.764293134212493896e-01 -2.029917240142822266e+00 1.349048316478729248e-02 -6.044378280639648438e-01 -7.965381145477294922e-01 1.216490745544433594e+00 0.000000000000000000e+00 0.000000000000000000e+00 0.000000000000000000e+00 1.000000000000000000e+00
7.768799662590026855e-01 5.079489350318908691e-01 -3.720829784870147705e-01 4.457196593284606934e-02 6.295043826103210449e-01 -6.139047741889953613e-01 4.762831628322601318e-01 -2.030720949172973633e+00 1.350400410592556000e-02 -6.042425632476806641e-01 -7.966860532760620117e-01 1.216611027717590332e+00 0.000000000000000000e+00 0.000000000000000000e+00 0.000000000000000000e+00 1.000000000000000000e+00
7.768757939338684082e-01 5.080481767654418945e-01 -3.719560801982879639e-01 4.085907340049743652e-02 6.295092105865478516e-01 -6.140108704566955566e-01 4.761398434638977051e-01 -2.031370401382446289e+00 1.351690851151943207e-02 -6.040512323379516602e-01 -7.968308925628662109e-01 1.216725468635559082e+00 0.000000000000000000e+00 0.000000000000000000e+00 0.000000000000000000e+00 1.000000000000000000e+00
7.768718600273132324e-01 5.081450939178466797e-01 -3.718319833278656006e-01 3.713099658489227295e-02 6.295137405395507812e-01 -6.141149997711181641e-01 4.759994745254516602e-01 -2.031940937042236328e+00 1.352921221405267715e-02 -6.038638353347778320e-01 -7.969727516174316406e-01 1.216836929321289062e+00 0.000000000000000000e+00 0.000000000000000000e+00 0.000000000000000000e+00 1.000000000000000000e+00
7.768680453300476074e-01 5.082396864891052246e-01 -3.717105686664581299e-01 3.340333700180053711e-02 6.295182704925537109e-01 -6.142170429229736328e-01 4.758618175983428955e-01 -2.032511234283447266e+00 1.354093849658966064e-02 -6.036803126335144043e-01 -7.971113920211791992e-01 1.216948390007019043e+00 0.000000000000000000e+00 0.000000000000000000e+00 0.000000000000000000e+00 1.000000000000000000e+00
7.768644690513610840e-01 5.083318352699279785e-01 -3.715919852256774902e-01 2.967566251754760742e-02 6.295223832130432129e-01 -6.143169403076171875e-01 4.757272601127624512e-01 -2.033081293106079102e+00 1.355208270251750946e-02 -6.035009622573852539e-01 -7.972470521926879883e-01 1.217059850692749023e+00 0.000000000000000000e+00 0.000000000000000000e+00 0.000000000000000000e+00 1.000000000000000000e+00
7.768610119819641113e-01 5.084217786788940430e-01 -3.714762628078460693e-01 2.594798803329467773e-02 6.295264959335327148e-01 -6.144148111343383789e-01 4.755956530570983887e-01 -2.033651590347290039e+00 1.356267370283603668e-02 -6.033257842063903809e-01 -7.973796129226684570e-01 1.217171311378479004e+00 0.000000000000000000e+00 0.000000000000000000e+00 0.000000000000000000e+00 1.000000000000000000e+00
7.768578529357910156e-01 5.085092186927795410e-01 -3.713632524013519287e-01 2.222035825252532959e-02 6.295301914215087891e-01 -6.145105361938476562e-01 4.754669070243835449e-01 -2.034222126007080078e+00 1.357271522283554077e-02 -6.031545400619506836e-01 -7.975088357925415039e-01 1.217282772064208984e+00 0.000000000000000000e+00 0.000000000000000000e+00 0.000000000000000000e+00 1.000000000000000000e+00
7.768547534942626953e-01 5.085943937301635742e-01 -3.712531626224517822e-01 1.849268376827239990e-02 6.295338273048400879e-01 -6.146039962768554688e-01 4.753413498401641846e-01 -2.034792423248291016e+00 1.358223613351583481e-02 -6.029875278472900391e-01 -7.976350784301757812e-01 1.217394232749938965e+00 0.000000000000000000e+00 0.000000000000000000e+00 0.000000000000000000e+00 1.000000000000000000e+00
7.768518924713134766e-01 5.086771249771118164e-01 -3.711457550525665283e-01 1.476460695266723633e-02 6.295372247695922852e-01 -6.146954298019409180e-01 4.752186536788940430e-01 -2.035362720489501953e+00 1.359123922884464264e-02 -6.028244495391845703e-01 -7.977582216262817383e-01 1.217505693435668945e+00 0.000000000000000000e+00 0.000000000000000000e+00 0.000000000000000000e+00 1.000000000000000000e+00
7.768490314483642578e-01 5.087575912475585938e-01 -3.710413277149200439e-01 1.103693246841430664e-02 6.295404434204101562e-01 -6.147845387458801270e-01 4.750990271568298340e-01 -2.035933017730712891e+00 1.359975151717662811e-02 -6.026657223701477051e-01 -7.978779077529907227e-01 1.217617154121398926e+00 0.000000000000000000e+00 0.000000000000000000e+00 0.000000000000000000e+00 1.000000000000000000e+00
7.768465280532836914e-01 5.088356137275695801e-01 -3.709397315979003906e-01 7.309287786483764648e-03 6.295434236526489258e-01 -6.148715615272521973e-01 4.749825298786163330e-01 -2.036503314971923828e+00 1.360775995999574661e-02 -6.025110483169555664e-01 -7.979946136474609375e-01 1.217728614807128906e+00 0.000000000000000000e+00 0.000000000000000000e+00 0.000000000000000000e+00 1.000000000000000000e+00
7.768440842628479004e-01 5.089113116264343262e-01 -3.708409368991851807e-01 3.581598401069641113e-03 6.295462846755981445e-01 -6.149562001228332520e-01 4.748691022396087646e-01 -2.037073612213134766e+00 1.361532416194677353e-02 -6.023606657981872559e-01 -7.981080412864685059e-01 1.217840075492858887e+00 0.000000000000000000e+00 0.000000000000000000e+00 0.000000000000000000e+00 1.000000000000000000e+00
7.768417596817016602e-01 5.089846253395080566e-01 -3.707450032234191895e-01 -1.460537314414978027e-04 6.295489072799682617e-01 -6.150386929512023926e-01 4.747588038444519043e-01 -2.037643909454345703e+00 1.362240593880414963e-02 -6.022145152091979980e-01 -7.982182502746582031e-01 1.217951536178588867e+00 0.000000000000000000e+00 0.000000000000000000e+00 0.000000000000000000e+00 1.000000000000000000e+00
7.768395543098449707e-01 5.090557336807250977e-01 -3.706520497798919678e-01 -3.873705863952636719e-03 6.295515298843383789e-01 -6.151188611984252930e-01 4.746515750885009766e-01 -2.038214206695556641e+00 1.362904720008373260e-02 -6.020725965499877930e-01 -7.983251214027404785e-01 1.218062996864318848e+00 0.000000000000000000e+00 0.000000000000000000e+00 0.000000000000000000e+00 1.000000000000000000e+00
7.768374681472778320e-01 5.091243982315063477e-01 -3.705618977546691895e-01 -7.601790130138397217e-03 6.295537948608398438e-01 -6.151966452598571777e-01 4.745475053787231445e-01 -2.038784742355346680e+00 1.363527029752731323e-02 -6.019349694252014160e-01 -7.984287738800048828e-01 1.218174457550048828e+00 0.000000000000000000e+00 0.000000000000000000e+00 0.000000000000000000e+00 1.000000000000000000e+00
7.768357396125793457e-01 5.091907382011413574e-01 -3.704746067523956299e-01 -1.132903248071670532e-02 6.295560002326965332e-01 -6.152722239494323730e-01 4.744466245174407959e-01 -2.039355039596557617e+00 1.364108640700578690e-02 -6.018015146255493164e-01 -7.985291481018066406e-01 1.218285918235778809e+00 0.000000000000000000e+00 0.000000000000000000e+00 0.000000000000000000e+00 1.000000000000000000e+00
7.768338918685913086e-01 5.092546939849853516e-01 -3.703904449939727783e-01 -1.507943123579025269e-02 6.295579671859741211e-01 -6.153454184532165527e-01 4.743490815162658691e-01 -2.039743423461914062e+00 1.364647876471281052e-02 -6.016727089881896973e-01 -7.986262440681457520e-01 1.218390226364135742e+00 0.000000000000000000e+00 0.000000000000000000e+00 0.000000000000000000e+00 1.000000000000000000e+00
7.768322825431823730e-01 5.093163251876831055e-01 -3.703089952468872070e-01 -1.883541792631149292e-02 6.295599341392517090e-01 -6.154161095619201660e-01 4.742546677589416504e-01 -2.040082931518554688e+00 1.365150883793830872e-02 -6.015478968620300293e-01 -7.987201213836669922e-01 1.218492746353149414e+00 0.000000000000000000e+00 0.000000000000000000e+00 0.000000000000000000e+00 1.000000000000000000e+00
7.768307924270629883e-01 5.093756914138793945e-01 -3.702305853366851807e-01 -2.259140461683273315e-02 6.295617222785949707e-01 -6.154845952987670898e-01 4.741635918617248535e-01 -2.040422439575195312e+00 1.365615334361791611e-02 -6.014277338981628418e-01 -7.988105416297912598e-01 1.218595147132873535e+00 0.000000000000000000e+00 0.000000000000000000e+00 0.000000000000000000e+00 1.000000000000000000e+00
7.768293023109436035e-01 5.094326734542846680e-01 -3.701550662517547607e-01 -2.634737640619277954e-02 6.295632719993591309e-01 -6.155505776405334473e-01 4.740756452083587646e-01 -2.040761947631835938e+00 1.366044022142887115e-02 -6.013119220733642578e-01 -7.988975644111633301e-01 1.218697547912597656e+00 0.000000000000000000e+00 0.000000000000000000e+00 0.000000000000000000e+00 1.000000000000000000e+00
7.768281102180480957e-01 5.094872713088989258e-01 -3.700826466083526611e-01 -3.010379523038864136e-02 6.295648217201232910e-01 -6.156141757965087891e-01 4.739911854267120361e-01 -2.041101694107055664e+00 1.366436667740345001e-02 -6.012006402015686035e-01 -7.989813685417175293e-01 1.218799948692321777e+00 0.000000000000000000e+00 0.000000000000000000e+00 0.000000000000000000e+00 1.000000000000000000e+00
7.768269181251525879e-01 5.095396041870117188e-01 -3.700130581855773926e-01 -3.385935723781585693e-02 6.295661926269531250e-01 -6.156752705574035645e-01 4.739100039005279541e-01 -2.041440963745117188e+00 1.366798859089612961e-02 -6.010936498641967773e-01 -7.990617752075195312e-01 1.218902468681335449e+00 0.000000000000000000e+00 0.000000000000000000e+00 0.000000000000000000e+00 1.000000000000000000e+00
7.768259048461914062e-01 5.095894336700439453e-01 -3.699464797973632812e-01 -3.761576861143112183e-02 6.295674443244934082e-01 -6.157338619232177734e-01 4.738321602344512939e-01 -2.041780710220336914e+00 1.367128826677799225e-02 -6.009911298751831055e-01 -7.991387248039245605e-01 1.219004869461059570e+00 0.000000000000000000e+00 0.000000000000000000e+00 0.000000000000000000e+00 1.000000000000000000e+00
7.768250107765197754e-01 5.096371173858642578e-01 -3.698829412460327148e-01 -4.137174785137176514e-02 6.295685172080993652e-01 -6.157900691032409668e-01 4.737577438354492188e-01 -2.042119979858398438e+00 1.367430575191974640e-02 -6.008933782577514648e-01 -7.992122769355773926e-01 1.219107270240783691e+00 0.000000000000000000e+00 0.000000000000000000e+00 0.000000000000000000e+00 1.000000000000000000e+00
7.768239974975585938e-01 5.096824765205383301e-01 -3.698223531246185303e-01 -4.512774199247360229e-02 6.295696496963500977e-01 -6.158437132835388184e-01 4.736866056919097900e-01 -2.042459726333618164e+00 1.367701403796672821e-02 -6.008000373840332031e-01 -7.992824316024780273e-01 1.219209671020507812e+00 0.000000000000000000e+00 0.000000000000000000e+00 0.000000000000000000e+00 1.000000000000000000e+00
7.768232822418212891e-01 5.097254514694213867e-01 -3.697648048400878906e-01 -4.888372868299484253e-02 6.295706033706665039e-01 -6.158946752548217773e-01 4.736190140247344971e-01 -2.042798995971679688e+00 1.367946248501539230e-02 -6.007112264633178711e-01 -7.993491291999816895e-01 1.219312191009521484e+00 0.000000000000000000e+00 0.000000000000000000e+00 0.000000000000000000e+00 1.000000000000000000e+00
7.768225669860839844e-01 5.097661018371582031e-01 -3.697102069854736328e-01 -5.263970792293548584e-02 6.295713782310485840e-01 -6.159432530403137207e-01 4.735547900199890137e-01 -2.043138742446899414e+00 1.368165202438831329e-02 -6.006268858909606934e-01 -7.994124293327331543e-01 1.219414591789245605e+00 0.000000000000000000e+00 0.000000000000000000e+00 0.000000000000000000e+00 1.000000000000000000e+00
7.768218517303466797e-01 5.098043680191040039e-01 -3.696587383747100830e-01 -5.639568716287612915e-02 6.295720338821411133e-01 -6.159891486167907715e-01 4.734941124916076660e-01 -2.043478012084960938e+00 1.368360593914985657e-02 -6.005473732948303223e-01 -7.994721531867980957e-01 1.219516992568969727e+00 0.000000000000000000e+00 0.000000000000000000e+00 0.000000000000000000e+00 1.000000000000000000e+00
7.768214344978332520e-01 5.098403692245483398e-01 -3.696102201938629150e-01 -6.015210971236228943e-02 6.295726895332336426e-01 -6.160324215888977051e-01 4.734368920326232910e-01 -2.043817758560180664e+00 1.368532422930002213e-02 -6.004723310470581055e-01 -7.995283603668212891e-01 1.219619393348693848e+00 0.000000000000000000e+00 0.000000000000000000e+00 0.000000000000000000e+00 1.000000000000000000e+00
7.768207192420959473e-01 5.098739862442016602e-01 -3.695648610591888428e-01 -6.390809267759323120e-02 6.295731663703918457e-01 -6.160731315612792969e-01 4.733832478523254395e-01 -2.044157266616821289e+00 1.368682272732257843e-02 -6.004021167755126953e-01 -7.995811104774475098e-01 1.219721913337707520e+00 0.000000000000000000e+00 0.000000000000000000e+00 0.000000000000000000e+00 1.000000000000000000e+00
7.768204212188720703e-01 5.099053978919982910e-01 -3.695224821567535400e-01 -6.766724586486816406e-02 6.295738220214843750e-01 -6.161111593246459961e-01 4.733330607414245605e-01 -2.044444799423217773e+00 1.368812937289476395e-02 -6.003363728523254395e-01 -7.996305227279663086e-01 1.219822168350219727e+00 0.000000000000000000e+00 0.000000000000000000e+00 0.000000000000000000e+00 1.000000000000000000e+00
7.768200635910034180e-01 5.099342465400695801e-01 -3.694832623004913330e-01 -7.143709808588027954e-02 6.295741796493530273e-01 -6.161464452743530273e-01 4.732865691184997559e-01 -2.044557094573974609e+00 1.368923485279083252e-02 -6.002754569053649902e-01 -7.996762394905090332e-01 1.219915390014648438e+00 0.000000000000000000e+00 0.000000000000000000e+00 0.000000000000000000e+00 1.000000000000000000e+00
7.768198251724243164e-01 5.099610090255737305e-01 -3.694470524787902832e-01 -7.520694285631179810e-02 6.295745372772216797e-01 -6.161792278289794922e-01 4.732435941696166992e-01 -2.044669628143310547e+00 1.369018293917179108e-02 -6.002193093299865723e-01 -7.997183203697204590e-01 1.220008611679077148e+00 0.000000000000000000e+00 0.000000000000000000e+00 0.000000000000000000e+00 1.000000000000000000e+00
7.768195867538452148e-01 5.099853277206420898e-01 -3.694139122962951660e-01 -7.897679507732391357e-02 6.295748353004455566e-01 -6.162090301513671875e-01 4.732041358947753906e-01 -2.044782161712646484e+00 1.369098387658596039e-02 -6.001677513122558594e-01 -7.997569441795349121e-01 1.220101833343505859e+00 0.000000000000000000e+00 0.000000000000000000e+00 0.000000000000000000e+00 1.000000000000000000e+00
7.768192887306213379e-01 5.100074410438537598e-01 -3.693840205669403076e-01 -8.274707198143005371e-02 6.295751333236694336e-01 -6.162362098693847656e-01 4.731684923171997070e-01 -2.044894456863403320e+00 1.369161996990442276e-02 -6.001212596893310547e-01 -7.997919321060180664e-01 1.220195055007934570e+00 0.000000000000000000e+00 0.000000000000000000e+00 0.000000000000000000e+00 1.000000000000000000e+00
7.768191695213317871e-01 5.100271105766296387e-01 -3.693570792675018311e-01 -8.651691675186157227e-02 6.295753121376037598e-01 -6.162607073783874512e-01 4.731363654136657715e-01 -2.045006990432739258e+00 1.369214151054620743e-02 -6.000794768333435059e-01 -7.998232245445251465e-01 1.220288276672363281e+00 0.000000000000000000e+00 0.000000000000000000e+00 0.000000000000000000e+00 1.000000000000000000e+00
7.768191099166870117e-01 5.100445151329040527e-01 -3.693333566188812256e-01 -9.028676152229309082e-02 6.295754313468933105e-01 -6.162824034690856934e-01 4.731080532073974609e-01 -2.045119285583496094e+00 1.369252987205982208e-02 -6.000424623489379883e-01 -7.998510599136352539e-01 1.220381498336791992e+00 0.000000000000000000e+00 0.000000000000000000e+00 0.000000000000000000e+00 1.000000000000000000e+00
7.768189907073974609e-01 5.100595951080322266e-01 -3.693127930164337158e-01 -9.405660629272460938e-02 6.295755505561828613e-01 -6.163011193275451660e-01 4.730833172798156738e-01 -2.045231819152832031e+00 1.369283534586429596e-02 -6.000103354454040527e-01 -7.998751401901245117e-01 1.220474720001220703e+00 0.000000000000000000e+00 0.000000000000000000e+00 0.000000000000000000e+00 1.000000000000000000e+00
7.768188118934631348e-01 5.100723505020141602e-01 -3.692952692508697510e-01 -9.782645106315612793e-02 6.295756697654724121e-01 -6.163170933723449707e-01 4.730623960494995117e-01 -2.045344352722167969e+00 1.369305327534675598e-02 -5.999830365180969238e-01 -7.998955249786376953e-01 1.220567941665649414e+00 0.000000000000000000e+00 0.000000000000000000e+00 0.000000000000000000e+00 1.000000000000000000e+00
7.768188118934631348e-01 5.100828409194946289e-01 -3.692809641361236572e-01 -1.015963032841682434e-01 6.295757293701171875e-01 -6.163302659988403320e-01 4.730452001094818115e-01 -2.045456886291503906e+00 1.369320228695869446e-02 -5.999606251716613770e-01 -7.999123930931091309e-01 1.220661163330078125e+00 0.000000000000000000e+00 0.000000000000000000e+00 0.000000000000000000e+00 1.000000000000000000e+00
7.768188118934631348e-01 5.100908279418945312e-01 -3.692697882652282715e-01 -1.053665801882743835e-01 6.295756697654724121e-01 -6.163404583930969238e-01 4.730318188667297363e-01 -2.045569181442260742e+00 1.369329262524843216e-02 -5.999431014060974121e-01 -7.999254465103149414e-01 1.220754384994506836e+00 0.000000000000000000e+00 0.000000000000000000e+00 0.000000000000000000e+00 1.000000000000000000e+00
7.768187522888183594e-01 5.100966691970825195e-01 -3.692617714405059814e-01 -1.091364249587059021e-01 6.295757293701171875e-01 -6.163477897644042969e-01 4.730221629142761230e-01 -2.045681715011596680e+00 1.369333267211914062e-02 -5.999306440353393555e-01 -7.999347448348999023e-01 1.220847606658935547e+00 0.000000000000000000e+00 0.000000000000000000e+00 0.000000000000000000e+00 1.000000000000000000e+00
7.768187522888183594e-01 5.101001858711242676e-01 -3.692570924758911133e-01 -1.129058450460433960e-01 6.295757293701171875e-01 -6.163522601127624512e-01 4.730164706707000732e-01 -2.045794010162353516e+00 1.369334850460290909e-02 -5.999233126640319824e-01 -7.999404072761535645e-01 1.220940828323364258e+00 0.000000000000000000e+00 0.000000000000000000e+00 0.000000000000000000e+00 1.000000000000000000e+00
7.768187522888183594e-01 5.101013183593750000e-01 -3.692554533481597900e-01 -1.166761219501495361e-01 6.295757293701171875e-01 -6.163537502288818359e-01 4.730145037174224854e-01 -2.045906543731689453e+00 1.369335688650608063e-02 -5.999207496643066406e-01 -7.999423146247863770e-01 1.221034049987792969e+00 0.000000000000000000e+00 0.000000000000000000e+00 0.000000000000000000e+00 1.000000000000000000e+00
